[2025-04-11 14:25:42] 启动后台定时执行模式，每5分钟执行一次
[2025-04-11 14:25:42] 开始新的迭代 - 2025-04-11 14:25:42
[2025-04-11 14:25:42] ================================================
[2025-04-11 14:25:42]       客服数据处理流程自动化脚本 v2.0 (后台定时版)
[2025-04-11 14:25:42] ================================================
[2025-04-11 14:25:42] 开始执行处理流程
[2025-04-11 14:25:42] === 步骤1: 从MySQL导出数据到TXT ===
[2025-04-11 14:25:42] 执行: python mysql_to_txt.py
开始从MySQL导出数据到文本文件...
连接尝试 1/3...
连接失败: 2003: Can't connect to MySQL server on 'localhost:13306' (61 Connection refused)
等待 5 秒后重试...
连接尝试 2/3...
连接失败: 2003: Can't connect to MySQL server on 'localhost:13306' (61 Connection refused)
等待 5 秒后重试...
连接尝试 3/3...
连接失败: 2003: Can't connect to MySQL server on 'localhost:13306' (61 Connection refused)
达到最大重试次数，放弃连接
Traceback (most recent call last):
  File "/Users/yangsan/Library/Python/3.7/lib/python/site-packages/mysql/connector/network.py", line 600, in open_connection
    self.sock.connect(sockaddr)
ConnectionRefusedError: [Errno 61] Connection refused

The above exception was the direct cause of the following exception:

Traceback (most recent call last):
  File "mysql_to_txt.py", line 215, in <module>
    main()
  File "mysql_to_txt.py", line 178, in main
    connection = connect_to_mysql_with_retry()
  File "mysql_to_txt.py", line 32, in connect_to_mysql_with_retry
    connection = mysql.connector.connect(**DB_CONFIG)
  File "/Users/yangsan/Library/Python/3.7/lib/python/site-packages/mysql/connector/pooling.py", line 294, in connect
    return MySQLConnection(*args, **kwargs)
  File "/Users/yangsan/Library/Python/3.7/lib/python/site-packages/mysql/connector/connection.py", line 164, in __init__
    self.connect(**kwargs)
  File "/Users/yangsan/Library/Python/3.7/lib/python/site-packages/mysql/connector/abstracts.py", line 1181, in connect
    self._open_connection()
  File "/Users/yangsan/Library/Python/3.7/lib/python/site-packages/mysql/connector/connection.py", line 570, in _open_connection
    self._socket.open_connection()
  File "/Users/yangsan/Library/Python/3.7/lib/python/site-packages/mysql/connector/network.py", line 609, in open_connection
    ) from err
mysql.connector.errors.InterfaceError: 2003: Can't connect to MySQL server on 'localhost:13306' (61 Connection refused)
[2025-04-11 14:25:54] ✗ MySQL数据导出失败，错误代码: 1
[2025-04-11 14:25:54] 本次执行完成，将在5分钟后再次执行
[2025-04-11 14:25:54] --------------------------------------------
[2025-04-11 14:30:54] 开始新的迭代 - 2025-04-11 14:30:54
[2025-04-11 14:30:54] ================================================
[2025-04-11 14:30:54]       客服数据处理流程自动化脚本 v2.0 (后台定时版)
[2025-04-11 14:30:54] ================================================
[2025-04-11 14:30:54] 开始执行处理流程
[2025-04-11 14:30:54] === 步骤1: 从MySQL导出数据到TXT ===
[2025-04-11 14:30:54] 执行: python mysql_to_txt.py
开始从MySQL导出数据到文本文件...
连接尝试 1/3...
连接失败: 2003: Can't connect to MySQL server on 'localhost:13306' (61 Connection refused)
等待 5 秒后重试...
连接尝试 2/3...
连接失败: 2003: Can't connect to MySQL server on 'localhost:13306' (61 Connection refused)
等待 5 秒后重试...
连接尝试 3/3...
连接失败: 2003: Can't connect to MySQL server on 'localhost:13306' (61 Connection refused)
达到最大重试次数，放弃连接
Traceback (most recent call last):
  File "/Users/yangsan/Library/Python/3.7/lib/python/site-packages/mysql/connector/network.py", line 600, in open_connection
    self.sock.connect(sockaddr)
ConnectionRefusedError: [Errno 61] Connection refused

The above exception was the direct cause of the following exception:

Traceback (most recent call last):
  File "mysql_to_txt.py", line 215, in <module>
    main()
  File "mysql_to_txt.py", line 178, in main
    connection = connect_to_mysql_with_retry()
  File "mysql_to_txt.py", line 32, in connect_to_mysql_with_retry
    connection = mysql.connector.connect(**DB_CONFIG)
  File "/Users/yangsan/Library/Python/3.7/lib/python/site-packages/mysql/connector/pooling.py", line 294, in connect
    return MySQLConnection(*args, **kwargs)
  File "/Users/yangsan/Library/Python/3.7/lib/python/site-packages/mysql/connector/connection.py", line 164, in __init__
    self.connect(**kwargs)
  File "/Users/yangsan/Library/Python/3.7/lib/python/site-packages/mysql/connector/abstracts.py", line 1181, in connect
    self._open_connection()
  File "/Users/yangsan/Library/Python/3.7/lib/python/site-packages/mysql/connector/connection.py", line 570, in _open_connection
    self._socket.open_connection()
  File "/Users/yangsan/Library/Python/3.7/lib/python/site-packages/mysql/connector/network.py", line 609, in open_connection
    ) from err
mysql.connector.errors.InterfaceError: 2003: Can't connect to MySQL server on 'localhost:13306' (61 Connection refused)
[2025-04-11 14:31:04] ✗ MySQL数据导出失败，错误代码: 1
[2025-04-11 14:31:04] 本次执行完成，将在5分钟后再次执行
[2025-04-11 14:31:04] --------------------------------------------
[2025-04-11 14:36:04] 开始新的迭代 - 2025-04-11 14:36:04
[2025-04-11 14:36:04] ================================================
[2025-04-11 14:36:04]       客服数据处理流程自动化脚本 v2.0 (后台定时版)
[2025-04-11 14:36:04] ================================================
[2025-04-11 14:36:04] 开始执行处理流程
[2025-04-11 14:36:04] === 步骤1: 从MySQL导出数据到TXT ===
[2025-04-11 14:36:04] 执行: python mysql_to_txt.py
开始从MySQL导出数据到文本文件...
连接尝试 1/3...
连接失败: 2003: Can't connect to MySQL server on 'localhost:13306' (61 Connection refused)
等待 5 秒后重试...
连接尝试 2/3...
连接失败: 2003: Can't connect to MySQL server on 'localhost:13306' (61 Connection refused)
等待 5 秒后重试...
连接尝试 3/3...
连接失败: 2003: Can't connect to MySQL server on 'localhost:13306' (61 Connection refused)
达到最大重试次数，放弃连接
Traceback (most recent call last):
  File "/Users/yangsan/Library/Python/3.7/lib/python/site-packages/mysql/connector/network.py", line 600, in open_connection
    self.sock.connect(sockaddr)
ConnectionRefusedError: [Errno 61] Connection refused

The above exception was the direct cause of the following exception:

Traceback (most recent call last):
  File "mysql_to_txt.py", line 215, in <module>
    main()
  File "mysql_to_txt.py", line 178, in main
    connection = connect_to_mysql_with_retry()
  File "mysql_to_txt.py", line 32, in connect_to_mysql_with_retry
    connection = mysql.connector.connect(**DB_CONFIG)
  File "/Users/yangsan/Library/Python/3.7/lib/python/site-packages/mysql/connector/pooling.py", line 294, in connect
    return MySQLConnection(*args, **kwargs)
  File "/Users/yangsan/Library/Python/3.7/lib/python/site-packages/mysql/connector/connection.py", line 164, in __init__
    self.connect(**kwargs)
  File "/Users/yangsan/Library/Python/3.7/lib/python/site-packages/mysql/connector/abstracts.py", line 1181, in connect
    self._open_connection()
  File "/Users/yangsan/Library/Python/3.7/lib/python/site-packages/mysql/connector/connection.py", line 570, in _open_connection
    self._socket.open_connection()
  File "/Users/yangsan/Library/Python/3.7/lib/python/site-packages/mysql/connector/network.py", line 609, in open_connection
    ) from err
mysql.connector.errors.InterfaceError: 2003: Can't connect to MySQL server on 'localhost:13306' (61 Connection refused)
[2025-04-11 14:36:14] ✗ MySQL数据导出失败，错误代码: 1
[2025-04-11 14:36:14] 本次执行完成，将在5分钟后再次执行
[2025-04-11 14:36:14] --------------------------------------------
[2025-04-11 14:42:11] 开始新的迭代 - 2025-04-11 14:42:11
[2025-04-11 14:42:11] ================================================
[2025-04-11 14:42:11]       客服数据处理流程自动化脚本 v2.0 (后台定时版)
[2025-04-11 14:42:11] ================================================
[2025-04-11 14:42:11] 开始执行处理流程
[2025-04-11 14:42:11] === 步骤1: 从MySQL导出数据到TXT ===
[2025-04-11 14:42:11] 执行: python mysql_to_txt.py
开始从MySQL导出数据到文本文件...
连接尝试 1/3...
连接失败: 2003: Can't connect to MySQL server on 'localhost:13306' (61 Connection refused)
等待 5 秒后重试...
连接尝试 2/3...
连接失败: 2003: Can't connect to MySQL server on 'localhost:13306' (61 Connection refused)
等待 5 秒后重试...
连接尝试 3/3...
连接失败: 2003: Can't connect to MySQL server on 'localhost:13306' (61 Connection refused)
达到最大重试次数，放弃连接
Traceback (most recent call last):
  File "/Users/yangsan/Library/Python/3.7/lib/python/site-packages/mysql/connector/network.py", line 600, in open_connection
    self.sock.connect(sockaddr)
ConnectionRefusedError: [Errno 61] Connection refused

The above exception was the direct cause of the following exception:

Traceback (most recent call last):
  File "mysql_to_txt.py", line 215, in <module>
    main()
  File "mysql_to_txt.py", line 178, in main
    connection = connect_to_mysql_with_retry()
  File "mysql_to_txt.py", line 32, in connect_to_mysql_with_retry
    connection = mysql.connector.connect(**DB_CONFIG)
  File "/Users/yangsan/Library/Python/3.7/lib/python/site-packages/mysql/connector/pooling.py", line 294, in connect
    return MySQLConnection(*args, **kwargs)
  File "/Users/yangsan/Library/Python/3.7/lib/python/site-packages/mysql/connector/connection.py", line 164, in __init__
    self.connect(**kwargs)
  File "/Users/yangsan/Library/Python/3.7/lib/python/site-packages/mysql/connector/abstracts.py", line 1181, in connect
    self._open_connection()
  File "/Users/yangsan/Library/Python/3.7/lib/python/site-packages/mysql/connector/connection.py", line 570, in _open_connection
    self._socket.open_connection()
  File "/Users/yangsan/Library/Python/3.7/lib/python/site-packages/mysql/connector/network.py", line 609, in open_connection
    ) from err
mysql.connector.errors.InterfaceError: 2003: Can't connect to MySQL server on 'localhost:13306' (61 Connection refused)
[2025-04-11 14:42:22] ✗ MySQL数据导出失败，错误代码: 1
[2025-04-11 14:42:22] 本次执行完成，将在5分钟后再次执行
[2025-04-11 14:42:22] --------------------------------------------
[2025-04-11 14:47:22] 开始新的迭代 - 2025-04-11 14:47:22
[2025-04-11 14:47:22] ================================================
[2025-04-11 14:47:22]       客服数据处理流程自动化脚本 v2.0 (后台定时版)
[2025-04-11 14:47:22] ================================================
[2025-04-11 14:47:22] 开始执行处理流程
[2025-04-11 14:47:22] === 步骤1: 从MySQL导出数据到TXT ===
[2025-04-11 14:47:22] 执行: python mysql_to_txt.py
开始从MySQL导出数据到文本文件...
连接尝试 1/3...
连接失败: 2003: Can't connect to MySQL server on 'localhost:13306' (61 Connection refused)
等待 5 秒后重试...
连接尝试 2/3...
连接失败: 2003: Can't connect to MySQL server on 'localhost:13306' (61 Connection refused)
等待 5 秒后重试...
连接尝试 3/3...
连接失败: 2003: Can't connect to MySQL server on 'localhost:13306' (61 Connection refused)
达到最大重试次数，放弃连接
Traceback (most recent call last):
  File "/Users/yangsan/Library/Python/3.7/lib/python/site-packages/mysql/connector/network.py", line 600, in open_connection
    self.sock.connect(sockaddr)
ConnectionRefusedError: [Errno 61] Connection refused

The above exception was the direct cause of the following exception:

Traceback (most recent call last):
  File "mysql_to_txt.py", line 215, in <module>
    main()
  File "mysql_to_txt.py", line 178, in main
    connection = connect_to_mysql_with_retry()
  File "mysql_to_txt.py", line 32, in connect_to_mysql_with_retry
    connection = mysql.connector.connect(**DB_CONFIG)
  File "/Users/yangsan/Library/Python/3.7/lib/python/site-packages/mysql/connector/pooling.py", line 294, in connect
    return MySQLConnection(*args, **kwargs)
  File "/Users/yangsan/Library/Python/3.7/lib/python/site-packages/mysql/connector/connection.py", line 164, in __init__
    self.connect(**kwargs)
  File "/Users/yangsan/Library/Python/3.7/lib/python/site-packages/mysql/connector/abstracts.py", line 1181, in connect
    self._open_connection()
  File "/Users/yangsan/Library/Python/3.7/lib/python/site-packages/mysql/connector/connection.py", line 570, in _open_connection
    self._socket.open_connection()
  File "/Users/yangsan/Library/Python/3.7/lib/python/site-packages/mysql/connector/network.py", line 609, in open_connection
    ) from err
mysql.connector.errors.InterfaceError: 2003: Can't connect to MySQL server on 'localhost:13306' (61 Connection refused)
[2025-04-11 14:47:32] ✗ MySQL数据导出失败，错误代码: 1
[2025-04-11 14:47:32] 本次执行完成，将在5分钟后再次执行
[2025-04-11 14:47:32] --------------------------------------------
[2025-04-11 14:52:32] 开始新的迭代 - 2025-04-11 14:52:32
[2025-04-11 14:52:32] ================================================
[2025-04-11 14:52:32]       客服数据处理流程自动化脚本 v2.0 (后台定时版)
[2025-04-11 14:52:32] ================================================
[2025-04-11 14:52:32] 开始执行处理流程
[2025-04-11 14:52:32] === 步骤1: 从MySQL导出数据到TXT ===
[2025-04-11 14:52:32] 执行: python mysql_to_txt.py
开始从MySQL导出数据到文本文件...
连接尝试 1/3...
连接失败: 2003: Can't connect to MySQL server on 'localhost:13306' (61 Connection refused)
等待 5 秒后重试...
连接尝试 2/3...
连接失败: 2003: Can't connect to MySQL server on 'localhost:13306' (61 Connection refused)
等待 5 秒后重试...
连接尝试 3/3...
连接失败: 2003: Can't connect to MySQL server on 'localhost:13306' (61 Connection refused)
达到最大重试次数，放弃连接
Traceback (most recent call last):
  File "/Users/yangsan/Library/Python/3.7/lib/python/site-packages/mysql/connector/network.py", line 600, in open_connection
    self.sock.connect(sockaddr)
ConnectionRefusedError: [Errno 61] Connection refused

The above exception was the direct cause of the following exception:

Traceback (most recent call last):
  File "mysql_to_txt.py", line 215, in <module>
    main()
  File "mysql_to_txt.py", line 178, in main
    connection = connect_to_mysql_with_retry()
  File "mysql_to_txt.py", line 32, in connect_to_mysql_with_retry
    connection = mysql.connector.connect(**DB_CONFIG)
  File "/Users/yangsan/Library/Python/3.7/lib/python/site-packages/mysql/connector/pooling.py", line 294, in connect
    return MySQLConnection(*args, **kwargs)
  File "/Users/yangsan/Library/Python/3.7/lib/python/site-packages/mysql/connector/connection.py", line 164, in __init__
    self.connect(**kwargs)
  File "/Users/yangsan/Library/Python/3.7/lib/python/site-packages/mysql/connector/abstracts.py", line 1181, in connect
    self._open_connection()
  File "/Users/yangsan/Library/Python/3.7/lib/python/site-packages/mysql/connector/connection.py", line 570, in _open_connection
    self._socket.open_connection()
  File "/Users/yangsan/Library/Python/3.7/lib/python/site-packages/mysql/connector/network.py", line 609, in open_connection
    ) from err
mysql.connector.errors.InterfaceError: 2003: Can't connect to MySQL server on 'localhost:13306' (61 Connection refused)
[2025-04-11 14:52:42] ✗ MySQL数据导出失败，错误代码: 1
[2025-04-11 14:52:42] 本次执行完成，将在5分钟后再次执行
[2025-04-11 14:52:42] --------------------------------------------
[2025-04-11 14:57:42] 开始新的迭代 - 2025-04-11 14:57:42
[2025-04-11 14:57:42] ================================================
[2025-04-11 14:57:42]       客服数据处理流程自动化脚本 v2.0 (后台定时版)
[2025-04-11 14:57:42] ================================================
[2025-04-11 14:57:42] 开始执行处理流程
[2025-04-11 14:57:42] === 步骤1: 从MySQL导出数据到TXT ===
[2025-04-11 14:57:42] 执行: python mysql_to_txt.py
开始从MySQL导出数据到文本文件...
连接尝试 1/3...
连接失败: 2003: Can't connect to MySQL server on 'localhost:13306' (61 Connection refused)
等待 5 秒后重试...
连接尝试 2/3...
连接失败: 2003: Can't connect to MySQL server on 'localhost:13306' (61 Connection refused)
等待 5 秒后重试...
连接尝试 3/3...
连接失败: 2003: Can't connect to MySQL server on 'localhost:13306' (61 Connection refused)
达到最大重试次数，放弃连接
Traceback (most recent call last):
  File "/Users/yangsan/Library/Python/3.7/lib/python/site-packages/mysql/connector/network.py", line 600, in open_connection
    self.sock.connect(sockaddr)
ConnectionRefusedError: [Errno 61] Connection refused

The above exception was the direct cause of the following exception:

Traceback (most recent call last):
  File "mysql_to_txt.py", line 215, in <module>
    main()
  File "mysql_to_txt.py", line 178, in main
    connection = connect_to_mysql_with_retry()
  File "mysql_to_txt.py", line 32, in connect_to_mysql_with_retry
    connection = mysql.connector.connect(**DB_CONFIG)
  File "/Users/yangsan/Library/Python/3.7/lib/python/site-packages/mysql/connector/pooling.py", line 294, in connect
    return MySQLConnection(*args, **kwargs)
  File "/Users/yangsan/Library/Python/3.7/lib/python/site-packages/mysql/connector/connection.py", line 164, in __init__
    self.connect(**kwargs)
  File "/Users/yangsan/Library/Python/3.7/lib/python/site-packages/mysql/connector/abstracts.py", line 1181, in connect
    self._open_connection()
  File "/Users/yangsan/Library/Python/3.7/lib/python/site-packages/mysql/connector/connection.py", line 570, in _open_connection
    self._socket.open_connection()
  File "/Users/yangsan/Library/Python/3.7/lib/python/site-packages/mysql/connector/network.py", line 609, in open_connection
    ) from err
mysql.connector.errors.InterfaceError: 2003: Can't connect to MySQL server on 'localhost:13306' (61 Connection refused)
[2025-04-11 14:57:53] ✗ MySQL数据导出失败，错误代码: 1
[2025-04-11 14:57:53] 本次执行完成，将在5分钟后再次执行
[2025-04-11 14:57:53] --------------------------------------------
[2025-04-11 15:09:27] 开始新的迭代 - 2025-04-11 15:09:27
[2025-04-11 15:09:27] ================================================
[2025-04-11 15:09:27]       客服数据处理流程自动化脚本 v2.0 (后台定时版)
[2025-04-11 15:09:27] ================================================
[2025-04-11 15:09:27] 开始执行处理流程
[2025-04-11 15:09:27] === 步骤1: 从MySQL导出数据到TXT ===
[2025-04-11 15:09:27] 执行: python mysql_to_txt.py
开始从MySQL导出数据到文本文件...
连接尝试 1/3...
连接失败: 2003: Can't connect to MySQL server on 'localhost:13306' (61 Connection refused)
等待 5 秒后重试...
连接尝试 2/3...
连接失败: 2003: Can't connect to MySQL server on 'localhost:13306' (61 Connection refused)
等待 5 秒后重试...
连接尝试 3/3...
连接失败: 2003: Can't connect to MySQL server on 'localhost:13306' (61 Connection refused)
达到最大重试次数，放弃连接
Traceback (most recent call last):
  File "/Users/yangsan/Library/Python/3.7/lib/python/site-packages/mysql/connector/network.py", line 600, in open_connection
    self.sock.connect(sockaddr)
ConnectionRefusedError: [Errno 61] Connection refused

The above exception was the direct cause of the following exception:

Traceback (most recent call last):
  File "mysql_to_txt.py", line 215, in <module>
    main()
  File "mysql_to_txt.py", line 178, in main
    connection = connect_to_mysql_with_retry()
  File "mysql_to_txt.py", line 32, in connect_to_mysql_with_retry
    connection = mysql.connector.connect(**DB_CONFIG)
  File "/Users/yangsan/Library/Python/3.7/lib/python/site-packages/mysql/connector/pooling.py", line 294, in connect
    return MySQLConnection(*args, **kwargs)
  File "/Users/yangsan/Library/Python/3.7/lib/python/site-packages/mysql/connector/connection.py", line 164, in __init__
    self.connect(**kwargs)
  File "/Users/yangsan/Library/Python/3.7/lib/python/site-packages/mysql/connector/abstracts.py", line 1181, in connect
    self._open_connection()
  File "/Users/yangsan/Library/Python/3.7/lib/python/site-packages/mysql/connector/connection.py", line 570, in _open_connection
    self._socket.open_connection()
  File "/Users/yangsan/Library/Python/3.7/lib/python/site-packages/mysql/connector/network.py", line 609, in open_connection
    ) from err
mysql.connector.errors.InterfaceError: 2003: Can't connect to MySQL server on 'localhost:13306' (61 Connection refused)
[2025-04-11 15:09:37] ✗ MySQL数据导出失败，错误代码: 1
[2025-04-11 15:09:37] 本次执行完成，将在5分钟后再次执行
[2025-04-11 15:09:37] --------------------------------------------
[2025-04-11 15:14:37] 开始新的迭代 - 2025-04-11 15:14:37
[2025-04-11 15:14:37] ================================================
[2025-04-11 15:14:37]       客服数据处理流程自动化脚本 v2.0 (后台定时版)
[2025-04-11 15:14:37] ================================================
[2025-04-11 15:14:37] 开始执行处理流程
[2025-04-11 15:14:37] === 步骤1: 从MySQL导出数据到TXT ===
[2025-04-11 15:14:37] 执行: python mysql_to_txt.py
开始从MySQL导出数据到文本文件...
连接尝试 1/3...
连接失败: 2003: Can't connect to MySQL server on 'localhost:13306' (61 Connection refused)
等待 5 秒后重试...
连接尝试 2/3...
连接失败: 2003: Can't connect to MySQL server on 'localhost:13306' (61 Connection refused)
等待 5 秒后重试...
连接尝试 3/3...
连接失败: 2003: Can't connect to MySQL server on 'localhost:13306' (61 Connection refused)
达到最大重试次数，放弃连接
Traceback (most recent call last):
  File "/Users/yangsan/Library/Python/3.7/lib/python/site-packages/mysql/connector/network.py", line 600, in open_connection
    self.sock.connect(sockaddr)
ConnectionRefusedError: [Errno 61] Connection refused

The above exception was the direct cause of the following exception:

Traceback (most recent call last):
  File "mysql_to_txt.py", line 215, in <module>
    main()
  File "mysql_to_txt.py", line 178, in main
    connection = connect_to_mysql_with_retry()
  File "mysql_to_txt.py", line 32, in connect_to_mysql_with_retry
    connection = mysql.connector.connect(**DB_CONFIG)
  File "/Users/yangsan/Library/Python/3.7/lib/python/site-packages/mysql/connector/pooling.py", line 294, in connect
    return MySQLConnection(*args, **kwargs)
  File "/Users/yangsan/Library/Python/3.7/lib/python/site-packages/mysql/connector/connection.py", line 164, in __init__
    self.connect(**kwargs)
  File "/Users/yangsan/Library/Python/3.7/lib/python/site-packages/mysql/connector/abstracts.py", line 1181, in connect
    self._open_connection()
  File "/Users/yangsan/Library/Python/3.7/lib/python/site-packages/mysql/connector/connection.py", line 570, in _open_connection
    self._socket.open_connection()
  File "/Users/yangsan/Library/Python/3.7/lib/python/site-packages/mysql/connector/network.py", line 609, in open_connection
    ) from err
mysql.connector.errors.InterfaceError: 2003: Can't connect to MySQL server on 'localhost:13306' (61 Connection refused)
[2025-04-11 15:14:47] ✗ MySQL数据导出失败，错误代码: 1
[2025-04-11 15:14:47] 本次执行完成，将在5分钟后再次执行
[2025-04-11 15:14:47] --------------------------------------------
[2025-04-11 15:19:47] 开始新的迭代 - 2025-04-11 15:19:47
[2025-04-11 15:19:47] ================================================
[2025-04-11 15:19:47]       客服数据处理流程自动化脚本 v2.0 (后台定时版)
[2025-04-11 15:19:47] ================================================
[2025-04-11 15:19:47] 开始执行处理流程
[2025-04-11 15:19:47] === 步骤1: 从MySQL导出数据到TXT ===
[2025-04-11 15:19:47] 执行: python mysql_to_txt.py
开始从MySQL导出数据到文本文件...
连接尝试 1/3...
连接失败: 2003: Can't connect to MySQL server on 'localhost:13306' (61 Connection refused)
等待 5 秒后重试...
连接尝试 2/3...
连接失败: 2003: Can't connect to MySQL server on 'localhost:13306' (61 Connection refused)
等待 5 秒后重试...
连接尝试 3/3...
连接失败: 2003: Can't connect to MySQL server on 'localhost:13306' (61 Connection refused)
达到最大重试次数，放弃连接
Traceback (most recent call last):
  File "/Users/yangsan/Library/Python/3.7/lib/python/site-packages/mysql/connector/network.py", line 600, in open_connection
    self.sock.connect(sockaddr)
ConnectionRefusedError: [Errno 61] Connection refused

The above exception was the direct cause of the following exception:

Traceback (most recent call last):
  File "mysql_to_txt.py", line 215, in <module>
    main()
  File "mysql_to_txt.py", line 178, in main
    connection = connect_to_mysql_with_retry()
  File "mysql_to_txt.py", line 32, in connect_to_mysql_with_retry
    connection = mysql.connector.connect(**DB_CONFIG)
  File "/Users/yangsan/Library/Python/3.7/lib/python/site-packages/mysql/connector/pooling.py", line 294, in connect
    return MySQLConnection(*args, **kwargs)
  File "/Users/yangsan/Library/Python/3.7/lib/python/site-packages/mysql/connector/connection.py", line 164, in __init__
    self.connect(**kwargs)
  File "/Users/yangsan/Library/Python/3.7/lib/python/site-packages/mysql/connector/abstracts.py", line 1181, in connect
    self._open_connection()
  File "/Users/yangsan/Library/Python/3.7/lib/python/site-packages/mysql/connector/connection.py", line 570, in _open_connection
    self._socket.open_connection()
  File "/Users/yangsan/Library/Python/3.7/lib/python/site-packages/mysql/connector/network.py", line 609, in open_connection
    ) from err
mysql.connector.errors.InterfaceError: 2003: Can't connect to MySQL server on 'localhost:13306' (61 Connection refused)
[2025-04-11 15:19:58] ✗ MySQL数据导出失败，错误代码: 1
[2025-04-11 15:19:58] 本次执行完成，将在5分钟后再次执行
[2025-04-11 15:19:58] --------------------------------------------
[2025-04-11 15:24:58] 开始新的迭代 - 2025-04-11 15:24:58
[2025-04-11 15:24:58] ================================================
[2025-04-11 15:24:58]       客服数据处理流程自动化脚本 v2.0 (后台定时版)
[2025-04-11 15:24:58] ================================================
[2025-04-11 15:24:58] 开始执行处理流程
[2025-04-11 15:24:58] === 步骤1: 从MySQL导出数据到TXT ===
[2025-04-11 15:24:58] 执行: python mysql_to_txt.py
开始从MySQL导出数据到文本文件...
连接尝试 1/3...
连接失败: 2003: Can't connect to MySQL server on 'localhost:13306' (61 Connection refused)
等待 5 秒后重试...
连接尝试 2/3...
连接失败: 2003: Can't connect to MySQL server on 'localhost:13306' (61 Connection refused)
等待 5 秒后重试...
连接尝试 3/3...
连接失败: 2003: Can't connect to MySQL server on 'localhost:13306' (61 Connection refused)
达到最大重试次数，放弃连接
Traceback (most recent call last):
  File "/Users/yangsan/Library/Python/3.7/lib/python/site-packages/mysql/connector/network.py", line 600, in open_connection
    self.sock.connect(sockaddr)
ConnectionRefusedError: [Errno 61] Connection refused

The above exception was the direct cause of the following exception:

Traceback (most recent call last):
  File "mysql_to_txt.py", line 215, in <module>
    main()
  File "mysql_to_txt.py", line 178, in main
    connection = connect_to_mysql_with_retry()
  File "mysql_to_txt.py", line 32, in connect_to_mysql_with_retry
    connection = mysql.connector.connect(**DB_CONFIG)
  File "/Users/yangsan/Library/Python/3.7/lib/python/site-packages/mysql/connector/pooling.py", line 294, in connect
    return MySQLConnection(*args, **kwargs)
  File "/Users/yangsan/Library/Python/3.7/lib/python/site-packages/mysql/connector/connection.py", line 164, in __init__
    self.connect(**kwargs)
  File "/Users/yangsan/Library/Python/3.7/lib/python/site-packages/mysql/connector/abstracts.py", line 1181, in connect
    self._open_connection()
  File "/Users/yangsan/Library/Python/3.7/lib/python/site-packages/mysql/connector/connection.py", line 570, in _open_connection
    self._socket.open_connection()
  File "/Users/yangsan/Library/Python/3.7/lib/python/site-packages/mysql/connector/network.py", line 609, in open_connection
    ) from err
mysql.connector.errors.InterfaceError: 2003: Can't connect to MySQL server on 'localhost:13306' (61 Connection refused)
[2025-04-11 15:25:08] ✗ MySQL数据导出失败，错误代码: 1
[2025-04-11 15:25:08] 本次执行完成，将在5分钟后再次执行
[2025-04-11 15:25:08] --------------------------------------------
[2025-04-11 15:30:08] 开始新的迭代 - 2025-04-11 15:30:08
[2025-04-11 15:30:08] ================================================
[2025-04-11 15:30:08]       客服数据处理流程自动化脚本 v2.0 (后台定时版)
[2025-04-11 15:30:08] ================================================
[2025-04-11 15:30:08] 开始执行处理流程
[2025-04-11 15:30:08] === 步骤1: 从MySQL导出数据到TXT ===
[2025-04-11 15:30:08] 执行: python mysql_to_txt.py
开始从MySQL导出数据到文本文件...
连接尝试 1/3...
连接失败: 2003: Can't connect to MySQL server on 'localhost:13306' (61 Connection refused)
等待 5 秒后重试...
连接尝试 2/3...
连接失败: 2003: Can't connect to MySQL server on 'localhost:13306' (61 Connection refused)
等待 5 秒后重试...
连接尝试 3/3...
连接失败: 2003: Can't connect to MySQL server on 'localhost:13306' (61 Connection refused)
达到最大重试次数，放弃连接
Traceback (most recent call last):
  File "/Users/yangsan/Library/Python/3.7/lib/python/site-packages/mysql/connector/network.py", line 600, in open_connection
    self.sock.connect(sockaddr)
ConnectionRefusedError: [Errno 61] Connection refused

The above exception was the direct cause of the following exception:

Traceback (most recent call last):
  File "mysql_to_txt.py", line 215, in <module>
    main()
  File "mysql_to_txt.py", line 178, in main
    connection = connect_to_mysql_with_retry()
  File "mysql_to_txt.py", line 32, in connect_to_mysql_with_retry
    connection = mysql.connector.connect(**DB_CONFIG)
  File "/Users/yangsan/Library/Python/3.7/lib/python/site-packages/mysql/connector/pooling.py", line 294, in connect
    return MySQLConnection(*args, **kwargs)
  File "/Users/yangsan/Library/Python/3.7/lib/python/site-packages/mysql/connector/connection.py", line 164, in __init__
    self.connect(**kwargs)
  File "/Users/yangsan/Library/Python/3.7/lib/python/site-packages/mysql/connector/abstracts.py", line 1181, in connect
    self._open_connection()
  File "/Users/yangsan/Library/Python/3.7/lib/python/site-packages/mysql/connector/connection.py", line 570, in _open_connection
    self._socket.open_connection()
  File "/Users/yangsan/Library/Python/3.7/lib/python/site-packages/mysql/connector/network.py", line 609, in open_connection
    ) from err
mysql.connector.errors.InterfaceError: 2003: Can't connect to MySQL server on 'localhost:13306' (61 Connection refused)
[2025-04-11 15:30:19] ✗ MySQL数据导出失败，错误代码: 1
[2025-04-11 15:30:19] 本次执行完成，将在5分钟后再次执行
[2025-04-11 15:30:19] --------------------------------------------
[2025-04-11 15:35:19] 开始新的迭代 - 2025-04-11 15:35:19
[2025-04-11 15:35:19] ================================================
[2025-04-11 15:35:19]       客服数据处理流程自动化脚本 v2.0 (后台定时版)
[2025-04-11 15:35:19] ================================================
[2025-04-11 15:35:19] 开始执行处理流程
[2025-04-11 15:35:19] === 步骤1: 从MySQL导出数据到TXT ===
[2025-04-11 15:35:19] 执行: python mysql_to_txt.py
开始从MySQL导出数据到文本文件...
连接尝试 1/3...
连接失败: 2003: Can't connect to MySQL server on 'localhost:13306' (61 Connection refused)
等待 5 秒后重试...
连接尝试 2/3...
连接失败: 2003: Can't connect to MySQL server on 'localhost:13306' (61 Connection refused)
等待 5 秒后重试...
连接尝试 3/3...
连接失败: 2003: Can't connect to MySQL server on 'localhost:13306' (61 Connection refused)
达到最大重试次数，放弃连接
Traceback (most recent call last):
  File "/Users/yangsan/Library/Python/3.7/lib/python/site-packages/mysql/connector/network.py", line 600, in open_connection
    self.sock.connect(sockaddr)
ConnectionRefusedError: [Errno 61] Connection refused

The above exception was the direct cause of the following exception:

Traceback (most recent call last):
  File "mysql_to_txt.py", line 215, in <module>
    main()
  File "mysql_to_txt.py", line 178, in main
    connection = connect_to_mysql_with_retry()
  File "mysql_to_txt.py", line 32, in connect_to_mysql_with_retry
    connection = mysql.connector.connect(**DB_CONFIG)
  File "/Users/yangsan/Library/Python/3.7/lib/python/site-packages/mysql/connector/pooling.py", line 294, in connect
    return MySQLConnection(*args, **kwargs)
  File "/Users/yangsan/Library/Python/3.7/lib/python/site-packages/mysql/connector/connection.py", line 164, in __init__
    self.connect(**kwargs)
  File "/Users/yangsan/Library/Python/3.7/lib/python/site-packages/mysql/connector/abstracts.py", line 1181, in connect
    self._open_connection()
  File "/Users/yangsan/Library/Python/3.7/lib/python/site-packages/mysql/connector/connection.py", line 570, in _open_connection
    self._socket.open_connection()
  File "/Users/yangsan/Library/Python/3.7/lib/python/site-packages/mysql/connector/network.py", line 609, in open_connection
    ) from err
mysql.connector.errors.InterfaceError: 2003: Can't connect to MySQL server on 'localhost:13306' (61 Connection refused)
[2025-04-11 15:35:29] ✗ MySQL数据导出失败，错误代码: 1
[2025-04-11 15:35:29] 本次执行完成，将在5分钟后再次执行
[2025-04-11 15:35:29] --------------------------------------------
[2025-04-11 15:40:29] 开始新的迭代 - 2025-04-11 15:40:29
[2025-04-11 15:40:29] ================================================
[2025-04-11 15:40:29]       客服数据处理流程自动化脚本 v2.0 (后台定时版)
[2025-04-11 15:40:29] ================================================
[2025-04-11 15:40:29] 开始执行处理流程
[2025-04-11 15:40:29] === 步骤1: 从MySQL导出数据到TXT ===
[2025-04-11 15:40:29] 执行: python mysql_to_txt.py
开始从MySQL导出数据到文本文件...
连接尝试 1/3...
连接失败: 2003: Can't connect to MySQL server on 'localhost:13306' (61 Connection refused)
等待 5 秒后重试...
连接尝试 2/3...
连接失败: 2003: Can't connect to MySQL server on 'localhost:13306' (61 Connection refused)
等待 5 秒后重试...
连接尝试 3/3...
连接失败: 2003: Can't connect to MySQL server on 'localhost:13306' (61 Connection refused)
达到最大重试次数，放弃连接
Traceback (most recent call last):
  File "/Users/yangsan/Library/Python/3.7/lib/python/site-packages/mysql/connector/network.py", line 600, in open_connection
    self.sock.connect(sockaddr)
ConnectionRefusedError: [Errno 61] Connection refused

The above exception was the direct cause of the following exception:

Traceback (most recent call last):
  File "mysql_to_txt.py", line 215, in <module>
    main()
  File "mysql_to_txt.py", line 178, in main
    connection = connect_to_mysql_with_retry()
  File "mysql_to_txt.py", line 32, in connect_to_mysql_with_retry
    connection = mysql.connector.connect(**DB_CONFIG)
  File "/Users/yangsan/Library/Python/3.7/lib/python/site-packages/mysql/connector/pooling.py", line 294, in connect
    return MySQLConnection(*args, **kwargs)
  File "/Users/yangsan/Library/Python/3.7/lib/python/site-packages/mysql/connector/connection.py", line 164, in __init__
    self.connect(**kwargs)
  File "/Users/yangsan/Library/Python/3.7/lib/python/site-packages/mysql/connector/abstracts.py", line 1181, in connect
    self._open_connection()
  File "/Users/yangsan/Library/Python/3.7/lib/python/site-packages/mysql/connector/connection.py", line 570, in _open_connection
    self._socket.open_connection()
  File "/Users/yangsan/Library/Python/3.7/lib/python/site-packages/mysql/connector/network.py", line 609, in open_connection
    ) from err
mysql.connector.errors.InterfaceError: 2003: Can't connect to MySQL server on 'localhost:13306' (61 Connection refused)
[2025-04-11 15:40:40] ✗ MySQL数据导出失败，错误代码: 1
[2025-04-11 15:40:40] 本次执行完成，将在5分钟后再次执行
[2025-04-11 15:40:40] --------------------------------------------
[2025-04-11 15:45:40] 开始新的迭代 - 2025-04-11 15:45:40
[2025-04-11 15:45:40] ================================================
[2025-04-11 15:45:40]       客服数据处理流程自动化脚本 v2.0 (后台定时版)
[2025-04-11 15:45:40] ================================================
[2025-04-11 15:45:40] 开始执行处理流程
[2025-04-11 15:45:40] === 步骤1: 从MySQL导出数据到TXT ===
[2025-04-11 15:45:40] 执行: python mysql_to_txt.py
开始从MySQL导出数据到文本文件...
连接尝试 1/3...
连接失败: 2003: Can't connect to MySQL server on 'localhost:13306' (61 Connection refused)
等待 5 秒后重试...
连接尝试 2/3...
连接失败: 2003: Can't connect to MySQL server on 'localhost:13306' (61 Connection refused)
等待 5 秒后重试...
连接尝试 3/3...
连接失败: 2003: Can't connect to MySQL server on 'localhost:13306' (61 Connection refused)
达到最大重试次数，放弃连接
Traceback (most recent call last):
  File "/Users/yangsan/Library/Python/3.7/lib/python/site-packages/mysql/connector/network.py", line 600, in open_connection
    self.sock.connect(sockaddr)
ConnectionRefusedError: [Errno 61] Connection refused

The above exception was the direct cause of the following exception:

Traceback (most recent call last):
  File "mysql_to_txt.py", line 215, in <module>
    main()
  File "mysql_to_txt.py", line 178, in main
    connection = connect_to_mysql_with_retry()
  File "mysql_to_txt.py", line 32, in connect_to_mysql_with_retry
    connection = mysql.connector.connect(**DB_CONFIG)
  File "/Users/yangsan/Library/Python/3.7/lib/python/site-packages/mysql/connector/pooling.py", line 294, in connect
    return MySQLConnection(*args, **kwargs)
  File "/Users/yangsan/Library/Python/3.7/lib/python/site-packages/mysql/connector/connection.py", line 164, in __init__
    self.connect(**kwargs)
  File "/Users/yangsan/Library/Python/3.7/lib/python/site-packages/mysql/connector/abstracts.py", line 1181, in connect
    self._open_connection()
  File "/Users/yangsan/Library/Python/3.7/lib/python/site-packages/mysql/connector/connection.py", line 570, in _open_connection
    self._socket.open_connection()
  File "/Users/yangsan/Library/Python/3.7/lib/python/site-packages/mysql/connector/network.py", line 609, in open_connection
    ) from err
mysql.connector.errors.InterfaceError: 2003: Can't connect to MySQL server on 'localhost:13306' (61 Connection refused)
[2025-04-11 15:45:50] ✗ MySQL数据导出失败，错误代码: 1
[2025-04-11 15:45:50] 本次执行完成，将在5分钟后再次执行
[2025-04-11 15:45:50] --------------------------------------------
[2025-04-11 15:50:50] 开始新的迭代 - 2025-04-11 15:50:50
[2025-04-11 15:50:50] ================================================
[2025-04-11 15:50:50]       客服数据处理流程自动化脚本 v2.0 (后台定时版)
[2025-04-11 15:50:50] ================================================
[2025-04-11 15:50:50] 开始执行处理流程
[2025-04-11 15:50:50] === 步骤1: 从MySQL导出数据到TXT ===
[2025-04-11 15:50:50] 执行: python mysql_to_txt.py
开始从MySQL导出数据到文本文件...
连接尝试 1/3...
连接失败: 2003: Can't connect to MySQL server on 'localhost:13306' (61 Connection refused)
等待 5 秒后重试...
连接尝试 2/3...
连接失败: 2003: Can't connect to MySQL server on 'localhost:13306' (61 Connection refused)
等待 5 秒后重试...
连接尝试 3/3...
连接失败: 2003: Can't connect to MySQL server on 'localhost:13306' (61 Connection refused)
达到最大重试次数，放弃连接
Traceback (most recent call last):
  File "/Users/yangsan/Library/Python/3.7/lib/python/site-packages/mysql/connector/network.py", line 600, in open_connection
    self.sock.connect(sockaddr)
ConnectionRefusedError: [Errno 61] Connection refused

The above exception was the direct cause of the following exception:

Traceback (most recent call last):
  File "mysql_to_txt.py", line 215, in <module>
    main()
  File "mysql_to_txt.py", line 178, in main
    connection = connect_to_mysql_with_retry()
  File "mysql_to_txt.py", line 32, in connect_to_mysql_with_retry
    connection = mysql.connector.connect(**DB_CONFIG)
  File "/Users/yangsan/Library/Python/3.7/lib/python/site-packages/mysql/connector/pooling.py", line 294, in connect
    return MySQLConnection(*args, **kwargs)
  File "/Users/yangsan/Library/Python/3.7/lib/python/site-packages/mysql/connector/connection.py", line 164, in __init__
    self.connect(**kwargs)
  File "/Users/yangsan/Library/Python/3.7/lib/python/site-packages/mysql/connector/abstracts.py", line 1181, in connect
    self._open_connection()
  File "/Users/yangsan/Library/Python/3.7/lib/python/site-packages/mysql/connector/connection.py", line 570, in _open_connection
    self._socket.open_connection()
  File "/Users/yangsan/Library/Python/3.7/lib/python/site-packages/mysql/connector/network.py", line 609, in open_connection
    ) from err
mysql.connector.errors.InterfaceError: 2003: Can't connect to MySQL server on 'localhost:13306' (61 Connection refused)
[2025-04-11 15:51:01] ✗ MySQL数据导出失败，错误代码: 1
[2025-04-11 15:51:01] 本次执行完成，将在5分钟后再次执行
[2025-04-11 15:51:01] --------------------------------------------
[2025-04-11 15:56:01] 开始新的迭代 - 2025-04-11 15:56:01
[2025-04-11 15:56:01] ================================================
[2025-04-11 15:56:01]       客服数据处理流程自动化脚本 v2.0 (后台定时版)
[2025-04-11 15:56:01] ================================================
[2025-04-11 15:56:01] 开始执行处理流程
[2025-04-11 15:56:01] === 步骤1: 从MySQL导出数据到TXT ===
[2025-04-11 15:56:01] 执行: python mysql_to_txt.py
开始从MySQL导出数据到文本文件...
连接尝试 1/3...
连接失败: 2003: Can't connect to MySQL server on 'localhost:13306' (61 Connection refused)
等待 5 秒后重试...
连接尝试 2/3...
连接失败: 2003: Can't connect to MySQL server on 'localhost:13306' (61 Connection refused)
等待 5 秒后重试...
连接尝试 3/3...
连接失败: 2003: Can't connect to MySQL server on 'localhost:13306' (61 Connection refused)
达到最大重试次数，放弃连接
Traceback (most recent call last):
  File "/Users/yangsan/Library/Python/3.7/lib/python/site-packages/mysql/connector/network.py", line 600, in open_connection
    self.sock.connect(sockaddr)
ConnectionRefusedError: [Errno 61] Connection refused

The above exception was the direct cause of the following exception:

Traceback (most recent call last):
  File "mysql_to_txt.py", line 215, in <module>
    main()
  File "mysql_to_txt.py", line 178, in main
    connection = connect_to_mysql_with_retry()
  File "mysql_to_txt.py", line 32, in connect_to_mysql_with_retry
    connection = mysql.connector.connect(**DB_CONFIG)
  File "/Users/yangsan/Library/Python/3.7/lib/python/site-packages/mysql/connector/pooling.py", line 294, in connect
    return MySQLConnection(*args, **kwargs)
  File "/Users/yangsan/Library/Python/3.7/lib/python/site-packages/mysql/connector/connection.py", line 164, in __init__
    self.connect(**kwargs)
  File "/Users/yangsan/Library/Python/3.7/lib/python/site-packages/mysql/connector/abstracts.py", line 1181, in connect
    self._open_connection()
  File "/Users/yangsan/Library/Python/3.7/lib/python/site-packages/mysql/connector/connection.py", line 570, in _open_connection
    self._socket.open_connection()
  File "/Users/yangsan/Library/Python/3.7/lib/python/site-packages/mysql/connector/network.py", line 609, in open_connection
    ) from err
mysql.connector.errors.InterfaceError: 2003: Can't connect to MySQL server on 'localhost:13306' (61 Connection refused)
[2025-04-11 15:56:11] ✗ MySQL数据导出失败，错误代码: 1
[2025-04-11 15:56:11] 本次执行完成，将在5分钟后再次执行
[2025-04-11 15:56:11] --------------------------------------------
[2025-04-11 16:01:11] 开始新的迭代 - 2025-04-11 16:01:11
[2025-04-11 16:01:11] ================================================
[2025-04-11 16:01:11]       客服数据处理流程自动化脚本 v2.0 (后台定时版)
[2025-04-11 16:01:11] ================================================
[2025-04-11 16:01:11] 开始执行处理流程
[2025-04-11 16:01:11] === 步骤1: 从MySQL导出数据到TXT ===
[2025-04-11 16:01:11] 执行: python mysql_to_txt.py
开始从MySQL导出数据到文本文件...
连接尝试 1/3...
连接失败: 2003: Can't connect to MySQL server on 'localhost:13306' (61 Connection refused)
等待 5 秒后重试...
连接尝试 2/3...
连接失败: 2003: Can't connect to MySQL server on 'localhost:13306' (61 Connection refused)
等待 5 秒后重试...
连接尝试 3/3...
连接失败: 2003: Can't connect to MySQL server on 'localhost:13306' (61 Connection refused)
达到最大重试次数，放弃连接
Traceback (most recent call last):
  File "/Users/yangsan/Library/Python/3.7/lib/python/site-packages/mysql/connector/network.py", line 600, in open_connection
    self.sock.connect(sockaddr)
ConnectionRefusedError: [Errno 61] Connection refused

The above exception was the direct cause of the following exception:

Traceback (most recent call last):
  File "mysql_to_txt.py", line 215, in <module>
    main()
  File "mysql_to_txt.py", line 178, in main
    connection = connect_to_mysql_with_retry()
  File "mysql_to_txt.py", line 32, in connect_to_mysql_with_retry
    connection = mysql.connector.connect(**DB_CONFIG)
  File "/Users/yangsan/Library/Python/3.7/lib/python/site-packages/mysql/connector/pooling.py", line 294, in connect
    return MySQLConnection(*args, **kwargs)
  File "/Users/yangsan/Library/Python/3.7/lib/python/site-packages/mysql/connector/connection.py", line 164, in __init__
    self.connect(**kwargs)
  File "/Users/yangsan/Library/Python/3.7/lib/python/site-packages/mysql/connector/abstracts.py", line 1181, in connect
    self._open_connection()
  File "/Users/yangsan/Library/Python/3.7/lib/python/site-packages/mysql/connector/connection.py", line 570, in _open_connection
    self._socket.open_connection()
  File "/Users/yangsan/Library/Python/3.7/lib/python/site-packages/mysql/connector/network.py", line 609, in open_connection
    ) from err
mysql.connector.errors.InterfaceError: 2003: Can't connect to MySQL server on 'localhost:13306' (61 Connection refused)
[2025-04-11 16:01:23] ✗ MySQL数据导出失败，错误代码: 1
[2025-04-11 16:01:23] 本次执行完成，将在5分钟后再次执行
[2025-04-11 16:01:23] --------------------------------------------
[2025-04-11 16:06:23] 开始新的迭代 - 2025-04-11 16:06:23
[2025-04-11 16:06:23] ================================================
[2025-04-11 16:06:23]       客服数据处理流程自动化脚本 v2.0 (后台定时版)
[2025-04-11 16:06:23] ================================================
[2025-04-11 16:06:23] 开始执行处理流程
[2025-04-11 16:06:23] === 步骤1: 从MySQL导出数据到TXT ===
[2025-04-11 16:06:23] 执行: python mysql_to_txt.py
开始从MySQL导出数据到文本文件...
连接尝试 1/3...
连接失败: 2003: Can't connect to MySQL server on 'localhost:13306' (61 Connection refused)
等待 5 秒后重试...
连接尝试 2/3...
连接失败: 2003: Can't connect to MySQL server on 'localhost:13306' (61 Connection refused)
等待 5 秒后重试...
连接尝试 3/3...
连接失败: 2003: Can't connect to MySQL server on 'localhost:13306' (61 Connection refused)
达到最大重试次数，放弃连接
Traceback (most recent call last):
  File "/Users/yangsan/Library/Python/3.7/lib/python/site-packages/mysql/connector/network.py", line 600, in open_connection
    self.sock.connect(sockaddr)
ConnectionRefusedError: [Errno 61] Connection refused

The above exception was the direct cause of the following exception:

Traceback (most recent call last):
  File "mysql_to_txt.py", line 215, in <module>
    main()
  File "mysql_to_txt.py", line 178, in main
    connection = connect_to_mysql_with_retry()
  File "mysql_to_txt.py", line 32, in connect_to_mysql_with_retry
    connection = mysql.connector.connect(**DB_CONFIG)
  File "/Users/yangsan/Library/Python/3.7/lib/python/site-packages/mysql/connector/pooling.py", line 294, in connect
    return MySQLConnection(*args, **kwargs)
  File "/Users/yangsan/Library/Python/3.7/lib/python/site-packages/mysql/connector/connection.py", line 164, in __init__
    self.connect(**kwargs)
  File "/Users/yangsan/Library/Python/3.7/lib/python/site-packages/mysql/connector/abstracts.py", line 1181, in connect
    self._open_connection()
  File "/Users/yangsan/Library/Python/3.7/lib/python/site-packages/mysql/connector/connection.py", line 570, in _open_connection
    self._socket.open_connection()
  File "/Users/yangsan/Library/Python/3.7/lib/python/site-packages/mysql/connector/network.py", line 609, in open_connection
    ) from err
mysql.connector.errors.InterfaceError: 2003: Can't connect to MySQL server on 'localhost:13306' (61 Connection refused)
[2025-04-11 16:06:34] ✗ MySQL数据导出失败，错误代码: 1
[2025-04-11 16:06:34] 本次执行完成，将在5分钟后再次执行
[2025-04-11 16:06:34] --------------------------------------------
[2025-04-11 16:53:03] 开始新的迭代 - 2025-04-11 16:53:03
[2025-04-11 16:53:03] ================================================
[2025-04-11 16:53:03]       客服数据处理流程自动化脚本 v2.0 (后台定时版)
[2025-04-11 16:53:03] ================================================
[2025-04-11 16:53:03] 开始执行处理流程
[2025-04-11 16:53:03] === 步骤1: 从MySQL导出数据到TXT ===
[2025-04-11 16:53:03] 执行: python mysql_to_txt.py
开始从MySQL导出数据到文本文件...
连接尝试 1/3...
连接失败: 2003: Can't connect to MySQL server on 'localhost:13306' (61 Connection refused)
等待 5 秒后重试...
连接尝试 2/3...
连接失败: 2003: Can't connect to MySQL server on 'localhost:13306' (61 Connection refused)
等待 5 秒后重试...
连接尝试 3/3...
连接失败: 2003: Can't connect to MySQL server on 'localhost:13306' (61 Connection refused)
达到最大重试次数，放弃连接
Traceback (most recent call last):
  File "/Users/yangsan/Library/Python/3.7/lib/python/site-packages/mysql/connector/network.py", line 600, in open_connection
    self.sock.connect(sockaddr)
ConnectionRefusedError: [Errno 61] Connection refused

The above exception was the direct cause of the following exception:

Traceback (most recent call last):
  File "mysql_to_txt.py", line 215, in <module>
    main()
  File "mysql_to_txt.py", line 178, in main
    connection = connect_to_mysql_with_retry()
  File "mysql_to_txt.py", line 32, in connect_to_mysql_with_retry
    connection = mysql.connector.connect(**DB_CONFIG)
  File "/Users/yangsan/Library/Python/3.7/lib/python/site-packages/mysql/connector/pooling.py", line 294, in connect
    return MySQLConnection(*args, **kwargs)
  File "/Users/yangsan/Library/Python/3.7/lib/python/site-packages/mysql/connector/connection.py", line 164, in __init__
    self.connect(**kwargs)
  File "/Users/yangsan/Library/Python/3.7/lib/python/site-packages/mysql/connector/abstracts.py", line 1181, in connect
    self._open_connection()
  File "/Users/yangsan/Library/Python/3.7/lib/python/site-packages/mysql/connector/connection.py", line 570, in _open_connection
    self._socket.open_connection()
  File "/Users/yangsan/Library/Python/3.7/lib/python/site-packages/mysql/connector/network.py", line 609, in open_connection
    ) from err
mysql.connector.errors.InterfaceError: 2003: Can't connect to MySQL server on 'localhost:13306' (61 Connection refused)
[2025-04-11 16:53:13] ✗ MySQL数据导出失败，错误代码: 1
[2025-04-11 16:53:13] 本次执行完成，将在5分钟后再次执行
[2025-04-11 16:53:13] --------------------------------------------
[2025-04-11 18:10:35] 开始新的迭代 - 2025-04-11 18:10:35
[2025-04-11 18:10:35] ================================================
[2025-04-11 18:10:35]       客服数据处理流程自动化脚本 v2.0 (后台定时版)
[2025-04-11 18:10:35] ================================================
[2025-04-11 18:10:35] 开始执行处理流程
[2025-04-11 18:10:35] === 步骤1: 从MySQL导出数据到TXT ===
[2025-04-11 18:10:35] 执行: python mysql_to_txt.py
开始从MySQL导出数据到文本文件...
连接尝试 1/3...
连接失败: 2003: Can't connect to MySQL server on 'localhost:13306' (61 Connection refused)
等待 5 秒后重试...
连接尝试 2/3...
连接失败: 2003: Can't connect to MySQL server on 'localhost:13306' (61 Connection refused)
等待 5 秒后重试...
连接尝试 3/3...
连接失败: 2003: Can't connect to MySQL server on 'localhost:13306' (61 Connection refused)
达到最大重试次数，放弃连接
Traceback (most recent call last):
  File "/Users/yangsan/Library/Python/3.7/lib/python/site-packages/mysql/connector/network.py", line 600, in open_connection
    self.sock.connect(sockaddr)
ConnectionRefusedError: [Errno 61] Connection refused

The above exception was the direct cause of the following exception:

Traceback (most recent call last):
  File "mysql_to_txt.py", line 215, in <module>
    main()
  File "mysql_to_txt.py", line 178, in main
    connection = connect_to_mysql_with_retry()
  File "mysql_to_txt.py", line 32, in connect_to_mysql_with_retry
    connection = mysql.connector.connect(**DB_CONFIG)
  File "/Users/yangsan/Library/Python/3.7/lib/python/site-packages/mysql/connector/pooling.py", line 294, in connect
    return MySQLConnection(*args, **kwargs)
  File "/Users/yangsan/Library/Python/3.7/lib/python/site-packages/mysql/connector/connection.py", line 164, in __init__
    self.connect(**kwargs)
  File "/Users/yangsan/Library/Python/3.7/lib/python/site-packages/mysql/connector/abstracts.py", line 1181, in connect
    self._open_connection()
  File "/Users/yangsan/Library/Python/3.7/lib/python/site-packages/mysql/connector/connection.py", line 570, in _open_connection
    self._socket.open_connection()
  File "/Users/yangsan/Library/Python/3.7/lib/python/site-packages/mysql/connector/network.py", line 609, in open_connection
    ) from err
mysql.connector.errors.InterfaceError: 2003: Can't connect to MySQL server on 'localhost:13306' (61 Connection refused)
[2025-04-11 18:10:46] ✗ MySQL数据导出失败，错误代码: 1
[2025-04-11 18:10:46] 本次执行完成，将在5分钟后再次执行
[2025-04-11 18:10:46] --------------------------------------------
[2025-04-11 18:15:46] 开始新的迭代 - 2025-04-11 18:15:46
[2025-04-11 18:15:46] ================================================
[2025-04-11 18:15:46]       客服数据处理流程自动化脚本 v2.0 (后台定时版)
[2025-04-11 18:15:46] ================================================
[2025-04-11 18:15:46] 开始执行处理流程
[2025-04-11 18:15:46] === 步骤1: 从MySQL导出数据到TXT ===
[2025-04-11 18:15:46] 执行: python mysql_to_txt.py
开始从MySQL导出数据到文本文件...
连接尝试 1/3...
连接失败: 2003: Can't connect to MySQL server on 'localhost:13306' (61 Connection refused)
等待 5 秒后重试...
连接尝试 2/3...
连接失败: 2003: Can't connect to MySQL server on 'localhost:13306' (61 Connection refused)
等待 5 秒后重试...
连接尝试 3/3...
连接失败: 2003: Can't connect to MySQL server on 'localhost:13306' (61 Connection refused)
达到最大重试次数，放弃连接
Traceback (most recent call last):
  File "/Users/yangsan/Library/Python/3.7/lib/python/site-packages/mysql/connector/network.py", line 600, in open_connection
    self.sock.connect(sockaddr)
ConnectionRefusedError: [Errno 61] Connection refused

The above exception was the direct cause of the following exception:

Traceback (most recent call last):
  File "mysql_to_txt.py", line 215, in <module>
    main()
  File "mysql_to_txt.py", line 178, in main
    connection = connect_to_mysql_with_retry()
  File "mysql_to_txt.py", line 32, in connect_to_mysql_with_retry
    connection = mysql.connector.connect(**DB_CONFIG)
  File "/Users/yangsan/Library/Python/3.7/lib/python/site-packages/mysql/connector/pooling.py", line 294, in connect
    return MySQLConnection(*args, **kwargs)
  File "/Users/yangsan/Library/Python/3.7/lib/python/site-packages/mysql/connector/connection.py", line 164, in __init__
    self.connect(**kwargs)
  File "/Users/yangsan/Library/Python/3.7/lib/python/site-packages/mysql/connector/abstracts.py", line 1181, in connect
    self._open_connection()
  File "/Users/yangsan/Library/Python/3.7/lib/python/site-packages/mysql/connector/connection.py", line 570, in _open_connection
    self._socket.open_connection()
  File "/Users/yangsan/Library/Python/3.7/lib/python/site-packages/mysql/connector/network.py", line 609, in open_connection
    ) from err
mysql.connector.errors.InterfaceError: 2003: Can't connect to MySQL server on 'localhost:13306' (61 Connection refused)
[2025-04-11 18:15:56] ✗ MySQL数据导出失败，错误代码: 1
[2025-04-11 18:15:56] 本次执行完成，将在5分钟后再次执行
[2025-04-11 18:15:56] --------------------------------------------
[2025-04-11 18:20:57] 开始新的迭代 - 2025-04-11 18:20:57
[2025-04-11 18:20:57] ================================================
[2025-04-11 18:20:57]       客服数据处理流程自动化脚本 v2.0 (后台定时版)
[2025-04-11 18:20:57] ================================================
[2025-04-11 18:20:57] 开始执行处理流程
[2025-04-11 18:20:57] === 步骤1: 从MySQL导出数据到TXT ===
[2025-04-11 18:20:57] 执行: python mysql_to_txt.py
开始从MySQL导出数据到文本文件...
连接尝试 1/3...
连接失败: 2003: Can't connect to MySQL server on 'localhost:13306' (61 Connection refused)
等待 5 秒后重试...
连接尝试 2/3...
连接失败: 2003: Can't connect to MySQL server on 'localhost:13306' (61 Connection refused)
等待 5 秒后重试...
连接尝试 3/3...
连接失败: 2003: Can't connect to MySQL server on 'localhost:13306' (61 Connection refused)
达到最大重试次数，放弃连接
Traceback (most recent call last):
  File "/Users/yangsan/Library/Python/3.7/lib/python/site-packages/mysql/connector/network.py", line 600, in open_connection
    self.sock.connect(sockaddr)
ConnectionRefusedError: [Errno 61] Connection refused

The above exception was the direct cause of the following exception:

Traceback (most recent call last):
  File "mysql_to_txt.py", line 215, in <module>
    main()
  File "mysql_to_txt.py", line 178, in main
    connection = connect_to_mysql_with_retry()
  File "mysql_to_txt.py", line 32, in connect_to_mysql_with_retry
    connection = mysql.connector.connect(**DB_CONFIG)
  File "/Users/yangsan/Library/Python/3.7/lib/python/site-packages/mysql/connector/pooling.py", line 294, in connect
    return MySQLConnection(*args, **kwargs)
  File "/Users/yangsan/Library/Python/3.7/lib/python/site-packages/mysql/connector/connection.py", line 164, in __init__
    self.connect(**kwargs)
  File "/Users/yangsan/Library/Python/3.7/lib/python/site-packages/mysql/connector/abstracts.py", line 1181, in connect
    self._open_connection()
  File "/Users/yangsan/Library/Python/3.7/lib/python/site-packages/mysql/connector/connection.py", line 570, in _open_connection
    self._socket.open_connection()
  File "/Users/yangsan/Library/Python/3.7/lib/python/site-packages/mysql/connector/network.py", line 609, in open_connection
    ) from err
mysql.connector.errors.InterfaceError: 2003: Can't connect to MySQL server on 'localhost:13306' (61 Connection refused)
[2025-04-11 18:21:08] ✗ MySQL数据导出失败，错误代码: 1
[2025-04-11 18:21:08] 本次执行完成，将在5分钟后再次执行
[2025-04-11 18:21:08] --------------------------------------------
[2025-04-11 18:26:08] 开始新的迭代 - 2025-04-11 18:26:08
[2025-04-11 18:26:08] ================================================
[2025-04-11 18:26:08]       客服数据处理流程自动化脚本 v2.0 (后台定时版)
[2025-04-11 18:26:08] ================================================
[2025-04-11 18:26:08] 开始执行处理流程
[2025-04-11 18:26:08] === 步骤1: 从MySQL导出数据到TXT ===
[2025-04-11 18:26:08] 执行: python mysql_to_txt.py
开始从MySQL导出数据到文本文件...
连接尝试 1/3...
连接失败: 2003: Can't connect to MySQL server on 'localhost:13306' (61 Connection refused)
等待 5 秒后重试...
连接尝试 2/3...
连接失败: 2003: Can't connect to MySQL server on 'localhost:13306' (61 Connection refused)
等待 5 秒后重试...
连接尝试 3/3...
连接失败: 2003: Can't connect to MySQL server on 'localhost:13306' (61 Connection refused)
达到最大重试次数，放弃连接
Traceback (most recent call last):
  File "/Users/yangsan/Library/Python/3.7/lib/python/site-packages/mysql/connector/network.py", line 600, in open_connection
    self.sock.connect(sockaddr)
ConnectionRefusedError: [Errno 61] Connection refused

The above exception was the direct cause of the following exception:

Traceback (most recent call last):
  File "mysql_to_txt.py", line 215, in <module>
    main()
  File "mysql_to_txt.py", line 178, in main
    connection = connect_to_mysql_with_retry()
  File "mysql_to_txt.py", line 32, in connect_to_mysql_with_retry
    connection = mysql.connector.connect(**DB_CONFIG)
  File "/Users/yangsan/Library/Python/3.7/lib/python/site-packages/mysql/connector/pooling.py", line 294, in connect
    return MySQLConnection(*args, **kwargs)
  File "/Users/yangsan/Library/Python/3.7/lib/python/site-packages/mysql/connector/connection.py", line 164, in __init__
    self.connect(**kwargs)
  File "/Users/yangsan/Library/Python/3.7/lib/python/site-packages/mysql/connector/abstracts.py", line 1181, in connect
    self._open_connection()
  File "/Users/yangsan/Library/Python/3.7/lib/python/site-packages/mysql/connector/connection.py", line 570, in _open_connection
    self._socket.open_connection()
  File "/Users/yangsan/Library/Python/3.7/lib/python/site-packages/mysql/connector/network.py", line 609, in open_connection
    ) from err
mysql.connector.errors.InterfaceError: 2003: Can't connect to MySQL server on 'localhost:13306' (61 Connection refused)
[2025-04-11 18:26:19] ✗ MySQL数据导出失败，错误代码: 1
[2025-04-11 18:26:19] 本次执行完成，将在5分钟后再次执行
[2025-04-11 18:26:19] --------------------------------------------
[2025-04-11 18:31:19] 开始新的迭代 - 2025-04-11 18:31:19
[2025-04-11 18:31:19] ================================================
[2025-04-11 18:31:19]       客服数据处理流程自动化脚本 v2.0 (后台定时版)
[2025-04-11 18:31:19] ================================================
[2025-04-11 18:31:19] 开始执行处理流程
[2025-04-11 18:31:19] === 步骤1: 从MySQL导出数据到TXT ===
[2025-04-11 18:31:19] 执行: python mysql_to_txt.py
开始从MySQL导出数据到文本文件...
连接尝试 1/3...
连接失败: 2003: Can't connect to MySQL server on 'localhost:13306' (61 Connection refused)
等待 5 秒后重试...
连接尝试 2/3...
连接失败: 2003: Can't connect to MySQL server on 'localhost:13306' (61 Connection refused)
等待 5 秒后重试...
连接尝试 3/3...
连接失败: 2003: Can't connect to MySQL server on 'localhost:13306' (61 Connection refused)
达到最大重试次数，放弃连接
Traceback (most recent call last):
  File "/Users/yangsan/Library/Python/3.7/lib/python/site-packages/mysql/connector/network.py", line 600, in open_connection
    self.sock.connect(sockaddr)
ConnectionRefusedError: [Errno 61] Connection refused

The above exception was the direct cause of the following exception:

Traceback (most recent call last):
  File "mysql_to_txt.py", line 215, in <module>
    main()
  File "mysql_to_txt.py", line 178, in main
    connection = connect_to_mysql_with_retry()
  File "mysql_to_txt.py", line 32, in connect_to_mysql_with_retry
    connection = mysql.connector.connect(**DB_CONFIG)
  File "/Users/yangsan/Library/Python/3.7/lib/python/site-packages/mysql/connector/pooling.py", line 294, in connect
    return MySQLConnection(*args, **kwargs)
  File "/Users/yangsan/Library/Python/3.7/lib/python/site-packages/mysql/connector/connection.py", line 164, in __init__
    self.connect(**kwargs)
  File "/Users/yangsan/Library/Python/3.7/lib/python/site-packages/mysql/connector/abstracts.py", line 1181, in connect
    self._open_connection()
  File "/Users/yangsan/Library/Python/3.7/lib/python/site-packages/mysql/connector/connection.py", line 570, in _open_connection
    self._socket.open_connection()
  File "/Users/yangsan/Library/Python/3.7/lib/python/site-packages/mysql/connector/network.py", line 609, in open_connection
    ) from err
mysql.connector.errors.InterfaceError: 2003: Can't connect to MySQL server on 'localhost:13306' (61 Connection refused)
[2025-04-11 18:31:30] ✗ MySQL数据导出失败，错误代码: 1
[2025-04-11 18:31:30] 本次执行完成，将在5分钟后再次执行
[2025-04-11 18:31:30] --------------------------------------------
[2025-04-11 18:36:30] 开始新的迭代 - 2025-04-11 18:36:30
[2025-04-11 18:36:30] ================================================
[2025-04-11 18:36:30]       客服数据处理流程自动化脚本 v2.0 (后台定时版)
[2025-04-11 18:36:30] ================================================
[2025-04-11 18:36:30] 开始执行处理流程
[2025-04-11 18:36:30] === 步骤1: 从MySQL导出数据到TXT ===
[2025-04-11 18:36:30] 执行: python mysql_to_txt.py
开始从MySQL导出数据到文本文件...
连接尝试 1/3...
连接失败: 2003: Can't connect to MySQL server on 'localhost:13306' (61 Connection refused)
等待 5 秒后重试...
连接尝试 2/3...
连接失败: 2003: Can't connect to MySQL server on 'localhost:13306' (61 Connection refused)
等待 5 秒后重试...
连接尝试 3/3...
连接失败: 2003: Can't connect to MySQL server on 'localhost:13306' (61 Connection refused)
达到最大重试次数，放弃连接
Traceback (most recent call last):
  File "/Users/yangsan/Library/Python/3.7/lib/python/site-packages/mysql/connector/network.py", line 600, in open_connection
    self.sock.connect(sockaddr)
ConnectionRefusedError: [Errno 61] Connection refused

The above exception was the direct cause of the following exception:

Traceback (most recent call last):
  File "mysql_to_txt.py", line 215, in <module>
    main()
  File "mysql_to_txt.py", line 178, in main
    connection = connect_to_mysql_with_retry()
  File "mysql_to_txt.py", line 32, in connect_to_mysql_with_retry
    connection = mysql.connector.connect(**DB_CONFIG)
  File "/Users/yangsan/Library/Python/3.7/lib/python/site-packages/mysql/connector/pooling.py", line 294, in connect
    return MySQLConnection(*args, **kwargs)
  File "/Users/yangsan/Library/Python/3.7/lib/python/site-packages/mysql/connector/connection.py", line 164, in __init__
    self.connect(**kwargs)
  File "/Users/yangsan/Library/Python/3.7/lib/python/site-packages/mysql/connector/abstracts.py", line 1181, in connect
    self._open_connection()
  File "/Users/yangsan/Library/Python/3.7/lib/python/site-packages/mysql/connector/connection.py", line 570, in _open_connection
    self._socket.open_connection()
  File "/Users/yangsan/Library/Python/3.7/lib/python/site-packages/mysql/connector/network.py", line 609, in open_connection
    ) from err
mysql.connector.errors.InterfaceError: 2003: Can't connect to MySQL server on 'localhost:13306' (61 Connection refused)
[2025-04-11 18:36:40] ✗ MySQL数据导出失败，错误代码: 1
[2025-04-11 18:36:40] 本次执行完成，将在5分钟后再次执行
[2025-04-11 18:36:40] --------------------------------------------
[2025-04-11 18:41:40] 开始新的迭代 - 2025-04-11 18:41:40
[2025-04-11 18:41:40] ================================================
[2025-04-11 18:41:40]       客服数据处理流程自动化脚本 v2.0 (后台定时版)
[2025-04-11 18:41:40] ================================================
[2025-04-11 18:41:40] 开始执行处理流程
[2025-04-11 18:41:40] === 步骤1: 从MySQL导出数据到TXT ===
[2025-04-11 18:41:40] 执行: python mysql_to_txt.py
开始从MySQL导出数据到文本文件...
连接尝试 1/3...
连接失败: 2003: Can't connect to MySQL server on 'localhost:13306' (61 Connection refused)
等待 5 秒后重试...
连接尝试 2/3...
连接失败: 2003: Can't connect to MySQL server on 'localhost:13306' (61 Connection refused)
等待 5 秒后重试...
连接尝试 3/3...
连接失败: 2003: Can't connect to MySQL server on 'localhost:13306' (61 Connection refused)
达到最大重试次数，放弃连接
Traceback (most recent call last):
  File "/Users/yangsan/Library/Python/3.7/lib/python/site-packages/mysql/connector/network.py", line 600, in open_connection
    self.sock.connect(sockaddr)
ConnectionRefusedError: [Errno 61] Connection refused

The above exception was the direct cause of the following exception:

Traceback (most recent call last):
  File "mysql_to_txt.py", line 215, in <module>
    main()
  File "mysql_to_txt.py", line 178, in main
    connection = connect_to_mysql_with_retry()
  File "mysql_to_txt.py", line 32, in connect_to_mysql_with_retry
    connection = mysql.connector.connect(**DB_CONFIG)
  File "/Users/yangsan/Library/Python/3.7/lib/python/site-packages/mysql/connector/pooling.py", line 294, in connect
    return MySQLConnection(*args, **kwargs)
  File "/Users/yangsan/Library/Python/3.7/lib/python/site-packages/mysql/connector/connection.py", line 164, in __init__
    self.connect(**kwargs)
  File "/Users/yangsan/Library/Python/3.7/lib/python/site-packages/mysql/connector/abstracts.py", line 1181, in connect
    self._open_connection()
  File "/Users/yangsan/Library/Python/3.7/lib/python/site-packages/mysql/connector/connection.py", line 570, in _open_connection
    self._socket.open_connection()
  File "/Users/yangsan/Library/Python/3.7/lib/python/site-packages/mysql/connector/network.py", line 609, in open_connection
    ) from err
mysql.connector.errors.InterfaceError: 2003: Can't connect to MySQL server on 'localhost:13306' (61 Connection refused)
[2025-04-11 18:41:51] ✗ MySQL数据导出失败，错误代码: 1
[2025-04-11 18:41:51] 本次执行完成，将在5分钟后再次执行
[2025-04-11 18:41:51] --------------------------------------------
[2025-04-11 18:46:51] 开始新的迭代 - 2025-04-11 18:46:51
[2025-04-11 18:46:51] ================================================
[2025-04-11 18:46:51]       客服数据处理流程自动化脚本 v2.0 (后台定时版)
[2025-04-11 18:46:51] ================================================
[2025-04-11 18:46:51] 开始执行处理流程
[2025-04-11 18:46:51] === 步骤1: 从MySQL导出数据到TXT ===
[2025-04-11 18:46:51] 执行: python mysql_to_txt.py
开始从MySQL导出数据到文本文件...
连接尝试 1/3...
连接失败: 2003: Can't connect to MySQL server on 'localhost:13306' (61 Connection refused)
等待 5 秒后重试...
连接尝试 2/3...
连接失败: 2003: Can't connect to MySQL server on 'localhost:13306' (61 Connection refused)
等待 5 秒后重试...
连接尝试 3/3...
连接失败: 2003: Can't connect to MySQL server on 'localhost:13306' (61 Connection refused)
达到最大重试次数，放弃连接
Traceback (most recent call last):
  File "/Users/yangsan/Library/Python/3.7/lib/python/site-packages/mysql/connector/network.py", line 600, in open_connection
    self.sock.connect(sockaddr)
ConnectionRefusedError: [Errno 61] Connection refused

The above exception was the direct cause of the following exception:

Traceback (most recent call last):
  File "mysql_to_txt.py", line 215, in <module>
    main()
  File "mysql_to_txt.py", line 178, in main
    connection = connect_to_mysql_with_retry()
  File "mysql_to_txt.py", line 32, in connect_to_mysql_with_retry
    connection = mysql.connector.connect(**DB_CONFIG)
  File "/Users/yangsan/Library/Python/3.7/lib/python/site-packages/mysql/connector/pooling.py", line 294, in connect
    return MySQLConnection(*args, **kwargs)
  File "/Users/yangsan/Library/Python/3.7/lib/python/site-packages/mysql/connector/connection.py", line 164, in __init__
    self.connect(**kwargs)
  File "/Users/yangsan/Library/Python/3.7/lib/python/site-packages/mysql/connector/abstracts.py", line 1181, in connect
    self._open_connection()
  File "/Users/yangsan/Library/Python/3.7/lib/python/site-packages/mysql/connector/connection.py", line 570, in _open_connection
    self._socket.open_connection()
  File "/Users/yangsan/Library/Python/3.7/lib/python/site-packages/mysql/connector/network.py", line 609, in open_connection
    ) from err
mysql.connector.errors.InterfaceError: 2003: Can't connect to MySQL server on 'localhost:13306' (61 Connection refused)
[2025-04-11 18:47:01] ✗ MySQL数据导出失败，错误代码: 1
[2025-04-11 18:47:01] 本次执行完成，将在5分钟后再次执行
[2025-04-11 18:47:01] --------------------------------------------
[2025-04-11 18:52:01] 开始新的迭代 - 2025-04-11 18:52:01
[2025-04-11 18:52:01] ================================================
[2025-04-11 18:52:01]       客服数据处理流程自动化脚本 v2.0 (后台定时版)
[2025-04-11 18:52:01] ================================================
[2025-04-11 18:52:01] 开始执行处理流程
[2025-04-11 18:52:01] === 步骤1: 从MySQL导出数据到TXT ===
[2025-04-11 18:52:01] 执行: python mysql_to_txt.py
开始从MySQL导出数据到文本文件...
连接尝试 1/3...
连接失败: 2003: Can't connect to MySQL server on 'localhost:13306' (61 Connection refused)
等待 5 秒后重试...
连接尝试 2/3...
连接失败: 2003: Can't connect to MySQL server on 'localhost:13306' (61 Connection refused)
等待 5 秒后重试...
连接尝试 3/3...
连接失败: 2003: Can't connect to MySQL server on 'localhost:13306' (61 Connection refused)
达到最大重试次数，放弃连接
Traceback (most recent call last):
  File "/Users/yangsan/Library/Python/3.7/lib/python/site-packages/mysql/connector/network.py", line 600, in open_connection
    self.sock.connect(sockaddr)
ConnectionRefusedError: [Errno 61] Connection refused

The above exception was the direct cause of the following exception:

Traceback (most recent call last):
  File "mysql_to_txt.py", line 215, in <module>
    main()
  File "mysql_to_txt.py", line 178, in main
    connection = connect_to_mysql_with_retry()
  File "mysql_to_txt.py", line 32, in connect_to_mysql_with_retry
    connection = mysql.connector.connect(**DB_CONFIG)
  File "/Users/yangsan/Library/Python/3.7/lib/python/site-packages/mysql/connector/pooling.py", line 294, in connect
    return MySQLConnection(*args, **kwargs)
  File "/Users/yangsan/Library/Python/3.7/lib/python/site-packages/mysql/connector/connection.py", line 164, in __init__
    self.connect(**kwargs)
  File "/Users/yangsan/Library/Python/3.7/lib/python/site-packages/mysql/connector/abstracts.py", line 1181, in connect
    self._open_connection()
  File "/Users/yangsan/Library/Python/3.7/lib/python/site-packages/mysql/connector/connection.py", line 570, in _open_connection
    self._socket.open_connection()
  File "/Users/yangsan/Library/Python/3.7/lib/python/site-packages/mysql/connector/network.py", line 609, in open_connection
    ) from err
mysql.connector.errors.InterfaceError: 2003: Can't connect to MySQL server on 'localhost:13306' (61 Connection refused)
[2025-04-11 18:52:12] ✗ MySQL数据导出失败，错误代码: 1
[2025-04-11 18:52:12] 本次执行完成，将在5分钟后再次执行
[2025-04-11 18:52:12] --------------------------------------------
[2025-04-11 18:57:12] 开始新的迭代 - 2025-04-11 18:57:12
[2025-04-11 18:57:12] ================================================
[2025-04-11 18:57:12]       客服数据处理流程自动化脚本 v2.0 (后台定时版)
[2025-04-11 18:57:12] ================================================
[2025-04-11 18:57:12] 开始执行处理流程
[2025-04-11 18:57:12] === 步骤1: 从MySQL导出数据到TXT ===
[2025-04-11 18:57:12] 执行: python mysql_to_txt.py
开始从MySQL导出数据到文本文件...
连接尝试 1/3...
连接失败: 2003: Can't connect to MySQL server on 'localhost:13306' (61 Connection refused)
等待 5 秒后重试...
连接尝试 2/3...
连接失败: 2003: Can't connect to MySQL server on 'localhost:13306' (61 Connection refused)
等待 5 秒后重试...
连接尝试 3/3...
连接失败: 2003: Can't connect to MySQL server on 'localhost:13306' (61 Connection refused)
达到最大重试次数，放弃连接
Traceback (most recent call last):
  File "/Users/yangsan/Library/Python/3.7/lib/python/site-packages/mysql/connector/network.py", line 600, in open_connection
    self.sock.connect(sockaddr)
ConnectionRefusedError: [Errno 61] Connection refused

The above exception was the direct cause of the following exception:

Traceback (most recent call last):
  File "mysql_to_txt.py", line 215, in <module>
    main()
  File "mysql_to_txt.py", line 178, in main
    connection = connect_to_mysql_with_retry()
  File "mysql_to_txt.py", line 32, in connect_to_mysql_with_retry
    connection = mysql.connector.connect(**DB_CONFIG)
  File "/Users/yangsan/Library/Python/3.7/lib/python/site-packages/mysql/connector/pooling.py", line 294, in connect
    return MySQLConnection(*args, **kwargs)
  File "/Users/yangsan/Library/Python/3.7/lib/python/site-packages/mysql/connector/connection.py", line 164, in __init__
    self.connect(**kwargs)
  File "/Users/yangsan/Library/Python/3.7/lib/python/site-packages/mysql/connector/abstracts.py", line 1181, in connect
    self._open_connection()
  File "/Users/yangsan/Library/Python/3.7/lib/python/site-packages/mysql/connector/connection.py", line 570, in _open_connection
    self._socket.open_connection()
  File "/Users/yangsan/Library/Python/3.7/lib/python/site-packages/mysql/connector/network.py", line 609, in open_connection
    ) from err
mysql.connector.errors.InterfaceError: 2003: Can't connect to MySQL server on 'localhost:13306' (61 Connection refused)
[2025-04-11 18:57:22] ✗ MySQL数据导出失败，错误代码: 1
[2025-04-11 18:57:22] 本次执行完成，将在5分钟后再次执行
[2025-04-11 18:57:22] --------------------------------------------
[2025-04-11 19:02:22] 开始新的迭代 - 2025-04-11 19:02:22
[2025-04-11 19:02:22] ================================================
[2025-04-11 19:02:22]       客服数据处理流程自动化脚本 v2.0 (后台定时版)
[2025-04-11 19:02:22] ================================================
[2025-04-11 19:02:22] 开始执行处理流程
[2025-04-11 19:02:22] === 步骤1: 从MySQL导出数据到TXT ===
[2025-04-11 19:02:22] 执行: python mysql_to_txt.py
开始从MySQL导出数据到文本文件...
连接尝试 1/3...
连接失败: 2003: Can't connect to MySQL server on 'localhost:13306' (61 Connection refused)
等待 5 秒后重试...
连接尝试 2/3...
连接失败: 2003: Can't connect to MySQL server on 'localhost:13306' (61 Connection refused)
等待 5 秒后重试...
连接尝试 3/3...
连接失败: 2003: Can't connect to MySQL server on 'localhost:13306' (61 Connection refused)
达到最大重试次数，放弃连接
Traceback (most recent call last):
  File "/Users/yangsan/Library/Python/3.7/lib/python/site-packages/mysql/connector/network.py", line 600, in open_connection
    self.sock.connect(sockaddr)
ConnectionRefusedError: [Errno 61] Connection refused

The above exception was the direct cause of the following exception:

Traceback (most recent call last):
  File "mysql_to_txt.py", line 215, in <module>
    main()
  File "mysql_to_txt.py", line 178, in main
    connection = connect_to_mysql_with_retry()
  File "mysql_to_txt.py", line 32, in connect_to_mysql_with_retry
    connection = mysql.connector.connect(**DB_CONFIG)
  File "/Users/yangsan/Library/Python/3.7/lib/python/site-packages/mysql/connector/pooling.py", line 294, in connect
    return MySQLConnection(*args, **kwargs)
  File "/Users/yangsan/Library/Python/3.7/lib/python/site-packages/mysql/connector/connection.py", line 164, in __init__
    self.connect(**kwargs)
  File "/Users/yangsan/Library/Python/3.7/lib/python/site-packages/mysql/connector/abstracts.py", line 1181, in connect
    self._open_connection()
  File "/Users/yangsan/Library/Python/3.7/lib/python/site-packages/mysql/connector/connection.py", line 570, in _open_connection
    self._socket.open_connection()
  File "/Users/yangsan/Library/Python/3.7/lib/python/site-packages/mysql/connector/network.py", line 609, in open_connection
    ) from err
mysql.connector.errors.InterfaceError: 2003: Can't connect to MySQL server on 'localhost:13306' (61 Connection refused)
[2025-04-11 19:02:33] ✗ MySQL数据导出失败，错误代码: 1
[2025-04-11 19:02:33] 本次执行完成，将在5分钟后再次执行
[2025-04-11 19:02:33] --------------------------------------------
[2025-04-11 19:07:33] 开始新的迭代 - 2025-04-11 19:07:33
[2025-04-11 19:07:33] ================================================
[2025-04-11 19:07:33]       客服数据处理流程自动化脚本 v2.0 (后台定时版)
[2025-04-11 19:07:33] ================================================
[2025-04-11 19:07:33] 开始执行处理流程
[2025-04-11 19:07:33] === 步骤1: 从MySQL导出数据到TXT ===
[2025-04-11 19:07:33] 执行: python mysql_to_txt.py
开始从MySQL导出数据到文本文件...
连接尝试 1/3...
连接失败: 2003: Can't connect to MySQL server on 'localhost:13306' (61 Connection refused)
等待 5 秒后重试...
连接尝试 2/3...
连接失败: 2003: Can't connect to MySQL server on 'localhost:13306' (61 Connection refused)
等待 5 秒后重试...
连接尝试 3/3...
连接失败: 2003: Can't connect to MySQL server on 'localhost:13306' (61 Connection refused)
达到最大重试次数，放弃连接
Traceback (most recent call last):
  File "/Users/yangsan/Library/Python/3.7/lib/python/site-packages/mysql/connector/network.py", line 600, in open_connection
    self.sock.connect(sockaddr)
ConnectionRefusedError: [Errno 61] Connection refused

The above exception was the direct cause of the following exception:

Traceback (most recent call last):
  File "mysql_to_txt.py", line 215, in <module>
    main()
  File "mysql_to_txt.py", line 178, in main
    connection = connect_to_mysql_with_retry()
  File "mysql_to_txt.py", line 32, in connect_to_mysql_with_retry
    connection = mysql.connector.connect(**DB_CONFIG)
  File "/Users/yangsan/Library/Python/3.7/lib/python/site-packages/mysql/connector/pooling.py", line 294, in connect
    return MySQLConnection(*args, **kwargs)
  File "/Users/yangsan/Library/Python/3.7/lib/python/site-packages/mysql/connector/connection.py", line 164, in __init__
    self.connect(**kwargs)
  File "/Users/yangsan/Library/Python/3.7/lib/python/site-packages/mysql/connector/abstracts.py", line 1181, in connect
    self._open_connection()
  File "/Users/yangsan/Library/Python/3.7/lib/python/site-packages/mysql/connector/connection.py", line 570, in _open_connection
    self._socket.open_connection()
  File "/Users/yangsan/Library/Python/3.7/lib/python/site-packages/mysql/connector/network.py", line 609, in open_connection
    ) from err
mysql.connector.errors.InterfaceError: 2003: Can't connect to MySQL server on 'localhost:13306' (61 Connection refused)
[2025-04-11 19:07:43] ✗ MySQL数据导出失败，错误代码: 1
[2025-04-11 19:07:43] 本次执行完成，将在5分钟后再次执行
[2025-04-11 19:07:43] --------------------------------------------
[2025-04-11 19:12:43] 开始新的迭代 - 2025-04-11 19:12:43
[2025-04-11 19:12:43] ================================================
[2025-04-11 19:12:43]       客服数据处理流程自动化脚本 v2.0 (后台定时版)
[2025-04-11 19:12:43] ================================================
[2025-04-11 19:12:43] 开始执行处理流程
[2025-04-11 19:12:43] === 步骤1: 从MySQL导出数据到TXT ===
[2025-04-11 19:12:43] 执行: python mysql_to_txt.py
开始从MySQL导出数据到文本文件...
连接尝试 1/3...
连接失败: 2003: Can't connect to MySQL server on 'localhost:13306' (61 Connection refused)
等待 5 秒后重试...
连接尝试 2/3...
连接失败: 2003: Can't connect to MySQL server on 'localhost:13306' (61 Connection refused)
等待 5 秒后重试...
连接尝试 3/3...
连接失败: 2003: Can't connect to MySQL server on 'localhost:13306' (61 Connection refused)
达到最大重试次数，放弃连接
Traceback (most recent call last):
  File "/Users/yangsan/Library/Python/3.7/lib/python/site-packages/mysql/connector/network.py", line 600, in open_connection
    self.sock.connect(sockaddr)
ConnectionRefusedError: [Errno 61] Connection refused

The above exception was the direct cause of the following exception:

Traceback (most recent call last):
  File "mysql_to_txt.py", line 215, in <module>
    main()
  File "mysql_to_txt.py", line 178, in main
    connection = connect_to_mysql_with_retry()
  File "mysql_to_txt.py", line 32, in connect_to_mysql_with_retry
    connection = mysql.connector.connect(**DB_CONFIG)
  File "/Users/yangsan/Library/Python/3.7/lib/python/site-packages/mysql/connector/pooling.py", line 294, in connect
    return MySQLConnection(*args, **kwargs)
  File "/Users/yangsan/Library/Python/3.7/lib/python/site-packages/mysql/connector/connection.py", line 164, in __init__
    self.connect(**kwargs)
  File "/Users/yangsan/Library/Python/3.7/lib/python/site-packages/mysql/connector/abstracts.py", line 1181, in connect
    self._open_connection()
  File "/Users/yangsan/Library/Python/3.7/lib/python/site-packages/mysql/connector/connection.py", line 570, in _open_connection
    self._socket.open_connection()
  File "/Users/yangsan/Library/Python/3.7/lib/python/site-packages/mysql/connector/network.py", line 609, in open_connection
    ) from err
mysql.connector.errors.InterfaceError: 2003: Can't connect to MySQL server on 'localhost:13306' (61 Connection refused)
[2025-04-11 19:12:54] ✗ MySQL数据导出失败，错误代码: 1
[2025-04-11 19:12:54] 本次执行完成，将在5分钟后再次执行
[2025-04-11 19:12:54] --------------------------------------------
[2025-04-11 19:17:54] 开始新的迭代 - 2025-04-11 19:17:54
[2025-04-11 19:17:54] ================================================
[2025-04-11 19:17:54]       客服数据处理流程自动化脚本 v2.0 (后台定时版)
[2025-04-11 19:17:55] ================================================
[2025-04-11 19:17:55] 开始执行处理流程
[2025-04-11 19:17:55] === 步骤1: 从MySQL导出数据到TXT ===
[2025-04-11 19:17:55] 执行: python mysql_to_txt.py
开始从MySQL导出数据到文本文件...
连接尝试 1/3...
连接失败: 2003: Can't connect to MySQL server on 'localhost:13306' (61 Connection refused)
等待 5 秒后重试...
连接尝试 2/3...
连接失败: 2003: Can't connect to MySQL server on 'localhost:13306' (61 Connection refused)
等待 5 秒后重试...
连接尝试 3/3...
连接失败: 2003: Can't connect to MySQL server on 'localhost:13306' (61 Connection refused)
达到最大重试次数，放弃连接
Traceback (most recent call last):
  File "/Users/yangsan/Library/Python/3.7/lib/python/site-packages/mysql/connector/network.py", line 600, in open_connection
    self.sock.connect(sockaddr)
ConnectionRefusedError: [Errno 61] Connection refused

The above exception was the direct cause of the following exception:

Traceback (most recent call last):
  File "mysql_to_txt.py", line 215, in <module>
    main()
  File "mysql_to_txt.py", line 178, in main
    connection = connect_to_mysql_with_retry()
  File "mysql_to_txt.py", line 32, in connect_to_mysql_with_retry
    connection = mysql.connector.connect(**DB_CONFIG)
  File "/Users/yangsan/Library/Python/3.7/lib/python/site-packages/mysql/connector/pooling.py", line 294, in connect
    return MySQLConnection(*args, **kwargs)
  File "/Users/yangsan/Library/Python/3.7/lib/python/site-packages/mysql/connector/connection.py", line 164, in __init__
    self.connect(**kwargs)
  File "/Users/yangsan/Library/Python/3.7/lib/python/site-packages/mysql/connector/abstracts.py", line 1181, in connect
    self._open_connection()
  File "/Users/yangsan/Library/Python/3.7/lib/python/site-packages/mysql/connector/connection.py", line 570, in _open_connection
    self._socket.open_connection()
  File "/Users/yangsan/Library/Python/3.7/lib/python/site-packages/mysql/connector/network.py", line 609, in open_connection
    ) from err
mysql.connector.errors.InterfaceError: 2003: Can't connect to MySQL server on 'localhost:13306' (61 Connection refused)
[2025-04-11 19:18:05] ✗ MySQL数据导出失败，错误代码: 1
[2025-04-11 19:18:05] 本次执行完成，将在5分钟后再次执行
[2025-04-11 19:18:05] --------------------------------------------
[2025-04-11 19:23:05] 开始新的迭代 - 2025-04-11 19:23:05
[2025-04-11 19:23:05] ================================================
[2025-04-11 19:23:05]       客服数据处理流程自动化脚本 v2.0 (后台定时版)
[2025-04-11 19:23:05] ================================================
[2025-04-11 19:23:05] 开始执行处理流程
[2025-04-11 19:23:05] === 步骤1: 从MySQL导出数据到TXT ===
[2025-04-11 19:23:05] 执行: python mysql_to_txt.py
开始从MySQL导出数据到文本文件...
连接尝试 1/3...
连接失败: 2003: Can't connect to MySQL server on 'localhost:13306' (61 Connection refused)
等待 5 秒后重试...
连接尝试 2/3...
连接失败: 2003: Can't connect to MySQL server on 'localhost:13306' (61 Connection refused)
等待 5 秒后重试...
连接尝试 3/3...
连接失败: 2003: Can't connect to MySQL server on 'localhost:13306' (61 Connection refused)
达到最大重试次数，放弃连接
Traceback (most recent call last):
  File "/Users/yangsan/Library/Python/3.7/lib/python/site-packages/mysql/connector/network.py", line 600, in open_connection
    self.sock.connect(sockaddr)
ConnectionRefusedError: [Errno 61] Connection refused

The above exception was the direct cause of the following exception:

Traceback (most recent call last):
  File "mysql_to_txt.py", line 215, in <module>
    main()
  File "mysql_to_txt.py", line 178, in main
    connection = connect_to_mysql_with_retry()
  File "mysql_to_txt.py", line 32, in connect_to_mysql_with_retry
    connection = mysql.connector.connect(**DB_CONFIG)
  File "/Users/yangsan/Library/Python/3.7/lib/python/site-packages/mysql/connector/pooling.py", line 294, in connect
    return MySQLConnection(*args, **kwargs)
  File "/Users/yangsan/Library/Python/3.7/lib/python/site-packages/mysql/connector/connection.py", line 164, in __init__
    self.connect(**kwargs)
  File "/Users/yangsan/Library/Python/3.7/lib/python/site-packages/mysql/connector/abstracts.py", line 1181, in connect
    self._open_connection()
  File "/Users/yangsan/Library/Python/3.7/lib/python/site-packages/mysql/connector/connection.py", line 570, in _open_connection
    self._socket.open_connection()
  File "/Users/yangsan/Library/Python/3.7/lib/python/site-packages/mysql/connector/network.py", line 609, in open_connection
    ) from err
mysql.connector.errors.InterfaceError: 2003: Can't connect to MySQL server on 'localhost:13306' (61 Connection refused)
[2025-04-11 19:23:15] ✗ MySQL数据导出失败，错误代码: 1
[2025-04-11 19:23:15] 本次执行完成，将在5分钟后再次执行
[2025-04-11 19:23:15] --------------------------------------------
[2025-04-11 19:28:15] 开始新的迭代 - 2025-04-11 19:28:15
[2025-04-11 19:28:15] ================================================
[2025-04-11 19:28:15]       客服数据处理流程自动化脚本 v2.0 (后台定时版)
[2025-04-11 19:28:15] ================================================
[2025-04-11 19:28:15] 开始执行处理流程
[2025-04-11 19:28:15] === 步骤1: 从MySQL导出数据到TXT ===
[2025-04-11 19:28:15] 执行: python mysql_to_txt.py
开始从MySQL导出数据到文本文件...
连接尝试 1/3...
连接失败: 2003: Can't connect to MySQL server on 'localhost:13306' (61 Connection refused)
等待 5 秒后重试...
连接尝试 2/3...
连接失败: 2003: Can't connect to MySQL server on 'localhost:13306' (61 Connection refused)
等待 5 秒后重试...
连接尝试 3/3...
连接失败: 2003: Can't connect to MySQL server on 'localhost:13306' (61 Connection refused)
达到最大重试次数，放弃连接
Traceback (most recent call last):
  File "/Users/yangsan/Library/Python/3.7/lib/python/site-packages/mysql/connector/network.py", line 600, in open_connection
    self.sock.connect(sockaddr)
ConnectionRefusedError: [Errno 61] Connection refused

The above exception was the direct cause of the following exception:

Traceback (most recent call last):
  File "mysql_to_txt.py", line 215, in <module>
    main()
  File "mysql_to_txt.py", line 178, in main
    connection = connect_to_mysql_with_retry()
  File "mysql_to_txt.py", line 32, in connect_to_mysql_with_retry
    connection = mysql.connector.connect(**DB_CONFIG)
  File "/Users/yangsan/Library/Python/3.7/lib/python/site-packages/mysql/connector/pooling.py", line 294, in connect
    return MySQLConnection(*args, **kwargs)
  File "/Users/yangsan/Library/Python/3.7/lib/python/site-packages/mysql/connector/connection.py", line 164, in __init__
    self.connect(**kwargs)
  File "/Users/yangsan/Library/Python/3.7/lib/python/site-packages/mysql/connector/abstracts.py", line 1181, in connect
    self._open_connection()
  File "/Users/yangsan/Library/Python/3.7/lib/python/site-packages/mysql/connector/connection.py", line 570, in _open_connection
    self._socket.open_connection()
  File "/Users/yangsan/Library/Python/3.7/lib/python/site-packages/mysql/connector/network.py", line 609, in open_connection
    ) from err
mysql.connector.errors.InterfaceError: 2003: Can't connect to MySQL server on 'localhost:13306' (61 Connection refused)
[2025-04-11 19:28:26] ✗ MySQL数据导出失败，错误代码: 1
[2025-04-11 19:28:26] 本次执行完成，将在5分钟后再次执行
[2025-04-11 19:28:26] --------------------------------------------
[2025-04-11 19:33:26] 开始新的迭代 - 2025-04-11 19:33:26
[2025-04-11 19:33:26] ================================================
[2025-04-11 19:33:26]       客服数据处理流程自动化脚本 v2.0 (后台定时版)
[2025-04-11 19:33:26] ================================================
[2025-04-11 19:33:26] 开始执行处理流程
[2025-04-11 19:33:26] === 步骤1: 从MySQL导出数据到TXT ===
[2025-04-11 19:33:26] 执行: python mysql_to_txt.py
开始从MySQL导出数据到文本文件...
连接尝试 1/3...
连接失败: 2003: Can't connect to MySQL server on 'localhost:13306' (61 Connection refused)
等待 5 秒后重试...
连接尝试 2/3...
连接失败: 2003: Can't connect to MySQL server on 'localhost:13306' (61 Connection refused)
等待 5 秒后重试...
连接尝试 3/3...
连接失败: 2003: Can't connect to MySQL server on 'localhost:13306' (61 Connection refused)
达到最大重试次数，放弃连接
Traceback (most recent call last):
  File "/Users/yangsan/Library/Python/3.7/lib/python/site-packages/mysql/connector/network.py", line 600, in open_connection
    self.sock.connect(sockaddr)
ConnectionRefusedError: [Errno 61] Connection refused

The above exception was the direct cause of the following exception:

Traceback (most recent call last):
  File "mysql_to_txt.py", line 215, in <module>
    main()
  File "mysql_to_txt.py", line 178, in main
    connection = connect_to_mysql_with_retry()
  File "mysql_to_txt.py", line 32, in connect_to_mysql_with_retry
    connection = mysql.connector.connect(**DB_CONFIG)
  File "/Users/yangsan/Library/Python/3.7/lib/python/site-packages/mysql/connector/pooling.py", line 294, in connect
    return MySQLConnection(*args, **kwargs)
  File "/Users/yangsan/Library/Python/3.7/lib/python/site-packages/mysql/connector/connection.py", line 164, in __init__
    self.connect(**kwargs)
  File "/Users/yangsan/Library/Python/3.7/lib/python/site-packages/mysql/connector/abstracts.py", line 1181, in connect
    self._open_connection()
  File "/Users/yangsan/Library/Python/3.7/lib/python/site-packages/mysql/connector/connection.py", line 570, in _open_connection
    self._socket.open_connection()
  File "/Users/yangsan/Library/Python/3.7/lib/python/site-packages/mysql/connector/network.py", line 609, in open_connection
    ) from err
mysql.connector.errors.InterfaceError: 2003: Can't connect to MySQL server on 'localhost:13306' (61 Connection refused)
[2025-04-11 19:33:37] ✗ MySQL数据导出失败，错误代码: 1
[2025-04-11 19:33:37] 本次执行完成，将在5分钟后再次执行
[2025-04-11 19:33:37] --------------------------------------------
[2025-04-11 19:38:37] 开始新的迭代 - 2025-04-11 19:38:37
[2025-04-11 19:38:37] ================================================
[2025-04-11 19:38:37]       客服数据处理流程自动化脚本 v2.0 (后台定时版)
[2025-04-11 19:38:37] ================================================
[2025-04-11 19:38:37] 开始执行处理流程
[2025-04-11 19:38:37] === 步骤1: 从MySQL导出数据到TXT ===
[2025-04-11 19:38:37] 执行: python mysql_to_txt.py
开始从MySQL导出数据到文本文件...
连接尝试 1/3...
连接失败: 2003: Can't connect to MySQL server on 'localhost:13306' (61 Connection refused)
等待 5 秒后重试...
连接尝试 2/3...
连接失败: 2003: Can't connect to MySQL server on 'localhost:13306' (61 Connection refused)
等待 5 秒后重试...
连接尝试 3/3...
连接失败: 2003: Can't connect to MySQL server on 'localhost:13306' (61 Connection refused)
达到最大重试次数，放弃连接
Traceback (most recent call last):
  File "/Users/yangsan/Library/Python/3.7/lib/python/site-packages/mysql/connector/network.py", line 600, in open_connection
    self.sock.connect(sockaddr)
ConnectionRefusedError: [Errno 61] Connection refused

The above exception was the direct cause of the following exception:

Traceback (most recent call last):
  File "mysql_to_txt.py", line 215, in <module>
    main()
  File "mysql_to_txt.py", line 178, in main
    connection = connect_to_mysql_with_retry()
  File "mysql_to_txt.py", line 32, in connect_to_mysql_with_retry
    connection = mysql.connector.connect(**DB_CONFIG)
  File "/Users/yangsan/Library/Python/3.7/lib/python/site-packages/mysql/connector/pooling.py", line 294, in connect
    return MySQLConnection(*args, **kwargs)
  File "/Users/yangsan/Library/Python/3.7/lib/python/site-packages/mysql/connector/connection.py", line 164, in __init__
    self.connect(**kwargs)
  File "/Users/yangsan/Library/Python/3.7/lib/python/site-packages/mysql/connector/abstracts.py", line 1181, in connect
    self._open_connection()
  File "/Users/yangsan/Library/Python/3.7/lib/python/site-packages/mysql/connector/connection.py", line 570, in _open_connection
    self._socket.open_connection()
  File "/Users/yangsan/Library/Python/3.7/lib/python/site-packages/mysql/connector/network.py", line 609, in open_connection
    ) from err
mysql.connector.errors.InterfaceError: 2003: Can't connect to MySQL server on 'localhost:13306' (61 Connection refused)
[2025-04-11 19:38:48] ✗ MySQL数据导出失败，错误代码: 1
[2025-04-11 19:38:48] 本次执行完成，将在5分钟后再次执行
[2025-04-11 19:38:48] --------------------------------------------
[2025-04-11 19:43:48] 开始新的迭代 - 2025-04-11 19:43:48
[2025-04-11 19:43:48] ================================================
[2025-04-11 19:43:48]       客服数据处理流程自动化脚本 v2.0 (后台定时版)
[2025-04-11 19:43:48] ================================================
[2025-04-11 19:43:48] 开始执行处理流程
[2025-04-11 19:43:48] === 步骤1: 从MySQL导出数据到TXT ===
[2025-04-11 19:43:48] 执行: python mysql_to_txt.py
开始从MySQL导出数据到文本文件...
连接尝试 1/3...
连接失败: 2003: Can't connect to MySQL server on 'localhost:13306' (61 Connection refused)
等待 5 秒后重试...
连接尝试 2/3...
连接失败: 2003: Can't connect to MySQL server on 'localhost:13306' (61 Connection refused)
等待 5 秒后重试...
连接尝试 3/3...
连接失败: 2003: Can't connect to MySQL server on 'localhost:13306' (61 Connection refused)
达到最大重试次数，放弃连接
Traceback (most recent call last):
  File "/Users/yangsan/Library/Python/3.7/lib/python/site-packages/mysql/connector/network.py", line 600, in open_connection
    self.sock.connect(sockaddr)
ConnectionRefusedError: [Errno 61] Connection refused

The above exception was the direct cause of the following exception:

Traceback (most recent call last):
  File "mysql_to_txt.py", line 215, in <module>
    main()
  File "mysql_to_txt.py", line 178, in main
    connection = connect_to_mysql_with_retry()
  File "mysql_to_txt.py", line 32, in connect_to_mysql_with_retry
    connection = mysql.connector.connect(**DB_CONFIG)
  File "/Users/yangsan/Library/Python/3.7/lib/python/site-packages/mysql/connector/pooling.py", line 294, in connect
    return MySQLConnection(*args, **kwargs)
  File "/Users/yangsan/Library/Python/3.7/lib/python/site-packages/mysql/connector/connection.py", line 164, in __init__
    self.connect(**kwargs)
  File "/Users/yangsan/Library/Python/3.7/lib/python/site-packages/mysql/connector/abstracts.py", line 1181, in connect
    self._open_connection()
  File "/Users/yangsan/Library/Python/3.7/lib/python/site-packages/mysql/connector/connection.py", line 570, in _open_connection
    self._socket.open_connection()
  File "/Users/yangsan/Library/Python/3.7/lib/python/site-packages/mysql/connector/network.py", line 609, in open_connection
    ) from err
mysql.connector.errors.InterfaceError: 2003: Can't connect to MySQL server on 'localhost:13306' (61 Connection refused)
[2025-04-11 19:43:58] ✗ MySQL数据导出失败，错误代码: 1
[2025-04-11 19:43:58] 本次执行完成，将在5分钟后再次执行
[2025-04-11 19:43:58] --------------------------------------------
[2025-04-11 19:48:58] 开始新的迭代 - 2025-04-11 19:48:58
[2025-04-11 19:48:58] ================================================
[2025-04-11 19:48:58]       客服数据处理流程自动化脚本 v2.0 (后台定时版)
[2025-04-11 19:48:58] ================================================
[2025-04-11 19:48:58] 开始执行处理流程
[2025-04-11 19:48:58] === 步骤1: 从MySQL导出数据到TXT ===
[2025-04-11 19:48:58] 执行: python mysql_to_txt.py
开始从MySQL导出数据到文本文件...
连接尝试 1/3...
连接失败: 2003: Can't connect to MySQL server on 'localhost:13306' (61 Connection refused)
等待 5 秒后重试...
连接尝试 2/3...
连接失败: 2003: Can't connect to MySQL server on 'localhost:13306' (61 Connection refused)
等待 5 秒后重试...
连接尝试 3/3...
连接失败: 2003: Can't connect to MySQL server on 'localhost:13306' (61 Connection refused)
达到最大重试次数，放弃连接
Traceback (most recent call last):
  File "/Users/yangsan/Library/Python/3.7/lib/python/site-packages/mysql/connector/network.py", line 600, in open_connection
    self.sock.connect(sockaddr)
ConnectionRefusedError: [Errno 61] Connection refused

The above exception was the direct cause of the following exception:

Traceback (most recent call last):
  File "mysql_to_txt.py", line 215, in <module>
    main()
  File "mysql_to_txt.py", line 178, in main
    connection = connect_to_mysql_with_retry()
  File "mysql_to_txt.py", line 32, in connect_to_mysql_with_retry
    connection = mysql.connector.connect(**DB_CONFIG)
  File "/Users/yangsan/Library/Python/3.7/lib/python/site-packages/mysql/connector/pooling.py", line 294, in connect
    return MySQLConnection(*args, **kwargs)
  File "/Users/yangsan/Library/Python/3.7/lib/python/site-packages/mysql/connector/connection.py", line 164, in __init__
    self.connect(**kwargs)
  File "/Users/yangsan/Library/Python/3.7/lib/python/site-packages/mysql/connector/abstracts.py", line 1181, in connect
    self._open_connection()
  File "/Users/yangsan/Library/Python/3.7/lib/python/site-packages/mysql/connector/connection.py", line 570, in _open_connection
    self._socket.open_connection()
  File "/Users/yangsan/Library/Python/3.7/lib/python/site-packages/mysql/connector/network.py", line 609, in open_connection
    ) from err
mysql.connector.errors.InterfaceError: 2003: Can't connect to MySQL server on 'localhost:13306' (61 Connection refused)
[2025-04-11 19:49:08] ✗ MySQL数据导出失败，错误代码: 1
[2025-04-11 19:49:08] 本次执行完成，将在5分钟后再次执行
[2025-04-11 19:49:08] --------------------------------------------
[2025-04-11 19:54:08] 开始新的迭代 - 2025-04-11 19:54:08
[2025-04-11 19:54:08] ================================================
[2025-04-11 19:54:08]       客服数据处理流程自动化脚本 v2.0 (后台定时版)
[2025-04-11 19:54:08] ================================================
[2025-04-11 19:54:08] 开始执行处理流程
[2025-04-11 19:54:08] === 步骤1: 从MySQL导出数据到TXT ===
[2025-04-11 19:54:08] 执行: python mysql_to_txt.py
开始从MySQL导出数据到文本文件...
连接尝试 1/3...
连接失败: 2003: Can't connect to MySQL server on 'localhost:13306' (61 Connection refused)
等待 5 秒后重试...
连接尝试 2/3...
连接失败: 2003: Can't connect to MySQL server on 'localhost:13306' (61 Connection refused)
等待 5 秒后重试...
连接尝试 3/3...
连接失败: 2003: Can't connect to MySQL server on 'localhost:13306' (61 Connection refused)
达到最大重试次数，放弃连接
Traceback (most recent call last):
  File "/Users/yangsan/Library/Python/3.7/lib/python/site-packages/mysql/connector/network.py", line 600, in open_connection
    self.sock.connect(sockaddr)
ConnectionRefusedError: [Errno 61] Connection refused

The above exception was the direct cause of the following exception:

Traceback (most recent call last):
  File "mysql_to_txt.py", line 215, in <module>
    main()
  File "mysql_to_txt.py", line 178, in main
    connection = connect_to_mysql_with_retry()
  File "mysql_to_txt.py", line 32, in connect_to_mysql_with_retry
    connection = mysql.connector.connect(**DB_CONFIG)
  File "/Users/yangsan/Library/Python/3.7/lib/python/site-packages/mysql/connector/pooling.py", line 294, in connect
    return MySQLConnection(*args, **kwargs)
  File "/Users/yangsan/Library/Python/3.7/lib/python/site-packages/mysql/connector/connection.py", line 164, in __init__
    self.connect(**kwargs)
  File "/Users/yangsan/Library/Python/3.7/lib/python/site-packages/mysql/connector/abstracts.py", line 1181, in connect
    self._open_connection()
  File "/Users/yangsan/Library/Python/3.7/lib/python/site-packages/mysql/connector/connection.py", line 570, in _open_connection
    self._socket.open_connection()
  File "/Users/yangsan/Library/Python/3.7/lib/python/site-packages/mysql/connector/network.py", line 609, in open_connection
    ) from err
mysql.connector.errors.InterfaceError: 2003: Can't connect to MySQL server on 'localhost:13306' (61 Connection refused)
[2025-04-11 19:54:19] ✗ MySQL数据导出失败，错误代码: 1
[2025-04-11 19:54:19] 本次执行完成，将在5分钟后再次执行
[2025-04-11 19:54:19] --------------------------------------------
[2025-04-11 19:59:19] 开始新的迭代 - 2025-04-11 19:59:19
[2025-04-11 19:59:19] ================================================
[2025-04-11 19:59:19]       客服数据处理流程自动化脚本 v2.0 (后台定时版)
[2025-04-11 19:59:19] ================================================
[2025-04-11 19:59:19] 开始执行处理流程
[2025-04-11 19:59:19] === 步骤1: 从MySQL导出数据到TXT ===
[2025-04-11 19:59:19] 执行: python mysql_to_txt.py
开始从MySQL导出数据到文本文件...
连接尝试 1/3...
连接失败: 2003: Can't connect to MySQL server on 'localhost:13306' (61 Connection refused)
等待 5 秒后重试...
连接尝试 2/3...
连接失败: 2003: Can't connect to MySQL server on 'localhost:13306' (61 Connection refused)
等待 5 秒后重试...
连接尝试 3/3...
连接失败: 2003: Can't connect to MySQL server on 'localhost:13306' (61 Connection refused)
达到最大重试次数，放弃连接
Traceback (most recent call last):
  File "/Users/yangsan/Library/Python/3.7/lib/python/site-packages/mysql/connector/network.py", line 600, in open_connection
    self.sock.connect(sockaddr)
ConnectionRefusedError: [Errno 61] Connection refused

The above exception was the direct cause of the following exception:

Traceback (most recent call last):
  File "mysql_to_txt.py", line 215, in <module>
    main()
  File "mysql_to_txt.py", line 178, in main
    connection = connect_to_mysql_with_retry()
  File "mysql_to_txt.py", line 32, in connect_to_mysql_with_retry
    connection = mysql.connector.connect(**DB_CONFIG)
  File "/Users/yangsan/Library/Python/3.7/lib/python/site-packages/mysql/connector/pooling.py", line 294, in connect
    return MySQLConnection(*args, **kwargs)
  File "/Users/yangsan/Library/Python/3.7/lib/python/site-packages/mysql/connector/connection.py", line 164, in __init__
    self.connect(**kwargs)
  File "/Users/yangsan/Library/Python/3.7/lib/python/site-packages/mysql/connector/abstracts.py", line 1181, in connect
    self._open_connection()
  File "/Users/yangsan/Library/Python/3.7/lib/python/site-packages/mysql/connector/connection.py", line 570, in _open_connection
    self._socket.open_connection()
  File "/Users/yangsan/Library/Python/3.7/lib/python/site-packages/mysql/connector/network.py", line 609, in open_connection
    ) from err
mysql.connector.errors.InterfaceError: 2003: Can't connect to MySQL server on 'localhost:13306' (61 Connection refused)
[2025-04-11 19:59:29] ✗ MySQL数据导出失败，错误代码: 1
[2025-04-11 19:59:29] 本次执行完成，将在5分钟后再次执行
[2025-04-11 19:59:29] --------------------------------------------
[2025-04-11 20:04:29] 开始新的迭代 - 2025-04-11 20:04:29
[2025-04-11 20:04:29] ================================================
[2025-04-11 20:04:29]       客服数据处理流程自动化脚本 v2.0 (后台定时版)
[2025-04-11 20:04:29] ================================================
[2025-04-11 20:04:29] 开始执行处理流程
[2025-04-11 20:04:29] === 步骤1: 从MySQL导出数据到TXT ===
[2025-04-11 20:04:29] 执行: python mysql_to_txt.py
开始从MySQL导出数据到文本文件...
连接尝试 1/3...
连接失败: 2003: Can't connect to MySQL server on 'localhost:13306' (61 Connection refused)
等待 5 秒后重试...
连接尝试 2/3...
连接失败: 2003: Can't connect to MySQL server on 'localhost:13306' (61 Connection refused)
等待 5 秒后重试...
连接尝试 3/3...
连接失败: 2003: Can't connect to MySQL server on 'localhost:13306' (61 Connection refused)
达到最大重试次数，放弃连接
Traceback (most recent call last):
  File "/Users/yangsan/Library/Python/3.7/lib/python/site-packages/mysql/connector/network.py", line 600, in open_connection
    self.sock.connect(sockaddr)
ConnectionRefusedError: [Errno 61] Connection refused

The above exception was the direct cause of the following exception:

Traceback (most recent call last):
  File "mysql_to_txt.py", line 215, in <module>
    main()
  File "mysql_to_txt.py", line 178, in main
    connection = connect_to_mysql_with_retry()
  File "mysql_to_txt.py", line 32, in connect_to_mysql_with_retry
    connection = mysql.connector.connect(**DB_CONFIG)
  File "/Users/yangsan/Library/Python/3.7/lib/python/site-packages/mysql/connector/pooling.py", line 294, in connect
    return MySQLConnection(*args, **kwargs)
  File "/Users/yangsan/Library/Python/3.7/lib/python/site-packages/mysql/connector/connection.py", line 164, in __init__
    self.connect(**kwargs)
  File "/Users/yangsan/Library/Python/3.7/lib/python/site-packages/mysql/connector/abstracts.py", line 1181, in connect
    self._open_connection()
  File "/Users/yangsan/Library/Python/3.7/lib/python/site-packages/mysql/connector/connection.py", line 570, in _open_connection
    self._socket.open_connection()
  File "/Users/yangsan/Library/Python/3.7/lib/python/site-packages/mysql/connector/network.py", line 609, in open_connection
    ) from err
mysql.connector.errors.InterfaceError: 2003: Can't connect to MySQL server on 'localhost:13306' (61 Connection refused)
[2025-04-11 20:04:40] ✗ MySQL数据导出失败，错误代码: 1
[2025-04-11 20:04:40] 本次执行完成，将在5分钟后再次执行
[2025-04-11 20:04:40] --------------------------------------------
[2025-04-11 20:09:40] 开始新的迭代 - 2025-04-11 20:09:40
[2025-04-11 20:09:40] ================================================
[2025-04-11 20:09:40]       客服数据处理流程自动化脚本 v2.0 (后台定时版)
[2025-04-11 20:09:40] ================================================
[2025-04-11 20:09:40] 开始执行处理流程
[2025-04-11 20:09:40] === 步骤1: 从MySQL导出数据到TXT ===
[2025-04-11 20:09:40] 执行: python mysql_to_txt.py
开始从MySQL导出数据到文本文件...
连接尝试 1/3...
连接失败: 2003: Can't connect to MySQL server on 'localhost:13306' (61 Connection refused)
等待 5 秒后重试...
连接尝试 2/3...
连接失败: 2003: Can't connect to MySQL server on 'localhost:13306' (61 Connection refused)
等待 5 秒后重试...
连接尝试 3/3...
连接失败: 2003: Can't connect to MySQL server on 'localhost:13306' (61 Connection refused)
达到最大重试次数，放弃连接
Traceback (most recent call last):
  File "/Users/yangsan/Library/Python/3.7/lib/python/site-packages/mysql/connector/network.py", line 600, in open_connection
    self.sock.connect(sockaddr)
ConnectionRefusedError: [Errno 61] Connection refused

The above exception was the direct cause of the following exception:

Traceback (most recent call last):
  File "mysql_to_txt.py", line 215, in <module>
    main()
  File "mysql_to_txt.py", line 178, in main
    connection = connect_to_mysql_with_retry()
  File "mysql_to_txt.py", line 32, in connect_to_mysql_with_retry
    connection = mysql.connector.connect(**DB_CONFIG)
  File "/Users/yangsan/Library/Python/3.7/lib/python/site-packages/mysql/connector/pooling.py", line 294, in connect
    return MySQLConnection(*args, **kwargs)
  File "/Users/yangsan/Library/Python/3.7/lib/python/site-packages/mysql/connector/connection.py", line 164, in __init__
    self.connect(**kwargs)
  File "/Users/yangsan/Library/Python/3.7/lib/python/site-packages/mysql/connector/abstracts.py", line 1181, in connect
    self._open_connection()
  File "/Users/yangsan/Library/Python/3.7/lib/python/site-packages/mysql/connector/connection.py", line 570, in _open_connection
    self._socket.open_connection()
  File "/Users/yangsan/Library/Python/3.7/lib/python/site-packages/mysql/connector/network.py", line 609, in open_connection
    ) from err
mysql.connector.errors.InterfaceError: 2003: Can't connect to MySQL server on 'localhost:13306' (61 Connection refused)
[2025-04-11 20:09:50] ✗ MySQL数据导出失败，错误代码: 1
[2025-04-11 20:09:50] 本次执行完成，将在5分钟后再次执行
[2025-04-11 20:09:50] --------------------------------------------
[2025-04-11 20:14:50] 开始新的迭代 - 2025-04-11 20:14:50
[2025-04-11 20:14:50] ================================================
[2025-04-11 20:14:50]       客服数据处理流程自动化脚本 v2.0 (后台定时版)
[2025-04-11 20:14:50] ================================================
[2025-04-11 20:14:50] 开始执行处理流程
[2025-04-11 20:14:50] === 步骤1: 从MySQL导出数据到TXT ===
[2025-04-11 20:14:50] 执行: python mysql_to_txt.py
开始从MySQL导出数据到文本文件...
连接尝试 1/3...
连接失败: 2003: Can't connect to MySQL server on 'localhost:13306' (61 Connection refused)
等待 5 秒后重试...
连接尝试 2/3...
连接失败: 2003: Can't connect to MySQL server on 'localhost:13306' (61 Connection refused)
等待 5 秒后重试...
连接尝试 3/3...
连接失败: 2003: Can't connect to MySQL server on 'localhost:13306' (61 Connection refused)
达到最大重试次数，放弃连接
Traceback (most recent call last):
  File "/Users/yangsan/Library/Python/3.7/lib/python/site-packages/mysql/connector/network.py", line 600, in open_connection
    self.sock.connect(sockaddr)
ConnectionRefusedError: [Errno 61] Connection refused

The above exception was the direct cause of the following exception:

Traceback (most recent call last):
  File "mysql_to_txt.py", line 215, in <module>
    main()
  File "mysql_to_txt.py", line 178, in main
    connection = connect_to_mysql_with_retry()
  File "mysql_to_txt.py", line 32, in connect_to_mysql_with_retry
    connection = mysql.connector.connect(**DB_CONFIG)
  File "/Users/yangsan/Library/Python/3.7/lib/python/site-packages/mysql/connector/pooling.py", line 294, in connect
    return MySQLConnection(*args, **kwargs)
  File "/Users/yangsan/Library/Python/3.7/lib/python/site-packages/mysql/connector/connection.py", line 164, in __init__
    self.connect(**kwargs)
  File "/Users/yangsan/Library/Python/3.7/lib/python/site-packages/mysql/connector/abstracts.py", line 1181, in connect
    self._open_connection()
  File "/Users/yangsan/Library/Python/3.7/lib/python/site-packages/mysql/connector/connection.py", line 570, in _open_connection
    self._socket.open_connection()
  File "/Users/yangsan/Library/Python/3.7/lib/python/site-packages/mysql/connector/network.py", line 609, in open_connection
    ) from err
mysql.connector.errors.InterfaceError: 2003: Can't connect to MySQL server on 'localhost:13306' (61 Connection refused)
[2025-04-11 20:15:00] ✗ MySQL数据导出失败，错误代码: 1
[2025-04-11 20:15:00] 本次执行完成，将在5分钟后再次执行
[2025-04-11 20:15:00] --------------------------------------------
[2025-04-11 20:20:00] 开始新的迭代 - 2025-04-11 20:20:00
[2025-04-11 20:20:00] ================================================
[2025-04-11 20:20:00]       客服数据处理流程自动化脚本 v2.0 (后台定时版)
[2025-04-11 20:20:00] ================================================
[2025-04-11 20:20:00] 开始执行处理流程
[2025-04-11 20:20:00] === 步骤1: 从MySQL导出数据到TXT ===
[2025-04-11 20:20:00] 执行: python mysql_to_txt.py
开始从MySQL导出数据到文本文件...
连接尝试 1/3...
连接失败: 2003: Can't connect to MySQL server on 'localhost:13306' (61 Connection refused)
等待 5 秒后重试...
连接尝试 2/3...
连接失败: 2003: Can't connect to MySQL server on 'localhost:13306' (61 Connection refused)
等待 5 秒后重试...
连接尝试 3/3...
连接失败: 2003: Can't connect to MySQL server on 'localhost:13306' (61 Connection refused)
达到最大重试次数，放弃连接
Traceback (most recent call last):
  File "/Users/yangsan/Library/Python/3.7/lib/python/site-packages/mysql/connector/network.py", line 600, in open_connection
    self.sock.connect(sockaddr)
ConnectionRefusedError: [Errno 61] Connection refused

The above exception was the direct cause of the following exception:

Traceback (most recent call last):
  File "mysql_to_txt.py", line 215, in <module>
    main()
  File "mysql_to_txt.py", line 178, in main
    connection = connect_to_mysql_with_retry()
  File "mysql_to_txt.py", line 32, in connect_to_mysql_with_retry
    connection = mysql.connector.connect(**DB_CONFIG)
  File "/Users/yangsan/Library/Python/3.7/lib/python/site-packages/mysql/connector/pooling.py", line 294, in connect
    return MySQLConnection(*args, **kwargs)
  File "/Users/yangsan/Library/Python/3.7/lib/python/site-packages/mysql/connector/connection.py", line 164, in __init__
    self.connect(**kwargs)
  File "/Users/yangsan/Library/Python/3.7/lib/python/site-packages/mysql/connector/abstracts.py", line 1181, in connect
    self._open_connection()
  File "/Users/yangsan/Library/Python/3.7/lib/python/site-packages/mysql/connector/connection.py", line 570, in _open_connection
    self._socket.open_connection()
  File "/Users/yangsan/Library/Python/3.7/lib/python/site-packages/mysql/connector/network.py", line 609, in open_connection
    ) from err
mysql.connector.errors.InterfaceError: 2003: Can't connect to MySQL server on 'localhost:13306' (61 Connection refused)
[2025-04-11 20:20:11] ✗ MySQL数据导出失败，错误代码: 1
[2025-04-11 20:20:11] 本次执行完成，将在5分钟后再次执行
[2025-04-11 20:20:11] --------------------------------------------
[2025-04-11 20:25:11] 开始新的迭代 - 2025-04-11 20:25:11
[2025-04-11 20:25:11] ================================================
[2025-04-11 20:25:11]       客服数据处理流程自动化脚本 v2.0 (后台定时版)
[2025-04-11 20:25:11] ================================================
[2025-04-11 20:25:11] 开始执行处理流程
[2025-04-11 20:25:11] === 步骤1: 从MySQL导出数据到TXT ===
[2025-04-11 20:25:11] 执行: python mysql_to_txt.py
开始从MySQL导出数据到文本文件...
连接尝试 1/3...
连接失败: 2003: Can't connect to MySQL server on 'localhost:13306' (61 Connection refused)
等待 5 秒后重试...
连接尝试 2/3...
连接失败: 2003: Can't connect to MySQL server on 'localhost:13306' (61 Connection refused)
等待 5 秒后重试...
连接尝试 3/3...
连接失败: 2003: Can't connect to MySQL server on 'localhost:13306' (61 Connection refused)
达到最大重试次数，放弃连接
Traceback (most recent call last):
  File "/Users/yangsan/Library/Python/3.7/lib/python/site-packages/mysql/connector/network.py", line 600, in open_connection
    self.sock.connect(sockaddr)
ConnectionRefusedError: [Errno 61] Connection refused

The above exception was the direct cause of the following exception:

Traceback (most recent call last):
  File "mysql_to_txt.py", line 215, in <module>
    main()
  File "mysql_to_txt.py", line 178, in main
    connection = connect_to_mysql_with_retry()
  File "mysql_to_txt.py", line 32, in connect_to_mysql_with_retry
    connection = mysql.connector.connect(**DB_CONFIG)
  File "/Users/yangsan/Library/Python/3.7/lib/python/site-packages/mysql/connector/pooling.py", line 294, in connect
    return MySQLConnection(*args, **kwargs)
  File "/Users/yangsan/Library/Python/3.7/lib/python/site-packages/mysql/connector/connection.py", line 164, in __init__
    self.connect(**kwargs)
  File "/Users/yangsan/Library/Python/3.7/lib/python/site-packages/mysql/connector/abstracts.py", line 1181, in connect
    self._open_connection()
  File "/Users/yangsan/Library/Python/3.7/lib/python/site-packages/mysql/connector/connection.py", line 570, in _open_connection
    self._socket.open_connection()
  File "/Users/yangsan/Library/Python/3.7/lib/python/site-packages/mysql/connector/network.py", line 609, in open_connection
    ) from err
mysql.connector.errors.InterfaceError: 2003: Can't connect to MySQL server on 'localhost:13306' (61 Connection refused)
[2025-04-11 20:25:21] ✗ MySQL数据导出失败，错误代码: 1
[2025-04-11 20:25:21] 本次执行完成，将在5分钟后再次执行
[2025-04-11 20:25:21] --------------------------------------------
[2025-04-11 20:30:21] 开始新的迭代 - 2025-04-11 20:30:21
[2025-04-11 20:30:21] ================================================
[2025-04-11 20:30:21]       客服数据处理流程自动化脚本 v2.0 (后台定时版)
[2025-04-11 20:30:21] ================================================
[2025-04-11 20:30:21] 开始执行处理流程
[2025-04-11 20:30:21] === 步骤1: 从MySQL导出数据到TXT ===
[2025-04-11 20:30:21] 执行: python mysql_to_txt.py
开始从MySQL导出数据到文本文件...
连接尝试 1/3...
连接失败: 2003: Can't connect to MySQL server on 'localhost:13306' (61 Connection refused)
等待 5 秒后重试...
连接尝试 2/3...
连接失败: 2003: Can't connect to MySQL server on 'localhost:13306' (61 Connection refused)
等待 5 秒后重试...
连接尝试 3/3...
连接失败: 2003: Can't connect to MySQL server on 'localhost:13306' (61 Connection refused)
达到最大重试次数，放弃连接
Traceback (most recent call last):
  File "/Users/yangsan/Library/Python/3.7/lib/python/site-packages/mysql/connector/network.py", line 600, in open_connection
    self.sock.connect(sockaddr)
ConnectionRefusedError: [Errno 61] Connection refused

The above exception was the direct cause of the following exception:

Traceback (most recent call last):
  File "mysql_to_txt.py", line 215, in <module>
    main()
  File "mysql_to_txt.py", line 178, in main
    connection = connect_to_mysql_with_retry()
  File "mysql_to_txt.py", line 32, in connect_to_mysql_with_retry
    connection = mysql.connector.connect(**DB_CONFIG)
  File "/Users/yangsan/Library/Python/3.7/lib/python/site-packages/mysql/connector/pooling.py", line 294, in connect
    return MySQLConnection(*args, **kwargs)
  File "/Users/yangsan/Library/Python/3.7/lib/python/site-packages/mysql/connector/connection.py", line 164, in __init__
    self.connect(**kwargs)
  File "/Users/yangsan/Library/Python/3.7/lib/python/site-packages/mysql/connector/abstracts.py", line 1181, in connect
    self._open_connection()
  File "/Users/yangsan/Library/Python/3.7/lib/python/site-packages/mysql/connector/connection.py", line 570, in _open_connection
    self._socket.open_connection()
  File "/Users/yangsan/Library/Python/3.7/lib/python/site-packages/mysql/connector/network.py", line 609, in open_connection
    ) from err
mysql.connector.errors.InterfaceError: 2003: Can't connect to MySQL server on 'localhost:13306' (61 Connection refused)
[2025-04-11 20:30:32] ✗ MySQL数据导出失败，错误代码: 1
[2025-04-11 20:30:32] 本次执行完成，将在5分钟后再次执行
[2025-04-11 20:30:32] --------------------------------------------
[2025-04-11 20:35:32] 开始新的迭代 - 2025-04-11 20:35:32
[2025-04-11 20:35:32] ================================================
[2025-04-11 20:35:32]       客服数据处理流程自动化脚本 v2.0 (后台定时版)
[2025-04-11 20:35:32] ================================================
[2025-04-11 20:35:32] 开始执行处理流程
[2025-04-11 20:35:32] === 步骤1: 从MySQL导出数据到TXT ===
[2025-04-11 20:35:32] 执行: python mysql_to_txt.py
开始从MySQL导出数据到文本文件...
连接尝试 1/3...
连接失败: 2003: Can't connect to MySQL server on 'localhost:13306' (61 Connection refused)
等待 5 秒后重试...
连接尝试 2/3...
连接失败: 2003: Can't connect to MySQL server on 'localhost:13306' (61 Connection refused)
等待 5 秒后重试...
连接尝试 3/3...
连接失败: 2003: Can't connect to MySQL server on 'localhost:13306' (61 Connection refused)
达到最大重试次数，放弃连接
Traceback (most recent call last):
  File "/Users/yangsan/Library/Python/3.7/lib/python/site-packages/mysql/connector/network.py", line 600, in open_connection
    self.sock.connect(sockaddr)
ConnectionRefusedError: [Errno 61] Connection refused

The above exception was the direct cause of the following exception:

Traceback (most recent call last):
  File "mysql_to_txt.py", line 215, in <module>
    main()
  File "mysql_to_txt.py", line 178, in main
    connection = connect_to_mysql_with_retry()
  File "mysql_to_txt.py", line 32, in connect_to_mysql_with_retry
    connection = mysql.connector.connect(**DB_CONFIG)
  File "/Users/yangsan/Library/Python/3.7/lib/python/site-packages/mysql/connector/pooling.py", line 294, in connect
    return MySQLConnection(*args, **kwargs)
  File "/Users/yangsan/Library/Python/3.7/lib/python/site-packages/mysql/connector/connection.py", line 164, in __init__
    self.connect(**kwargs)
  File "/Users/yangsan/Library/Python/3.7/lib/python/site-packages/mysql/connector/abstracts.py", line 1181, in connect
    self._open_connection()
  File "/Users/yangsan/Library/Python/3.7/lib/python/site-packages/mysql/connector/connection.py", line 570, in _open_connection
    self._socket.open_connection()
  File "/Users/yangsan/Library/Python/3.7/lib/python/site-packages/mysql/connector/network.py", line 609, in open_connection
    ) from err
mysql.connector.errors.InterfaceError: 2003: Can't connect to MySQL server on 'localhost:13306' (61 Connection refused)
[2025-04-11 20:35:42] ✗ MySQL数据导出失败，错误代码: 1
[2025-04-11 20:35:42] 本次执行完成，将在5分钟后再次执行
[2025-04-11 20:35:42] --------------------------------------------
[2025-04-11 20:40:42] 开始新的迭代 - 2025-04-11 20:40:42
[2025-04-11 20:40:42] ================================================
[2025-04-11 20:40:42]       客服数据处理流程自动化脚本 v2.0 (后台定时版)
[2025-04-11 20:40:42] ================================================
[2025-04-11 20:40:42] 开始执行处理流程
[2025-04-11 20:40:42] === 步骤1: 从MySQL导出数据到TXT ===
[2025-04-11 20:40:42] 执行: python mysql_to_txt.py
开始从MySQL导出数据到文本文件...
连接尝试 1/3...
连接失败: 2003: Can't connect to MySQL server on 'localhost:13306' (61 Connection refused)
等待 5 秒后重试...
连接尝试 2/3...
连接失败: 2003: Can't connect to MySQL server on 'localhost:13306' (61 Connection refused)
等待 5 秒后重试...
连接尝试 3/3...
连接失败: 2003: Can't connect to MySQL server on 'localhost:13306' (61 Connection refused)
达到最大重试次数，放弃连接
Traceback (most recent call last):
  File "/Users/yangsan/Library/Python/3.7/lib/python/site-packages/mysql/connector/network.py", line 600, in open_connection
    self.sock.connect(sockaddr)
ConnectionRefusedError: [Errno 61] Connection refused

The above exception was the direct cause of the following exception:

Traceback (most recent call last):
  File "mysql_to_txt.py", line 215, in <module>
    main()
  File "mysql_to_txt.py", line 178, in main
    connection = connect_to_mysql_with_retry()
  File "mysql_to_txt.py", line 32, in connect_to_mysql_with_retry
    connection = mysql.connector.connect(**DB_CONFIG)
  File "/Users/yangsan/Library/Python/3.7/lib/python/site-packages/mysql/connector/pooling.py", line 294, in connect
    return MySQLConnection(*args, **kwargs)
  File "/Users/yangsan/Library/Python/3.7/lib/python/site-packages/mysql/connector/connection.py", line 164, in __init__
    self.connect(**kwargs)
  File "/Users/yangsan/Library/Python/3.7/lib/python/site-packages/mysql/connector/abstracts.py", line 1181, in connect
    self._open_connection()
  File "/Users/yangsan/Library/Python/3.7/lib/python/site-packages/mysql/connector/connection.py", line 570, in _open_connection
    self._socket.open_connection()
  File "/Users/yangsan/Library/Python/3.7/lib/python/site-packages/mysql/connector/network.py", line 609, in open_connection
    ) from err
mysql.connector.errors.InterfaceError: 2003: Can't connect to MySQL server on 'localhost:13306' (61 Connection refused)
[2025-04-11 20:40:52] ✗ MySQL数据导出失败，错误代码: 1
[2025-04-11 20:40:52] 本次执行完成，将在5分钟后再次执行
[2025-04-11 20:40:52] --------------------------------------------
[2025-04-11 20:45:53] 开始新的迭代 - 2025-04-11 20:45:53
[2025-04-11 20:45:53] ================================================
[2025-04-11 20:45:53]       客服数据处理流程自动化脚本 v2.0 (后台定时版)
[2025-04-11 20:45:53] ================================================
[2025-04-11 20:45:53] 开始执行处理流程
[2025-04-11 20:45:53] === 步骤1: 从MySQL导出数据到TXT ===
[2025-04-11 20:45:53] 执行: python mysql_to_txt.py
开始从MySQL导出数据到文本文件...
连接尝试 1/3...
连接失败: 2003: Can't connect to MySQL server on 'localhost:13306' (61 Connection refused)
等待 5 秒后重试...
连接尝试 2/3...
连接失败: 2003: Can't connect to MySQL server on 'localhost:13306' (61 Connection refused)
等待 5 秒后重试...
连接尝试 3/3...
连接失败: 2003: Can't connect to MySQL server on 'localhost:13306' (61 Connection refused)
达到最大重试次数，放弃连接
Traceback (most recent call last):
  File "/Users/yangsan/Library/Python/3.7/lib/python/site-packages/mysql/connector/network.py", line 600, in open_connection
    self.sock.connect(sockaddr)
ConnectionRefusedError: [Errno 61] Connection refused

The above exception was the direct cause of the following exception:

Traceback (most recent call last):
  File "mysql_to_txt.py", line 215, in <module>
    main()
  File "mysql_to_txt.py", line 178, in main
    connection = connect_to_mysql_with_retry()
  File "mysql_to_txt.py", line 32, in connect_to_mysql_with_retry
    connection = mysql.connector.connect(**DB_CONFIG)
  File "/Users/yangsan/Library/Python/3.7/lib/python/site-packages/mysql/connector/pooling.py", line 294, in connect
    return MySQLConnection(*args, **kwargs)
  File "/Users/yangsan/Library/Python/3.7/lib/python/site-packages/mysql/connector/connection.py", line 164, in __init__
    self.connect(**kwargs)
  File "/Users/yangsan/Library/Python/3.7/lib/python/site-packages/mysql/connector/abstracts.py", line 1181, in connect
    self._open_connection()
  File "/Users/yangsan/Library/Python/3.7/lib/python/site-packages/mysql/connector/connection.py", line 570, in _open_connection
    self._socket.open_connection()
  File "/Users/yangsan/Library/Python/3.7/lib/python/site-packages/mysql/connector/network.py", line 609, in open_connection
    ) from err
mysql.connector.errors.InterfaceError: 2003: Can't connect to MySQL server on 'localhost:13306' (61 Connection refused)
[2025-04-11 20:46:03] ✗ MySQL数据导出失败，错误代码: 1
[2025-04-11 20:46:03] 本次执行完成，将在5分钟后再次执行
[2025-04-11 20:46:03] --------------------------------------------
[2025-04-11 20:51:03] 开始新的迭代 - 2025-04-11 20:51:03
[2025-04-11 20:51:03] ================================================
[2025-04-11 20:51:03]       客服数据处理流程自动化脚本 v2.0 (后台定时版)
[2025-04-11 20:51:03] ================================================
[2025-04-11 20:51:03] 开始执行处理流程
[2025-04-11 20:51:03] === 步骤1: 从MySQL导出数据到TXT ===
[2025-04-11 20:51:03] 执行: python mysql_to_txt.py
开始从MySQL导出数据到文本文件...
连接尝试 1/3...
连接失败: 2003: Can't connect to MySQL server on 'localhost:13306' (61 Connection refused)
等待 5 秒后重试...
连接尝试 2/3...
连接失败: 2003: Can't connect to MySQL server on 'localhost:13306' (61 Connection refused)
等待 5 秒后重试...
连接尝试 3/3...
连接失败: 2003: Can't connect to MySQL server on 'localhost:13306' (61 Connection refused)
达到最大重试次数，放弃连接
Traceback (most recent call last):
  File "/Users/yangsan/Library/Python/3.7/lib/python/site-packages/mysql/connector/network.py", line 600, in open_connection
    self.sock.connect(sockaddr)
ConnectionRefusedError: [Errno 61] Connection refused

The above exception was the direct cause of the following exception:

Traceback (most recent call last):
  File "mysql_to_txt.py", line 215, in <module>
    main()
  File "mysql_to_txt.py", line 178, in main
    connection = connect_to_mysql_with_retry()
  File "mysql_to_txt.py", line 32, in connect_to_mysql_with_retry
    connection = mysql.connector.connect(**DB_CONFIG)
  File "/Users/yangsan/Library/Python/3.7/lib/python/site-packages/mysql/connector/pooling.py", line 294, in connect
    return MySQLConnection(*args, **kwargs)
  File "/Users/yangsan/Library/Python/3.7/lib/python/site-packages/mysql/connector/connection.py", line 164, in __init__
    self.connect(**kwargs)
  File "/Users/yangsan/Library/Python/3.7/lib/python/site-packages/mysql/connector/abstracts.py", line 1181, in connect
    self._open_connection()
  File "/Users/yangsan/Library/Python/3.7/lib/python/site-packages/mysql/connector/connection.py", line 570, in _open_connection
    self._socket.open_connection()
  File "/Users/yangsan/Library/Python/3.7/lib/python/site-packages/mysql/connector/network.py", line 609, in open_connection
    ) from err
mysql.connector.errors.InterfaceError: 2003: Can't connect to MySQL server on 'localhost:13306' (61 Connection refused)
[2025-04-11 20:51:13] ✗ MySQL数据导出失败，错误代码: 1
[2025-04-11 20:51:13] 本次执行完成，将在5分钟后再次执行
[2025-04-11 20:51:13] --------------------------------------------
[2025-04-11 20:56:13] 开始新的迭代 - 2025-04-11 20:56:13
[2025-04-11 20:56:13] ================================================
[2025-04-11 20:56:13]       客服数据处理流程自动化脚本 v2.0 (后台定时版)
[2025-04-11 20:56:13] ================================================
[2025-04-11 20:56:13] 开始执行处理流程
[2025-04-11 20:56:13] === 步骤1: 从MySQL导出数据到TXT ===
[2025-04-11 20:56:13] 执行: python mysql_to_txt.py
开始从MySQL导出数据到文本文件...
连接尝试 1/3...
连接失败: 2003: Can't connect to MySQL server on 'localhost:13306' (61 Connection refused)
等待 5 秒后重试...
连接尝试 2/3...
连接失败: 2003: Can't connect to MySQL server on 'localhost:13306' (61 Connection refused)
等待 5 秒后重试...
连接尝试 3/3...
连接失败: 2003: Can't connect to MySQL server on 'localhost:13306' (61 Connection refused)
达到最大重试次数，放弃连接
Traceback (most recent call last):
  File "/Users/yangsan/Library/Python/3.7/lib/python/site-packages/mysql/connector/network.py", line 600, in open_connection
    self.sock.connect(sockaddr)
ConnectionRefusedError: [Errno 61] Connection refused

The above exception was the direct cause of the following exception:

Traceback (most recent call last):
  File "mysql_to_txt.py", line 215, in <module>
    main()
  File "mysql_to_txt.py", line 178, in main
    connection = connect_to_mysql_with_retry()
  File "mysql_to_txt.py", line 32, in connect_to_mysql_with_retry
    connection = mysql.connector.connect(**DB_CONFIG)
  File "/Users/yangsan/Library/Python/3.7/lib/python/site-packages/mysql/connector/pooling.py", line 294, in connect
    return MySQLConnection(*args, **kwargs)
  File "/Users/yangsan/Library/Python/3.7/lib/python/site-packages/mysql/connector/connection.py", line 164, in __init__
    self.connect(**kwargs)
  File "/Users/yangsan/Library/Python/3.7/lib/python/site-packages/mysql/connector/abstracts.py", line 1181, in connect
    self._open_connection()
  File "/Users/yangsan/Library/Python/3.7/lib/python/site-packages/mysql/connector/connection.py", line 570, in _open_connection
    self._socket.open_connection()
  File "/Users/yangsan/Library/Python/3.7/lib/python/site-packages/mysql/connector/network.py", line 609, in open_connection
    ) from err
mysql.connector.errors.InterfaceError: 2003: Can't connect to MySQL server on 'localhost:13306' (61 Connection refused)
[2025-04-11 20:56:24] ✗ MySQL数据导出失败，错误代码: 1
[2025-04-11 20:56:24] 本次执行完成，将在5分钟后再次执行
[2025-04-11 20:56:24] --------------------------------------------
[2025-04-11 21:01:24] 开始新的迭代 - 2025-04-11 21:01:24
[2025-04-11 21:01:24] ================================================
[2025-04-11 21:01:24]       客服数据处理流程自动化脚本 v2.0 (后台定时版)
[2025-04-11 21:01:24] ================================================
[2025-04-11 21:01:24] 开始执行处理流程
[2025-04-11 21:01:24] === 步骤1: 从MySQL导出数据到TXT ===
[2025-04-11 21:01:24] 执行: python mysql_to_txt.py
开始从MySQL导出数据到文本文件...
连接尝试 1/3...
连接失败: 2003: Can't connect to MySQL server on 'localhost:13306' (61 Connection refused)
等待 5 秒后重试...
连接尝试 2/3...
连接失败: 2003: Can't connect to MySQL server on 'localhost:13306' (61 Connection refused)
等待 5 秒后重试...
连接尝试 3/3...
连接失败: 2003: Can't connect to MySQL server on 'localhost:13306' (61 Connection refused)
达到最大重试次数，放弃连接
Traceback (most recent call last):
  File "/Users/yangsan/Library/Python/3.7/lib/python/site-packages/mysql/connector/network.py", line 600, in open_connection
    self.sock.connect(sockaddr)
ConnectionRefusedError: [Errno 61] Connection refused

The above exception was the direct cause of the following exception:

Traceback (most recent call last):
  File "mysql_to_txt.py", line 215, in <module>
    main()
  File "mysql_to_txt.py", line 178, in main
    connection = connect_to_mysql_with_retry()
  File "mysql_to_txt.py", line 32, in connect_to_mysql_with_retry
    connection = mysql.connector.connect(**DB_CONFIG)
  File "/Users/yangsan/Library/Python/3.7/lib/python/site-packages/mysql/connector/pooling.py", line 294, in connect
    return MySQLConnection(*args, **kwargs)
  File "/Users/yangsan/Library/Python/3.7/lib/python/site-packages/mysql/connector/connection.py", line 164, in __init__
    self.connect(**kwargs)
  File "/Users/yangsan/Library/Python/3.7/lib/python/site-packages/mysql/connector/abstracts.py", line 1181, in connect
    self._open_connection()
  File "/Users/yangsan/Library/Python/3.7/lib/python/site-packages/mysql/connector/connection.py", line 570, in _open_connection
    self._socket.open_connection()
  File "/Users/yangsan/Library/Python/3.7/lib/python/site-packages/mysql/connector/network.py", line 609, in open_connection
    ) from err
mysql.connector.errors.InterfaceError: 2003: Can't connect to MySQL server on 'localhost:13306' (61 Connection refused)
[2025-04-11 21:01:34] ✗ MySQL数据导出失败，错误代码: 1
[2025-04-11 21:01:34] 本次执行完成，将在5分钟后再次执行
[2025-04-11 21:01:34] --------------------------------------------
[2025-04-11 21:06:34] 开始新的迭代 - 2025-04-11 21:06:34
[2025-04-11 21:06:34] ================================================
[2025-04-11 21:06:34]       客服数据处理流程自动化脚本 v2.0 (后台定时版)
[2025-04-11 21:06:34] ================================================
[2025-04-11 21:06:34] 开始执行处理流程
[2025-04-11 21:06:34] === 步骤1: 从MySQL导出数据到TXT ===
[2025-04-11 21:06:34] 执行: python mysql_to_txt.py
开始从MySQL导出数据到文本文件...
连接尝试 1/3...
连接失败: 2003: Can't connect to MySQL server on 'localhost:13306' (61 Connection refused)
等待 5 秒后重试...
连接尝试 2/3...
连接失败: 2003: Can't connect to MySQL server on 'localhost:13306' (61 Connection refused)
等待 5 秒后重试...
连接尝试 3/3...
连接失败: 2003: Can't connect to MySQL server on 'localhost:13306' (61 Connection refused)
达到最大重试次数，放弃连接
Traceback (most recent call last):
  File "/Users/yangsan/Library/Python/3.7/lib/python/site-packages/mysql/connector/network.py", line 600, in open_connection
    self.sock.connect(sockaddr)
ConnectionRefusedError: [Errno 61] Connection refused

The above exception was the direct cause of the following exception:

Traceback (most recent call last):
  File "mysql_to_txt.py", line 215, in <module>
    main()
  File "mysql_to_txt.py", line 178, in main
    connection = connect_to_mysql_with_retry()
  File "mysql_to_txt.py", line 32, in connect_to_mysql_with_retry
    connection = mysql.connector.connect(**DB_CONFIG)
  File "/Users/yangsan/Library/Python/3.7/lib/python/site-packages/mysql/connector/pooling.py", line 294, in connect
    return MySQLConnection(*args, **kwargs)
  File "/Users/yangsan/Library/Python/3.7/lib/python/site-packages/mysql/connector/connection.py", line 164, in __init__
    self.connect(**kwargs)
  File "/Users/yangsan/Library/Python/3.7/lib/python/site-packages/mysql/connector/abstracts.py", line 1181, in connect
    self._open_connection()
  File "/Users/yangsan/Library/Python/3.7/lib/python/site-packages/mysql/connector/connection.py", line 570, in _open_connection
    self._socket.open_connection()
  File "/Users/yangsan/Library/Python/3.7/lib/python/site-packages/mysql/connector/network.py", line 609, in open_connection
    ) from err
mysql.connector.errors.InterfaceError: 2003: Can't connect to MySQL server on 'localhost:13306' (61 Connection refused)
[2025-04-11 21:06:44] ✗ MySQL数据导出失败，错误代码: 1
[2025-04-11 21:06:44] 本次执行完成，将在5分钟后再次执行
[2025-04-11 21:06:44] --------------------------------------------
[2025-04-11 21:11:44] 开始新的迭代 - 2025-04-11 21:11:44
[2025-04-11 21:11:44] ================================================
[2025-04-11 21:11:44]       客服数据处理流程自动化脚本 v2.0 (后台定时版)
[2025-04-11 21:11:44] ================================================
[2025-04-11 21:11:44] 开始执行处理流程
[2025-04-11 21:11:44] === 步骤1: 从MySQL导出数据到TXT ===
[2025-04-11 21:11:44] 执行: python mysql_to_txt.py
开始从MySQL导出数据到文本文件...
连接尝试 1/3...
连接失败: 2003: Can't connect to MySQL server on 'localhost:13306' (61 Connection refused)
等待 5 秒后重试...
连接尝试 2/3...
连接失败: 2003: Can't connect to MySQL server on 'localhost:13306' (61 Connection refused)
等待 5 秒后重试...
连接尝试 3/3...
连接失败: 2003: Can't connect to MySQL server on 'localhost:13306' (61 Connection refused)
达到最大重试次数，放弃连接
Traceback (most recent call last):
  File "/Users/yangsan/Library/Python/3.7/lib/python/site-packages/mysql/connector/network.py", line 600, in open_connection
    self.sock.connect(sockaddr)
ConnectionRefusedError: [Errno 61] Connection refused

The above exception was the direct cause of the following exception:

Traceback (most recent call last):
  File "mysql_to_txt.py", line 215, in <module>
    main()
  File "mysql_to_txt.py", line 178, in main
    connection = connect_to_mysql_with_retry()
  File "mysql_to_txt.py", line 32, in connect_to_mysql_with_retry
    connection = mysql.connector.connect(**DB_CONFIG)
  File "/Users/yangsan/Library/Python/3.7/lib/python/site-packages/mysql/connector/pooling.py", line 294, in connect
    return MySQLConnection(*args, **kwargs)
  File "/Users/yangsan/Library/Python/3.7/lib/python/site-packages/mysql/connector/connection.py", line 164, in __init__
    self.connect(**kwargs)
  File "/Users/yangsan/Library/Python/3.7/lib/python/site-packages/mysql/connector/abstracts.py", line 1181, in connect
    self._open_connection()
  File "/Users/yangsan/Library/Python/3.7/lib/python/site-packages/mysql/connector/connection.py", line 570, in _open_connection
    self._socket.open_connection()
  File "/Users/yangsan/Library/Python/3.7/lib/python/site-packages/mysql/connector/network.py", line 609, in open_connection
    ) from err
mysql.connector.errors.InterfaceError: 2003: Can't connect to MySQL server on 'localhost:13306' (61 Connection refused)
[2025-04-11 21:11:55] ✗ MySQL数据导出失败，错误代码: 1
[2025-04-11 21:11:55] 本次执行完成，将在5分钟后再次执行
[2025-04-11 21:11:55] --------------------------------------------
[2025-04-11 21:16:55] 开始新的迭代 - 2025-04-11 21:16:55
[2025-04-11 21:16:55] ================================================
[2025-04-11 21:16:55]       客服数据处理流程自动化脚本 v2.0 (后台定时版)
[2025-04-11 21:16:55] ================================================
[2025-04-11 21:16:55] 开始执行处理流程
[2025-04-11 21:16:55] === 步骤1: 从MySQL导出数据到TXT ===
[2025-04-11 21:16:55] 执行: python mysql_to_txt.py
开始从MySQL导出数据到文本文件...
连接尝试 1/3...
连接失败: 2003: Can't connect to MySQL server on 'localhost:13306' (61 Connection refused)
等待 5 秒后重试...
连接尝试 2/3...
连接失败: 2003: Can't connect to MySQL server on 'localhost:13306' (61 Connection refused)
等待 5 秒后重试...
连接尝试 3/3...
连接失败: 2003: Can't connect to MySQL server on 'localhost:13306' (61 Connection refused)
达到最大重试次数，放弃连接
Traceback (most recent call last):
  File "/Users/yangsan/Library/Python/3.7/lib/python/site-packages/mysql/connector/network.py", line 600, in open_connection
    self.sock.connect(sockaddr)
ConnectionRefusedError: [Errno 61] Connection refused

The above exception was the direct cause of the following exception:

Traceback (most recent call last):
  File "mysql_to_txt.py", line 215, in <module>
    main()
  File "mysql_to_txt.py", line 178, in main
    connection = connect_to_mysql_with_retry()
  File "mysql_to_txt.py", line 32, in connect_to_mysql_with_retry
    connection = mysql.connector.connect(**DB_CONFIG)
  File "/Users/yangsan/Library/Python/3.7/lib/python/site-packages/mysql/connector/pooling.py", line 294, in connect
    return MySQLConnection(*args, **kwargs)
  File "/Users/yangsan/Library/Python/3.7/lib/python/site-packages/mysql/connector/connection.py", line 164, in __init__
    self.connect(**kwargs)
  File "/Users/yangsan/Library/Python/3.7/lib/python/site-packages/mysql/connector/abstracts.py", line 1181, in connect
    self._open_connection()
  File "/Users/yangsan/Library/Python/3.7/lib/python/site-packages/mysql/connector/connection.py", line 570, in _open_connection
    self._socket.open_connection()
  File "/Users/yangsan/Library/Python/3.7/lib/python/site-packages/mysql/connector/network.py", line 609, in open_connection
    ) from err
mysql.connector.errors.InterfaceError: 2003: Can't connect to MySQL server on 'localhost:13306' (61 Connection refused)
[2025-04-11 21:17:05] ✗ MySQL数据导出失败，错误代码: 1
[2025-04-11 21:17:05] 本次执行完成，将在5分钟后再次执行
[2025-04-11 21:17:05] --------------------------------------------
[2025-04-11 21:22:05] 开始新的迭代 - 2025-04-11 21:22:05
[2025-04-11 21:22:05] ================================================
[2025-04-11 21:22:05]       客服数据处理流程自动化脚本 v2.0 (后台定时版)
[2025-04-11 21:22:05] ================================================
[2025-04-11 21:22:05] 开始执行处理流程
[2025-04-11 21:22:05] === 步骤1: 从MySQL导出数据到TXT ===
[2025-04-11 21:22:05] 执行: python mysql_to_txt.py
开始从MySQL导出数据到文本文件...
连接尝试 1/3...
连接失败: 2003: Can't connect to MySQL server on 'localhost:13306' (61 Connection refused)
等待 5 秒后重试...
连接尝试 2/3...
连接失败: 2003: Can't connect to MySQL server on 'localhost:13306' (61 Connection refused)
等待 5 秒后重试...
连接尝试 3/3...
连接失败: 2003: Can't connect to MySQL server on 'localhost:13306' (61 Connection refused)
达到最大重试次数，放弃连接
Traceback (most recent call last):
  File "/Users/yangsan/Library/Python/3.7/lib/python/site-packages/mysql/connector/network.py", line 600, in open_connection
    self.sock.connect(sockaddr)
ConnectionRefusedError: [Errno 61] Connection refused

The above exception was the direct cause of the following exception:

Traceback (most recent call last):
  File "mysql_to_txt.py", line 215, in <module>
    main()
  File "mysql_to_txt.py", line 178, in main
    connection = connect_to_mysql_with_retry()
  File "mysql_to_txt.py", line 32, in connect_to_mysql_with_retry
    connection = mysql.connector.connect(**DB_CONFIG)
  File "/Users/yangsan/Library/Python/3.7/lib/python/site-packages/mysql/connector/pooling.py", line 294, in connect
    return MySQLConnection(*args, **kwargs)
  File "/Users/yangsan/Library/Python/3.7/lib/python/site-packages/mysql/connector/connection.py", line 164, in __init__
    self.connect(**kwargs)
  File "/Users/yangsan/Library/Python/3.7/lib/python/site-packages/mysql/connector/abstracts.py", line 1181, in connect
    self._open_connection()
  File "/Users/yangsan/Library/Python/3.7/lib/python/site-packages/mysql/connector/connection.py", line 570, in _open_connection
    self._socket.open_connection()
  File "/Users/yangsan/Library/Python/3.7/lib/python/site-packages/mysql/connector/network.py", line 609, in open_connection
    ) from err
mysql.connector.errors.InterfaceError: 2003: Can't connect to MySQL server on 'localhost:13306' (61 Connection refused)
[2025-04-11 21:22:16] ✗ MySQL数据导出失败，错误代码: 1
[2025-04-11 21:22:16] 本次执行完成，将在5分钟后再次执行
[2025-04-11 21:22:16] --------------------------------------------
[2025-04-11 21:27:16] 开始新的迭代 - 2025-04-11 21:27:16
[2025-04-11 21:27:16] ================================================
[2025-04-11 21:27:16]       客服数据处理流程自动化脚本 v2.0 (后台定时版)
[2025-04-11 21:27:16] ================================================
[2025-04-11 21:27:16] 开始执行处理流程
[2025-04-11 21:27:16] === 步骤1: 从MySQL导出数据到TXT ===
[2025-04-11 21:27:16] 执行: python mysql_to_txt.py
开始从MySQL导出数据到文本文件...
连接尝试 1/3...
连接失败: 2003: Can't connect to MySQL server on 'localhost:13306' (61 Connection refused)
等待 5 秒后重试...
连接尝试 2/3...
连接失败: 2003: Can't connect to MySQL server on 'localhost:13306' (61 Connection refused)
等待 5 秒后重试...
连接尝试 3/3...
连接失败: 2003: Can't connect to MySQL server on 'localhost:13306' (61 Connection refused)
达到最大重试次数，放弃连接
Traceback (most recent call last):
  File "/Users/yangsan/Library/Python/3.7/lib/python/site-packages/mysql/connector/network.py", line 600, in open_connection
    self.sock.connect(sockaddr)
ConnectionRefusedError: [Errno 61] Connection refused

The above exception was the direct cause of the following exception:

Traceback (most recent call last):
  File "mysql_to_txt.py", line 215, in <module>
    main()
  File "mysql_to_txt.py", line 178, in main
    connection = connect_to_mysql_with_retry()
  File "mysql_to_txt.py", line 32, in connect_to_mysql_with_retry
    connection = mysql.connector.connect(**DB_CONFIG)
  File "/Users/yangsan/Library/Python/3.7/lib/python/site-packages/mysql/connector/pooling.py", line 294, in connect
    return MySQLConnection(*args, **kwargs)
  File "/Users/yangsan/Library/Python/3.7/lib/python/site-packages/mysql/connector/connection.py", line 164, in __init__
    self.connect(**kwargs)
  File "/Users/yangsan/Library/Python/3.7/lib/python/site-packages/mysql/connector/abstracts.py", line 1181, in connect
    self._open_connection()
  File "/Users/yangsan/Library/Python/3.7/lib/python/site-packages/mysql/connector/connection.py", line 570, in _open_connection
    self._socket.open_connection()
  File "/Users/yangsan/Library/Python/3.7/lib/python/site-packages/mysql/connector/network.py", line 609, in open_connection
    ) from err
mysql.connector.errors.InterfaceError: 2003: Can't connect to MySQL server on 'localhost:13306' (61 Connection refused)
[2025-04-11 21:27:26] ✗ MySQL数据导出失败，错误代码: 1
[2025-04-11 21:27:26] 本次执行完成，将在5分钟后再次执行
[2025-04-11 21:27:26] --------------------------------------------
[2025-04-11 21:32:26] 开始新的迭代 - 2025-04-11 21:32:26
[2025-04-11 21:32:26] ================================================
[2025-04-11 21:32:26]       客服数据处理流程自动化脚本 v2.0 (后台定时版)
[2025-04-11 21:32:26] ================================================
[2025-04-11 21:32:26] 开始执行处理流程
[2025-04-11 21:32:26] === 步骤1: 从MySQL导出数据到TXT ===
[2025-04-11 21:32:26] 执行: python mysql_to_txt.py
开始从MySQL导出数据到文本文件...
连接尝试 1/3...
连接失败: 2003: Can't connect to MySQL server on 'localhost:13306' (61 Connection refused)
等待 5 秒后重试...
连接尝试 2/3...
连接失败: 2003: Can't connect to MySQL server on 'localhost:13306' (61 Connection refused)
等待 5 秒后重试...
连接尝试 3/3...
连接失败: 2003: Can't connect to MySQL server on 'localhost:13306' (61 Connection refused)
达到最大重试次数，放弃连接
Traceback (most recent call last):
  File "/Users/yangsan/Library/Python/3.7/lib/python/site-packages/mysql/connector/network.py", line 600, in open_connection
    self.sock.connect(sockaddr)
ConnectionRefusedError: [Errno 61] Connection refused

The above exception was the direct cause of the following exception:

Traceback (most recent call last):
  File "mysql_to_txt.py", line 215, in <module>
    main()
  File "mysql_to_txt.py", line 178, in main
    connection = connect_to_mysql_with_retry()
  File "mysql_to_txt.py", line 32, in connect_to_mysql_with_retry
    connection = mysql.connector.connect(**DB_CONFIG)
  File "/Users/yangsan/Library/Python/3.7/lib/python/site-packages/mysql/connector/pooling.py", line 294, in connect
    return MySQLConnection(*args, **kwargs)
  File "/Users/yangsan/Library/Python/3.7/lib/python/site-packages/mysql/connector/connection.py", line 164, in __init__
    self.connect(**kwargs)
  File "/Users/yangsan/Library/Python/3.7/lib/python/site-packages/mysql/connector/abstracts.py", line 1181, in connect
    self._open_connection()
  File "/Users/yangsan/Library/Python/3.7/lib/python/site-packages/mysql/connector/connection.py", line 570, in _open_connection
    self._socket.open_connection()
  File "/Users/yangsan/Library/Python/3.7/lib/python/site-packages/mysql/connector/network.py", line 609, in open_connection
    ) from err
mysql.connector.errors.InterfaceError: 2003: Can't connect to MySQL server on 'localhost:13306' (61 Connection refused)
[2025-04-11 21:32:37] ✗ MySQL数据导出失败，错误代码: 1
[2025-04-11 21:32:37] 本次执行完成，将在5分钟后再次执行
[2025-04-11 21:32:37] --------------------------------------------
[2025-04-11 21:42:50] 开始新的迭代 - 2025-04-11 21:42:50
[2025-04-11 21:42:50] ================================================
[2025-04-11 21:42:50]       客服数据处理流程自动化脚本 v2.0 (后台定时版)
[2025-04-11 21:42:50] ================================================
[2025-04-11 21:42:50] 开始执行处理流程
[2025-04-11 21:42:50] === 步骤1: 从MySQL导出数据到TXT ===
[2025-04-11 21:42:50] 执行: python mysql_to_txt.py
开始从MySQL导出数据到文本文件...
连接尝试 1/3...
连接失败: 2003: Can't connect to MySQL server on 'localhost:13306' (61 Connection refused)
等待 5 秒后重试...
连接尝试 2/3...
连接失败: 2003: Can't connect to MySQL server on 'localhost:13306' (61 Connection refused)
等待 5 秒后重试...
连接尝试 3/3...
连接失败: 2003: Can't connect to MySQL server on 'localhost:13306' (61 Connection refused)
达到最大重试次数，放弃连接
Traceback (most recent call last):
  File "/Users/yangsan/Library/Python/3.7/lib/python/site-packages/mysql/connector/network.py", line 600, in open_connection
    self.sock.connect(sockaddr)
ConnectionRefusedError: [Errno 61] Connection refused

The above exception was the direct cause of the following exception:

Traceback (most recent call last):
  File "mysql_to_txt.py", line 215, in <module>
    main()
  File "mysql_to_txt.py", line 178, in main
    connection = connect_to_mysql_with_retry()
  File "mysql_to_txt.py", line 32, in connect_to_mysql_with_retry
    connection = mysql.connector.connect(**DB_CONFIG)
  File "/Users/yangsan/Library/Python/3.7/lib/python/site-packages/mysql/connector/pooling.py", line 294, in connect
    return MySQLConnection(*args, **kwargs)
  File "/Users/yangsan/Library/Python/3.7/lib/python/site-packages/mysql/connector/connection.py", line 164, in __init__
    self.connect(**kwargs)
  File "/Users/yangsan/Library/Python/3.7/lib/python/site-packages/mysql/connector/abstracts.py", line 1181, in connect
    self._open_connection()
  File "/Users/yangsan/Library/Python/3.7/lib/python/site-packages/mysql/connector/connection.py", line 570, in _open_connection
    self._socket.open_connection()
  File "/Users/yangsan/Library/Python/3.7/lib/python/site-packages/mysql/connector/network.py", line 609, in open_connection
    ) from err
mysql.connector.errors.InterfaceError: 2003: Can't connect to MySQL server on 'localhost:13306' (61 Connection refused)
[2025-04-11 21:43:01] ✗ MySQL数据导出失败，错误代码: 1
[2025-04-11 21:43:01] 本次执行完成，将在5分钟后再次执行
[2025-04-11 21:43:01] --------------------------------------------
[2025-04-11 21:48:01] 开始新的迭代 - 2025-04-11 21:48:01
[2025-04-11 21:48:01] ================================================
[2025-04-11 21:48:01]       客服数据处理流程自动化脚本 v2.0 (后台定时版)
[2025-04-11 21:48:01] ================================================
[2025-04-11 21:48:01] 开始执行处理流程
[2025-04-11 21:48:01] === 步骤1: 从MySQL导出数据到TXT ===
[2025-04-11 21:48:01] 执行: python mysql_to_txt.py
开始从MySQL导出数据到文本文件...
连接尝试 1/3...
连接失败: 2003: Can't connect to MySQL server on 'localhost:13306' (61 Connection refused)
等待 5 秒后重试...
连接尝试 2/3...
连接失败: 2003: Can't connect to MySQL server on 'localhost:13306' (61 Connection refused)
等待 5 秒后重试...
连接尝试 3/3...
连接失败: 2003: Can't connect to MySQL server on 'localhost:13306' (61 Connection refused)
达到最大重试次数，放弃连接
Traceback (most recent call last):
  File "/Users/yangsan/Library/Python/3.7/lib/python/site-packages/mysql/connector/network.py", line 600, in open_connection
    self.sock.connect(sockaddr)
ConnectionRefusedError: [Errno 61] Connection refused

The above exception was the direct cause of the following exception:

Traceback (most recent call last):
  File "mysql_to_txt.py", line 215, in <module>
    main()
  File "mysql_to_txt.py", line 178, in main
    connection = connect_to_mysql_with_retry()
  File "mysql_to_txt.py", line 32, in connect_to_mysql_with_retry
    connection = mysql.connector.connect(**DB_CONFIG)
  File "/Users/yangsan/Library/Python/3.7/lib/python/site-packages/mysql/connector/pooling.py", line 294, in connect
    return MySQLConnection(*args, **kwargs)
  File "/Users/yangsan/Library/Python/3.7/lib/python/site-packages/mysql/connector/connection.py", line 164, in __init__
    self.connect(**kwargs)
  File "/Users/yangsan/Library/Python/3.7/lib/python/site-packages/mysql/connector/abstracts.py", line 1181, in connect
    self._open_connection()
  File "/Users/yangsan/Library/Python/3.7/lib/python/site-packages/mysql/connector/connection.py", line 570, in _open_connection
    self._socket.open_connection()
  File "/Users/yangsan/Library/Python/3.7/lib/python/site-packages/mysql/connector/network.py", line 609, in open_connection
    ) from err
mysql.connector.errors.InterfaceError: 2003: Can't connect to MySQL server on 'localhost:13306' (61 Connection refused)
[2025-04-11 21:48:11] ✗ MySQL数据导出失败，错误代码: 1
[2025-04-11 21:48:11] 本次执行完成，将在5分钟后再次执行
[2025-04-11 21:48:11] --------------------------------------------
[2025-04-11 21:53:11] 开始新的迭代 - 2025-04-11 21:53:11
[2025-04-11 21:53:11] ================================================
[2025-04-11 21:53:11]       客服数据处理流程自动化脚本 v2.0 (后台定时版)
[2025-04-11 21:53:11] ================================================
[2025-04-11 21:53:11] 开始执行处理流程
[2025-04-11 21:53:11] === 步骤1: 从MySQL导出数据到TXT ===
[2025-04-11 21:53:11] 执行: python mysql_to_txt.py
开始从MySQL导出数据到文本文件...
连接尝试 1/3...
连接失败: 2003: Can't connect to MySQL server on 'localhost:13306' (61 Connection refused)
等待 5 秒后重试...
连接尝试 2/3...
连接失败: 2003: Can't connect to MySQL server on 'localhost:13306' (61 Connection refused)
等待 5 秒后重试...
连接尝试 3/3...
连接失败: 2003: Can't connect to MySQL server on 'localhost:13306' (61 Connection refused)
达到最大重试次数，放弃连接
Traceback (most recent call last):
  File "/Users/yangsan/Library/Python/3.7/lib/python/site-packages/mysql/connector/network.py", line 600, in open_connection
    self.sock.connect(sockaddr)
ConnectionRefusedError: [Errno 61] Connection refused

The above exception was the direct cause of the following exception:

Traceback (most recent call last):
  File "mysql_to_txt.py", line 215, in <module>
    main()
  File "mysql_to_txt.py", line 178, in main
    connection = connect_to_mysql_with_retry()
  File "mysql_to_txt.py", line 32, in connect_to_mysql_with_retry
    connection = mysql.connector.connect(**DB_CONFIG)
  File "/Users/yangsan/Library/Python/3.7/lib/python/site-packages/mysql/connector/pooling.py", line 294, in connect
    return MySQLConnection(*args, **kwargs)
  File "/Users/yangsan/Library/Python/3.7/lib/python/site-packages/mysql/connector/connection.py", line 164, in __init__
    self.connect(**kwargs)
  File "/Users/yangsan/Library/Python/3.7/lib/python/site-packages/mysql/connector/abstracts.py", line 1181, in connect
    self._open_connection()
  File "/Users/yangsan/Library/Python/3.7/lib/python/site-packages/mysql/connector/connection.py", line 570, in _open_connection
    self._socket.open_connection()
  File "/Users/yangsan/Library/Python/3.7/lib/python/site-packages/mysql/connector/network.py", line 609, in open_connection
    ) from err
mysql.connector.errors.InterfaceError: 2003: Can't connect to MySQL server on 'localhost:13306' (61 Connection refused)
[2025-04-11 21:53:22] ✗ MySQL数据导出失败，错误代码: 1
[2025-04-11 21:53:22] 本次执行完成，将在5分钟后再次执行
[2025-04-11 21:53:22] --------------------------------------------
[2025-04-11 21:58:22] 开始新的迭代 - 2025-04-11 21:58:22
[2025-04-11 21:58:22] ================================================
[2025-04-11 21:58:22]       客服数据处理流程自动化脚本 v2.0 (后台定时版)
[2025-04-11 21:58:22] ================================================
[2025-04-11 21:58:22] 开始执行处理流程
[2025-04-11 21:58:22] === 步骤1: 从MySQL导出数据到TXT ===
[2025-04-11 21:58:22] 执行: python mysql_to_txt.py
开始从MySQL导出数据到文本文件...
连接尝试 1/3...
连接失败: 2003: Can't connect to MySQL server on 'localhost:13306' (61 Connection refused)
等待 5 秒后重试...
连接尝试 2/3...
连接失败: 2003: Can't connect to MySQL server on 'localhost:13306' (61 Connection refused)
等待 5 秒后重试...
连接尝试 3/3...
连接失败: 2003: Can't connect to MySQL server on 'localhost:13306' (61 Connection refused)
达到最大重试次数，放弃连接
Traceback (most recent call last):
  File "/Users/yangsan/Library/Python/3.7/lib/python/site-packages/mysql/connector/network.py", line 600, in open_connection
    self.sock.connect(sockaddr)
ConnectionRefusedError: [Errno 61] Connection refused

The above exception was the direct cause of the following exception:

Traceback (most recent call last):
  File "mysql_to_txt.py", line 215, in <module>
    main()
  File "mysql_to_txt.py", line 178, in main
    connection = connect_to_mysql_with_retry()
  File "mysql_to_txt.py", line 32, in connect_to_mysql_with_retry
    connection = mysql.connector.connect(**DB_CONFIG)
  File "/Users/yangsan/Library/Python/3.7/lib/python/site-packages/mysql/connector/pooling.py", line 294, in connect
    return MySQLConnection(*args, **kwargs)
  File "/Users/yangsan/Library/Python/3.7/lib/python/site-packages/mysql/connector/connection.py", line 164, in __init__
    self.connect(**kwargs)
  File "/Users/yangsan/Library/Python/3.7/lib/python/site-packages/mysql/connector/abstracts.py", line 1181, in connect
    self._open_connection()
  File "/Users/yangsan/Library/Python/3.7/lib/python/site-packages/mysql/connector/connection.py", line 570, in _open_connection
    self._socket.open_connection()
  File "/Users/yangsan/Library/Python/3.7/lib/python/site-packages/mysql/connector/network.py", line 609, in open_connection
    ) from err
mysql.connector.errors.InterfaceError: 2003: Can't connect to MySQL server on 'localhost:13306' (61 Connection refused)
[2025-04-11 21:58:32] ✗ MySQL数据导出失败，错误代码: 1
[2025-04-11 21:58:32] 本次执行完成，将在5分钟后再次执行
[2025-04-11 21:58:32] --------------------------------------------
[2025-04-11 22:03:32] 开始新的迭代 - 2025-04-11 22:03:32
[2025-04-11 22:03:32] ================================================
[2025-04-11 22:03:32]       客服数据处理流程自动化脚本 v2.0 (后台定时版)
[2025-04-11 22:03:32] ================================================
[2025-04-11 22:03:32] 开始执行处理流程
[2025-04-11 22:03:32] === 步骤1: 从MySQL导出数据到TXT ===
[2025-04-11 22:03:32] 执行: python mysql_to_txt.py
开始从MySQL导出数据到文本文件...
连接尝试 1/3...
连接失败: 2003: Can't connect to MySQL server on 'localhost:13306' (61 Connection refused)
等待 5 秒后重试...
连接尝试 2/3...
连接失败: 2003: Can't connect to MySQL server on 'localhost:13306' (61 Connection refused)
等待 5 秒后重试...
连接尝试 3/3...
连接失败: 2003: Can't connect to MySQL server on 'localhost:13306' (61 Connection refused)
达到最大重试次数，放弃连接
Traceback (most recent call last):
  File "/Users/yangsan/Library/Python/3.7/lib/python/site-packages/mysql/connector/network.py", line 600, in open_connection
    self.sock.connect(sockaddr)
ConnectionRefusedError: [Errno 61] Connection refused

The above exception was the direct cause of the following exception:

Traceback (most recent call last):
  File "mysql_to_txt.py", line 215, in <module>
    main()
  File "mysql_to_txt.py", line 178, in main
    connection = connect_to_mysql_with_retry()
  File "mysql_to_txt.py", line 32, in connect_to_mysql_with_retry
    connection = mysql.connector.connect(**DB_CONFIG)
  File "/Users/yangsan/Library/Python/3.7/lib/python/site-packages/mysql/connector/pooling.py", line 294, in connect
    return MySQLConnection(*args, **kwargs)
  File "/Users/yangsan/Library/Python/3.7/lib/python/site-packages/mysql/connector/connection.py", line 164, in __init__
    self.connect(**kwargs)
  File "/Users/yangsan/Library/Python/3.7/lib/python/site-packages/mysql/connector/abstracts.py", line 1181, in connect
    self._open_connection()
  File "/Users/yangsan/Library/Python/3.7/lib/python/site-packages/mysql/connector/connection.py", line 570, in _open_connection
    self._socket.open_connection()
  File "/Users/yangsan/Library/Python/3.7/lib/python/site-packages/mysql/connector/network.py", line 609, in open_connection
    ) from err
mysql.connector.errors.InterfaceError: 2003: Can't connect to MySQL server on 'localhost:13306' (61 Connection refused)
[2025-04-11 22:03:42] ✗ MySQL数据导出失败，错误代码: 1
[2025-04-11 22:03:42] 本次执行完成，将在5分钟后再次执行
[2025-04-11 22:03:42] --------------------------------------------
[2025-04-11 22:08:42] 开始新的迭代 - 2025-04-11 22:08:42
[2025-04-11 22:08:42] ================================================
[2025-04-11 22:08:42]       客服数据处理流程自动化脚本 v2.0 (后台定时版)
[2025-04-11 22:08:42] ================================================
[2025-04-11 22:08:42] 开始执行处理流程
[2025-04-11 22:08:42] === 步骤1: 从MySQL导出数据到TXT ===
[2025-04-11 22:08:42] 执行: python mysql_to_txt.py
开始从MySQL导出数据到文本文件...
连接尝试 1/3...
连接失败: 2003: Can't connect to MySQL server on 'localhost:13306' (61 Connection refused)
等待 5 秒后重试...
连接尝试 2/3...
连接失败: 2003: Can't connect to MySQL server on 'localhost:13306' (61 Connection refused)
等待 5 秒后重试...
连接尝试 3/3...
连接失败: 2003: Can't connect to MySQL server on 'localhost:13306' (61 Connection refused)
达到最大重试次数，放弃连接
Traceback (most recent call last):
  File "/Users/yangsan/Library/Python/3.7/lib/python/site-packages/mysql/connector/network.py", line 600, in open_connection
    self.sock.connect(sockaddr)
ConnectionRefusedError: [Errno 61] Connection refused

The above exception was the direct cause of the following exception:

Traceback (most recent call last):
  File "mysql_to_txt.py", line 215, in <module>
    main()
  File "mysql_to_txt.py", line 178, in main
    connection = connect_to_mysql_with_retry()
  File "mysql_to_txt.py", line 32, in connect_to_mysql_with_retry
    connection = mysql.connector.connect(**DB_CONFIG)
  File "/Users/yangsan/Library/Python/3.7/lib/python/site-packages/mysql/connector/pooling.py", line 294, in connect
    return MySQLConnection(*args, **kwargs)
  File "/Users/yangsan/Library/Python/3.7/lib/python/site-packages/mysql/connector/connection.py", line 164, in __init__
    self.connect(**kwargs)
  File "/Users/yangsan/Library/Python/3.7/lib/python/site-packages/mysql/connector/abstracts.py", line 1181, in connect
    self._open_connection()
  File "/Users/yangsan/Library/Python/3.7/lib/python/site-packages/mysql/connector/connection.py", line 570, in _open_connection
    self._socket.open_connection()
  File "/Users/yangsan/Library/Python/3.7/lib/python/site-packages/mysql/connector/network.py", line 609, in open_connection
    ) from err
mysql.connector.errors.InterfaceError: 2003: Can't connect to MySQL server on 'localhost:13306' (61 Connection refused)
[2025-04-11 22:08:54] ✗ MySQL数据导出失败，错误代码: 1
[2025-04-11 22:08:54] 本次执行完成，将在5分钟后再次执行
[2025-04-11 22:08:54] --------------------------------------------
[2025-04-11 22:13:54] 开始新的迭代 - 2025-04-11 22:13:54
[2025-04-11 22:13:54] ================================================
[2025-04-11 22:13:54]       客服数据处理流程自动化脚本 v2.0 (后台定时版)
[2025-04-11 22:13:54] ================================================
[2025-04-11 22:13:54] 开始执行处理流程
[2025-04-11 22:13:54] === 步骤1: 从MySQL导出数据到TXT ===
[2025-04-11 22:13:54] 执行: python mysql_to_txt.py
开始从MySQL导出数据到文本文件...
连接尝试 1/3...
连接失败: 2003: Can't connect to MySQL server on 'localhost:13306' (61 Connection refused)
等待 5 秒后重试...
连接尝试 2/3...
连接失败: 2003: Can't connect to MySQL server on 'localhost:13306' (61 Connection refused)
等待 5 秒后重试...
连接尝试 3/3...
连接失败: 2003: Can't connect to MySQL server on 'localhost:13306' (61 Connection refused)
达到最大重试次数，放弃连接
Traceback (most recent call last):
  File "/Users/yangsan/Library/Python/3.7/lib/python/site-packages/mysql/connector/network.py", line 600, in open_connection
    self.sock.connect(sockaddr)
ConnectionRefusedError: [Errno 61] Connection refused

The above exception was the direct cause of the following exception:

Traceback (most recent call last):
  File "mysql_to_txt.py", line 215, in <module>
    main()
  File "mysql_to_txt.py", line 178, in main
    connection = connect_to_mysql_with_retry()
  File "mysql_to_txt.py", line 32, in connect_to_mysql_with_retry
    connection = mysql.connector.connect(**DB_CONFIG)
  File "/Users/yangsan/Library/Python/3.7/lib/python/site-packages/mysql/connector/pooling.py", line 294, in connect
    return MySQLConnection(*args, **kwargs)
  File "/Users/yangsan/Library/Python/3.7/lib/python/site-packages/mysql/connector/connection.py", line 164, in __init__
    self.connect(**kwargs)
  File "/Users/yangsan/Library/Python/3.7/lib/python/site-packages/mysql/connector/abstracts.py", line 1181, in connect
    self._open_connection()
  File "/Users/yangsan/Library/Python/3.7/lib/python/site-packages/mysql/connector/connection.py", line 570, in _open_connection
    self._socket.open_connection()
  File "/Users/yangsan/Library/Python/3.7/lib/python/site-packages/mysql/connector/network.py", line 609, in open_connection
    ) from err
mysql.connector.errors.InterfaceError: 2003: Can't connect to MySQL server on 'localhost:13306' (61 Connection refused)
[2025-04-11 22:14:05] ✗ MySQL数据导出失败，错误代码: 1
[2025-04-11 22:14:05] 本次执行完成，将在5分钟后再次执行
[2025-04-11 22:14:05] --------------------------------------------
[2025-04-11 22:19:05] 开始新的迭代 - 2025-04-11 22:19:05
[2025-04-11 22:19:05] ================================================
[2025-04-11 22:19:05]       客服数据处理流程自动化脚本 v2.0 (后台定时版)
[2025-04-11 22:19:05] ================================================
[2025-04-11 22:19:06] 开始执行处理流程
[2025-04-11 22:19:06] === 步骤1: 从MySQL导出数据到TXT ===
[2025-04-11 22:19:06] 执行: python mysql_to_txt.py
开始从MySQL导出数据到文本文件...
连接尝试 1/3...
连接失败: 2003: Can't connect to MySQL server on 'localhost:13306' (61 Connection refused)
等待 5 秒后重试...
连接尝试 2/3...
连接失败: 2003: Can't connect to MySQL server on 'localhost:13306' (61 Connection refused)
等待 5 秒后重试...
连接尝试 3/3...
连接失败: 2003: Can't connect to MySQL server on 'localhost:13306' (61 Connection refused)
达到最大重试次数，放弃连接
Traceback (most recent call last):
  File "/Users/yangsan/Library/Python/3.7/lib/python/site-packages/mysql/connector/network.py", line 600, in open_connection
    self.sock.connect(sockaddr)
ConnectionRefusedError: [Errno 61] Connection refused

The above exception was the direct cause of the following exception:

Traceback (most recent call last):
  File "mysql_to_txt.py", line 215, in <module>
    main()
  File "mysql_to_txt.py", line 178, in main
    connection = connect_to_mysql_with_retry()
  File "mysql_to_txt.py", line 32, in connect_to_mysql_with_retry
    connection = mysql.connector.connect(**DB_CONFIG)
  File "/Users/yangsan/Library/Python/3.7/lib/python/site-packages/mysql/connector/pooling.py", line 294, in connect
    return MySQLConnection(*args, **kwargs)
  File "/Users/yangsan/Library/Python/3.7/lib/python/site-packages/mysql/connector/connection.py", line 164, in __init__
    self.connect(**kwargs)
  File "/Users/yangsan/Library/Python/3.7/lib/python/site-packages/mysql/connector/abstracts.py", line 1181, in connect
    self._open_connection()
  File "/Users/yangsan/Library/Python/3.7/lib/python/site-packages/mysql/connector/connection.py", line 570, in _open_connection
    self._socket.open_connection()
  File "/Users/yangsan/Library/Python/3.7/lib/python/site-packages/mysql/connector/network.py", line 609, in open_connection
    ) from err
mysql.connector.errors.InterfaceError: 2003: Can't connect to MySQL server on 'localhost:13306' (61 Connection refused)
[2025-04-11 22:19:16] ✗ MySQL数据导出失败，错误代码: 1
[2025-04-11 22:19:16] 本次执行完成，将在5分钟后再次执行
[2025-04-11 22:19:16] --------------------------------------------
[2025-04-11 22:24:16] 开始新的迭代 - 2025-04-11 22:24:16
[2025-04-11 22:24:16] ================================================
[2025-04-11 22:24:16]       客服数据处理流程自动化脚本 v2.0 (后台定时版)
[2025-04-11 22:24:16] ================================================
[2025-04-11 22:24:16] 开始执行处理流程
[2025-04-11 22:24:16] === 步骤1: 从MySQL导出数据到TXT ===
[2025-04-11 22:24:16] 执行: python mysql_to_txt.py
开始从MySQL导出数据到文本文件...
连接尝试 1/3...
连接失败: 2003: Can't connect to MySQL server on 'localhost:13306' (61 Connection refused)
等待 5 秒后重试...
连接尝试 2/3...
连接失败: 2003: Can't connect to MySQL server on 'localhost:13306' (61 Connection refused)
等待 5 秒后重试...
连接尝试 3/3...
连接失败: 2003: Can't connect to MySQL server on 'localhost:13306' (61 Connection refused)
达到最大重试次数，放弃连接
Traceback (most recent call last):
  File "/Users/yangsan/Library/Python/3.7/lib/python/site-packages/mysql/connector/network.py", line 600, in open_connection
    self.sock.connect(sockaddr)
ConnectionRefusedError: [Errno 61] Connection refused

The above exception was the direct cause of the following exception:

Traceback (most recent call last):
  File "mysql_to_txt.py", line 215, in <module>
    main()
  File "mysql_to_txt.py", line 178, in main
    connection = connect_to_mysql_with_retry()
  File "mysql_to_txt.py", line 32, in connect_to_mysql_with_retry
    connection = mysql.connector.connect(**DB_CONFIG)
  File "/Users/yangsan/Library/Python/3.7/lib/python/site-packages/mysql/connector/pooling.py", line 294, in connect
    return MySQLConnection(*args, **kwargs)
  File "/Users/yangsan/Library/Python/3.7/lib/python/site-packages/mysql/connector/connection.py", line 164, in __init__
    self.connect(**kwargs)
  File "/Users/yangsan/Library/Python/3.7/lib/python/site-packages/mysql/connector/abstracts.py", line 1181, in connect
    self._open_connection()
  File "/Users/yangsan/Library/Python/3.7/lib/python/site-packages/mysql/connector/connection.py", line 570, in _open_connection
    self._socket.open_connection()
  File "/Users/yangsan/Library/Python/3.7/lib/python/site-packages/mysql/connector/network.py", line 609, in open_connection
    ) from err
mysql.connector.errors.InterfaceError: 2003: Can't connect to MySQL server on 'localhost:13306' (61 Connection refused)
[2025-04-11 22:24:26] ✗ MySQL数据导出失败，错误代码: 1
[2025-04-11 22:24:26] 本次执行完成，将在5分钟后再次执行
[2025-04-11 22:24:26] --------------------------------------------
[2025-04-11 22:29:26] 开始新的迭代 - 2025-04-11 22:29:26
[2025-04-11 22:29:26] ================================================
[2025-04-11 22:29:26]       客服数据处理流程自动化脚本 v2.0 (后台定时版)
[2025-04-11 22:29:26] ================================================
[2025-04-11 22:29:26] 开始执行处理流程
[2025-04-11 22:29:26] === 步骤1: 从MySQL导出数据到TXT ===
[2025-04-11 22:29:26] 执行: python mysql_to_txt.py
开始从MySQL导出数据到文本文件...
连接尝试 1/3...
连接失败: 2003: Can't connect to MySQL server on 'localhost:13306' (61 Connection refused)
等待 5 秒后重试...
连接尝试 2/3...
连接失败: 2003: Can't connect to MySQL server on 'localhost:13306' (61 Connection refused)
等待 5 秒后重试...
连接尝试 3/3...
连接失败: 2003: Can't connect to MySQL server on 'localhost:13306' (61 Connection refused)
达到最大重试次数，放弃连接
Traceback (most recent call last):
  File "/Users/yangsan/Library/Python/3.7/lib/python/site-packages/mysql/connector/network.py", line 600, in open_connection
    self.sock.connect(sockaddr)
ConnectionRefusedError: [Errno 61] Connection refused

The above exception was the direct cause of the following exception:

Traceback (most recent call last):
  File "mysql_to_txt.py", line 215, in <module>
    main()
  File "mysql_to_txt.py", line 178, in main
    connection = connect_to_mysql_with_retry()
  File "mysql_to_txt.py", line 32, in connect_to_mysql_with_retry
    connection = mysql.connector.connect(**DB_CONFIG)
  File "/Users/yangsan/Library/Python/3.7/lib/python/site-packages/mysql/connector/pooling.py", line 294, in connect
    return MySQLConnection(*args, **kwargs)
  File "/Users/yangsan/Library/Python/3.7/lib/python/site-packages/mysql/connector/connection.py", line 164, in __init__
    self.connect(**kwargs)
  File "/Users/yangsan/Library/Python/3.7/lib/python/site-packages/mysql/connector/abstracts.py", line 1181, in connect
    self._open_connection()
  File "/Users/yangsan/Library/Python/3.7/lib/python/site-packages/mysql/connector/connection.py", line 570, in _open_connection
    self._socket.open_connection()
  File "/Users/yangsan/Library/Python/3.7/lib/python/site-packages/mysql/connector/network.py", line 609, in open_connection
    ) from err
mysql.connector.errors.InterfaceError: 2003: Can't connect to MySQL server on 'localhost:13306' (61 Connection refused)
[2025-04-11 22:29:37] ✗ MySQL数据导出失败，错误代码: 1
[2025-04-11 22:29:37] 本次执行完成，将在5分钟后再次执行
[2025-04-11 22:29:37] --------------------------------------------
[2025-04-11 22:34:37] 开始新的迭代 - 2025-04-11 22:34:37
[2025-04-11 22:34:37] ================================================
[2025-04-11 22:34:37]       客服数据处理流程自动化脚本 v2.0 (后台定时版)
[2025-04-11 22:34:37] ================================================
[2025-04-11 22:34:37] 开始执行处理流程
[2025-04-11 22:34:37] === 步骤1: 从MySQL导出数据到TXT ===
[2025-04-11 22:34:37] 执行: python mysql_to_txt.py
开始从MySQL导出数据到文本文件...
连接尝试 1/3...
连接失败: 2003: Can't connect to MySQL server on 'localhost:13306' (61 Connection refused)
等待 5 秒后重试...
连接尝试 2/3...
连接失败: 2003: Can't connect to MySQL server on 'localhost:13306' (61 Connection refused)
等待 5 秒后重试...
连接尝试 3/3...
连接失败: 2003: Can't connect to MySQL server on 'localhost:13306' (61 Connection refused)
达到最大重试次数，放弃连接
Traceback (most recent call last):
  File "/Users/yangsan/Library/Python/3.7/lib/python/site-packages/mysql/connector/network.py", line 600, in open_connection
    self.sock.connect(sockaddr)
ConnectionRefusedError: [Errno 61] Connection refused

The above exception was the direct cause of the following exception:

Traceback (most recent call last):
  File "mysql_to_txt.py", line 215, in <module>
    main()
  File "mysql_to_txt.py", line 178, in main
    connection = connect_to_mysql_with_retry()
  File "mysql_to_txt.py", line 32, in connect_to_mysql_with_retry
    connection = mysql.connector.connect(**DB_CONFIG)
  File "/Users/yangsan/Library/Python/3.7/lib/python/site-packages/mysql/connector/pooling.py", line 294, in connect
    return MySQLConnection(*args, **kwargs)
  File "/Users/yangsan/Library/Python/3.7/lib/python/site-packages/mysql/connector/connection.py", line 164, in __init__
    self.connect(**kwargs)
  File "/Users/yangsan/Library/Python/3.7/lib/python/site-packages/mysql/connector/abstracts.py", line 1181, in connect
    self._open_connection()
  File "/Users/yangsan/Library/Python/3.7/lib/python/site-packages/mysql/connector/connection.py", line 570, in _open_connection
    self._socket.open_connection()
  File "/Users/yangsan/Library/Python/3.7/lib/python/site-packages/mysql/connector/network.py", line 609, in open_connection
    ) from err
mysql.connector.errors.InterfaceError: 2003: Can't connect to MySQL server on 'localhost:13306' (61 Connection refused)
[2025-04-11 22:34:47] ✗ MySQL数据导出失败，错误代码: 1
[2025-04-11 22:34:47] 本次执行完成，将在5分钟后再次执行
[2025-04-11 22:34:47] --------------------------------------------
[2025-04-11 22:39:48] 开始新的迭代 - 2025-04-11 22:39:48
[2025-04-11 22:39:48] ================================================
[2025-04-11 22:39:48]       客服数据处理流程自动化脚本 v2.0 (后台定时版)
[2025-04-11 22:39:48] ================================================
[2025-04-11 22:39:48] 开始执行处理流程
[2025-04-11 22:39:48] === 步骤1: 从MySQL导出数据到TXT ===
[2025-04-11 22:39:48] 执行: python mysql_to_txt.py
开始从MySQL导出数据到文本文件...
连接尝试 1/3...
连接失败: 2003: Can't connect to MySQL server on 'localhost:13306' (61 Connection refused)
等待 5 秒后重试...
连接尝试 2/3...
连接失败: 2003: Can't connect to MySQL server on 'localhost:13306' (61 Connection refused)
等待 5 秒后重试...
连接尝试 3/3...
连接失败: 2003: Can't connect to MySQL server on 'localhost:13306' (61 Connection refused)
达到最大重试次数，放弃连接
Traceback (most recent call last):
  File "/Users/yangsan/Library/Python/3.7/lib/python/site-packages/mysql/connector/network.py", line 600, in open_connection
    self.sock.connect(sockaddr)
ConnectionRefusedError: [Errno 61] Connection refused

The above exception was the direct cause of the following exception:

Traceback (most recent call last):
  File "mysql_to_txt.py", line 215, in <module>
    main()
  File "mysql_to_txt.py", line 178, in main
    connection = connect_to_mysql_with_retry()
  File "mysql_to_txt.py", line 32, in connect_to_mysql_with_retry
    connection = mysql.connector.connect(**DB_CONFIG)
  File "/Users/yangsan/Library/Python/3.7/lib/python/site-packages/mysql/connector/pooling.py", line 294, in connect
    return MySQLConnection(*args, **kwargs)
  File "/Users/yangsan/Library/Python/3.7/lib/python/site-packages/mysql/connector/connection.py", line 164, in __init__
    self.connect(**kwargs)
  File "/Users/yangsan/Library/Python/3.7/lib/python/site-packages/mysql/connector/abstracts.py", line 1181, in connect
    self._open_connection()
  File "/Users/yangsan/Library/Python/3.7/lib/python/site-packages/mysql/connector/connection.py", line 570, in _open_connection
    self._socket.open_connection()
  File "/Users/yangsan/Library/Python/3.7/lib/python/site-packages/mysql/connector/network.py", line 609, in open_connection
    ) from err
mysql.connector.errors.InterfaceError: 2003: Can't connect to MySQL server on 'localhost:13306' (61 Connection refused)
[2025-04-11 22:39:58] ✗ MySQL数据导出失败，错误代码: 1
[2025-04-11 22:39:58] 本次执行完成，将在5分钟后再次执行
[2025-04-11 22:39:58] --------------------------------------------
[2025-04-11 22:44:58] 开始新的迭代 - 2025-04-11 22:44:58
[2025-04-11 22:44:58] ================================================
[2025-04-11 22:44:58]       客服数据处理流程自动化脚本 v2.0 (后台定时版)
[2025-04-11 22:44:58] ================================================
[2025-04-11 22:44:58] 开始执行处理流程
[2025-04-11 22:44:58] === 步骤1: 从MySQL导出数据到TXT ===
[2025-04-11 22:44:58] 执行: python mysql_to_txt.py
开始从MySQL导出数据到文本文件...
连接尝试 1/3...
连接失败: 2003: Can't connect to MySQL server on 'localhost:13306' (61 Connection refused)
等待 5 秒后重试...
连接尝试 2/3...
连接失败: 2003: Can't connect to MySQL server on 'localhost:13306' (61 Connection refused)
等待 5 秒后重试...
连接尝试 3/3...
连接失败: 2003: Can't connect to MySQL server on 'localhost:13306' (61 Connection refused)
达到最大重试次数，放弃连接
Traceback (most recent call last):
  File "/Users/yangsan/Library/Python/3.7/lib/python/site-packages/mysql/connector/network.py", line 600, in open_connection
    self.sock.connect(sockaddr)
ConnectionRefusedError: [Errno 61] Connection refused

The above exception was the direct cause of the following exception:

Traceback (most recent call last):
  File "mysql_to_txt.py", line 215, in <module>
    main()
  File "mysql_to_txt.py", line 178, in main
    connection = connect_to_mysql_with_retry()
  File "mysql_to_txt.py", line 32, in connect_to_mysql_with_retry
    connection = mysql.connector.connect(**DB_CONFIG)
  File "/Users/yangsan/Library/Python/3.7/lib/python/site-packages/mysql/connector/pooling.py", line 294, in connect
    return MySQLConnection(*args, **kwargs)
  File "/Users/yangsan/Library/Python/3.7/lib/python/site-packages/mysql/connector/connection.py", line 164, in __init__
    self.connect(**kwargs)
  File "/Users/yangsan/Library/Python/3.7/lib/python/site-packages/mysql/connector/abstracts.py", line 1181, in connect
    self._open_connection()
  File "/Users/yangsan/Library/Python/3.7/lib/python/site-packages/mysql/connector/connection.py", line 570, in _open_connection
    self._socket.open_connection()
  File "/Users/yangsan/Library/Python/3.7/lib/python/site-packages/mysql/connector/network.py", line 609, in open_connection
    ) from err
mysql.connector.errors.InterfaceError: 2003: Can't connect to MySQL server on 'localhost:13306' (61 Connection refused)
[2025-04-11 22:45:09] ✗ MySQL数据导出失败，错误代码: 1
[2025-04-11 22:45:09] 本次执行完成，将在5分钟后再次执行
[2025-04-11 22:45:09] --------------------------------------------
[2025-04-11 22:50:09] 开始新的迭代 - 2025-04-11 22:50:09
[2025-04-11 22:50:09] ================================================
[2025-04-11 22:50:09]       客服数据处理流程自动化脚本 v2.0 (后台定时版)
[2025-04-11 22:50:09] ================================================
[2025-04-11 22:50:09] 开始执行处理流程
[2025-04-11 22:50:09] === 步骤1: 从MySQL导出数据到TXT ===
[2025-04-11 22:50:09] 执行: python mysql_to_txt.py
开始从MySQL导出数据到文本文件...
连接尝试 1/3...
连接失败: 2003: Can't connect to MySQL server on 'localhost:13306' (61 Connection refused)
等待 5 秒后重试...
连接尝试 2/3...
连接失败: 2003: Can't connect to MySQL server on 'localhost:13306' (61 Connection refused)
等待 5 秒后重试...
连接尝试 3/3...
连接失败: 2003: Can't connect to MySQL server on 'localhost:13306' (61 Connection refused)
达到最大重试次数，放弃连接
Traceback (most recent call last):
  File "/Users/yangsan/Library/Python/3.7/lib/python/site-packages/mysql/connector/network.py", line 600, in open_connection
    self.sock.connect(sockaddr)
ConnectionRefusedError: [Errno 61] Connection refused

The above exception was the direct cause of the following exception:

Traceback (most recent call last):
  File "mysql_to_txt.py", line 215, in <module>
    main()
  File "mysql_to_txt.py", line 178, in main
    connection = connect_to_mysql_with_retry()
  File "mysql_to_txt.py", line 32, in connect_to_mysql_with_retry
    connection = mysql.connector.connect(**DB_CONFIG)
  File "/Users/yangsan/Library/Python/3.7/lib/python/site-packages/mysql/connector/pooling.py", line 294, in connect
    return MySQLConnection(*args, **kwargs)
  File "/Users/yangsan/Library/Python/3.7/lib/python/site-packages/mysql/connector/connection.py", line 164, in __init__
    self.connect(**kwargs)
  File "/Users/yangsan/Library/Python/3.7/lib/python/site-packages/mysql/connector/abstracts.py", line 1181, in connect
    self._open_connection()
  File "/Users/yangsan/Library/Python/3.7/lib/python/site-packages/mysql/connector/connection.py", line 570, in _open_connection
    self._socket.open_connection()
  File "/Users/yangsan/Library/Python/3.7/lib/python/site-packages/mysql/connector/network.py", line 609, in open_connection
    ) from err
mysql.connector.errors.InterfaceError: 2003: Can't connect to MySQL server on 'localhost:13306' (61 Connection refused)
[2025-04-11 22:50:19] ✗ MySQL数据导出失败，错误代码: 1
[2025-04-11 22:50:19] 本次执行完成，将在5分钟后再次执行
[2025-04-11 22:50:19] --------------------------------------------
[2025-04-11 22:55:19] 开始新的迭代 - 2025-04-11 22:55:19
[2025-04-11 22:55:19] ================================================
[2025-04-11 22:55:19]       客服数据处理流程自动化脚本 v2.0 (后台定时版)
[2025-04-11 22:55:19] ================================================
[2025-04-11 22:55:19] 开始执行处理流程
[2025-04-11 22:55:19] === 步骤1: 从MySQL导出数据到TXT ===
[2025-04-11 22:55:20] 执行: python mysql_to_txt.py
开始从MySQL导出数据到文本文件...
连接尝试 1/3...
连接失败: 2003: Can't connect to MySQL server on 'localhost:13306' (61 Connection refused)
等待 5 秒后重试...
连接尝试 2/3...
连接失败: 2003: Can't connect to MySQL server on 'localhost:13306' (61 Connection refused)
等待 5 秒后重试...
连接尝试 3/3...
连接失败: 2003: Can't connect to MySQL server on 'localhost:13306' (61 Connection refused)
达到最大重试次数，放弃连接
Traceback (most recent call last):
  File "/Users/yangsan/Library/Python/3.7/lib/python/site-packages/mysql/connector/network.py", line 600, in open_connection
    self.sock.connect(sockaddr)
ConnectionRefusedError: [Errno 61] Connection refused

The above exception was the direct cause of the following exception:

Traceback (most recent call last):
  File "mysql_to_txt.py", line 215, in <module>
    main()
  File "mysql_to_txt.py", line 178, in main
    connection = connect_to_mysql_with_retry()
  File "mysql_to_txt.py", line 32, in connect_to_mysql_with_retry
    connection = mysql.connector.connect(**DB_CONFIG)
  File "/Users/yangsan/Library/Python/3.7/lib/python/site-packages/mysql/connector/pooling.py", line 294, in connect
    return MySQLConnection(*args, **kwargs)
  File "/Users/yangsan/Library/Python/3.7/lib/python/site-packages/mysql/connector/connection.py", line 164, in __init__
    self.connect(**kwargs)
  File "/Users/yangsan/Library/Python/3.7/lib/python/site-packages/mysql/connector/abstracts.py", line 1181, in connect
    self._open_connection()
  File "/Users/yangsan/Library/Python/3.7/lib/python/site-packages/mysql/connector/connection.py", line 570, in _open_connection
    self._socket.open_connection()
  File "/Users/yangsan/Library/Python/3.7/lib/python/site-packages/mysql/connector/network.py", line 609, in open_connection
    ) from err
mysql.connector.errors.InterfaceError: 2003: Can't connect to MySQL server on 'localhost:13306' (61 Connection refused)
[2025-04-11 22:55:30] ✗ MySQL数据导出失败，错误代码: 1
[2025-04-11 22:55:30] 本次执行完成，将在5分钟后再次执行
[2025-04-11 22:55:30] --------------------------------------------
[2025-04-11 23:00:30] 开始新的迭代 - 2025-04-11 23:00:30
[2025-04-11 23:00:30] ================================================
[2025-04-11 23:00:30]       客服数据处理流程自动化脚本 v2.0 (后台定时版)
[2025-04-11 23:00:30] ================================================
[2025-04-11 23:00:30] 开始执行处理流程
[2025-04-11 23:00:30] === 步骤1: 从MySQL导出数据到TXT ===
[2025-04-11 23:00:30] 执行: python mysql_to_txt.py
开始从MySQL导出数据到文本文件...
连接尝试 1/3...
连接失败: 2003: Can't connect to MySQL server on 'localhost:13306' (61 Connection refused)
等待 5 秒后重试...
连接尝试 2/3...
连接失败: 2003: Can't connect to MySQL server on 'localhost:13306' (61 Connection refused)
等待 5 秒后重试...
连接尝试 3/3...
连接失败: 2003: Can't connect to MySQL server on 'localhost:13306' (61 Connection refused)
达到最大重试次数，放弃连接
Traceback (most recent call last):
  File "/Users/yangsan/Library/Python/3.7/lib/python/site-packages/mysql/connector/network.py", line 600, in open_connection
    self.sock.connect(sockaddr)
ConnectionRefusedError: [Errno 61] Connection refused

The above exception was the direct cause of the following exception:

Traceback (most recent call last):
  File "mysql_to_txt.py", line 215, in <module>
    main()
  File "mysql_to_txt.py", line 178, in main
    connection = connect_to_mysql_with_retry()
  File "mysql_to_txt.py", line 32, in connect_to_mysql_with_retry
    connection = mysql.connector.connect(**DB_CONFIG)
  File "/Users/yangsan/Library/Python/3.7/lib/python/site-packages/mysql/connector/pooling.py", line 294, in connect
    return MySQLConnection(*args, **kwargs)
  File "/Users/yangsan/Library/Python/3.7/lib/python/site-packages/mysql/connector/connection.py", line 164, in __init__
    self.connect(**kwargs)
  File "/Users/yangsan/Library/Python/3.7/lib/python/site-packages/mysql/connector/abstracts.py", line 1181, in connect
    self._open_connection()
  File "/Users/yangsan/Library/Python/3.7/lib/python/site-packages/mysql/connector/connection.py", line 570, in _open_connection
    self._socket.open_connection()
  File "/Users/yangsan/Library/Python/3.7/lib/python/site-packages/mysql/connector/network.py", line 609, in open_connection
    ) from err
mysql.connector.errors.InterfaceError: 2003: Can't connect to MySQL server on 'localhost:13306' (61 Connection refused)
[2025-04-11 23:00:40] ✗ MySQL数据导出失败，错误代码: 1
[2025-04-11 23:00:40] 本次执行完成，将在5分钟后再次执行
[2025-04-11 23:00:40] --------------------------------------------
[2025-04-11 23:05:40] 开始新的迭代 - 2025-04-11 23:05:40
[2025-04-11 23:05:40] ================================================
[2025-04-11 23:05:40]       客服数据处理流程自动化脚本 v2.0 (后台定时版)
[2025-04-11 23:05:40] ================================================
[2025-04-11 23:05:40] 开始执行处理流程
[2025-04-11 23:05:40] === 步骤1: 从MySQL导出数据到TXT ===
[2025-04-11 23:05:40] 执行: python mysql_to_txt.py
开始从MySQL导出数据到文本文件...
连接尝试 1/3...
连接失败: 2003: Can't connect to MySQL server on 'localhost:13306' (61 Connection refused)
等待 5 秒后重试...
连接尝试 2/3...
连接失败: 2003: Can't connect to MySQL server on 'localhost:13306' (61 Connection refused)
等待 5 秒后重试...
连接尝试 3/3...
连接失败: 2003: Can't connect to MySQL server on 'localhost:13306' (61 Connection refused)
达到最大重试次数，放弃连接
Traceback (most recent call last):
  File "/Users/yangsan/Library/Python/3.7/lib/python/site-packages/mysql/connector/network.py", line 600, in open_connection
    self.sock.connect(sockaddr)
ConnectionRefusedError: [Errno 61] Connection refused

The above exception was the direct cause of the following exception:

Traceback (most recent call last):
  File "mysql_to_txt.py", line 215, in <module>
    main()
  File "mysql_to_txt.py", line 178, in main
    connection = connect_to_mysql_with_retry()
  File "mysql_to_txt.py", line 32, in connect_to_mysql_with_retry
    connection = mysql.connector.connect(**DB_CONFIG)
  File "/Users/yangsan/Library/Python/3.7/lib/python/site-packages/mysql/connector/pooling.py", line 294, in connect
    return MySQLConnection(*args, **kwargs)
  File "/Users/yangsan/Library/Python/3.7/lib/python/site-packages/mysql/connector/connection.py", line 164, in __init__
    self.connect(**kwargs)
  File "/Users/yangsan/Library/Python/3.7/lib/python/site-packages/mysql/connector/abstracts.py", line 1181, in connect
    self._open_connection()
  File "/Users/yangsan/Library/Python/3.7/lib/python/site-packages/mysql/connector/connection.py", line 570, in _open_connection
    self._socket.open_connection()
  File "/Users/yangsan/Library/Python/3.7/lib/python/site-packages/mysql/connector/network.py", line 609, in open_connection
    ) from err
mysql.connector.errors.InterfaceError: 2003: Can't connect to MySQL server on 'localhost:13306' (61 Connection refused)
[2025-04-11 23:05:51] ✗ MySQL数据导出失败，错误代码: 1
[2025-04-11 23:05:51] 本次执行完成，将在5分钟后再次执行
[2025-04-11 23:05:51] --------------------------------------------
[2025-04-11 23:10:51] 开始新的迭代 - 2025-04-11 23:10:51
[2025-04-11 23:10:51] ================================================
[2025-04-11 23:10:51]       客服数据处理流程自动化脚本 v2.0 (后台定时版)
[2025-04-11 23:10:51] ================================================
[2025-04-11 23:10:51] 开始执行处理流程
[2025-04-11 23:10:51] === 步骤1: 从MySQL导出数据到TXT ===
[2025-04-11 23:10:51] 执行: python mysql_to_txt.py
开始从MySQL导出数据到文本文件...
连接尝试 1/3...
连接失败: 2003: Can't connect to MySQL server on 'localhost:13306' (61 Connection refused)
等待 5 秒后重试...
连接尝试 2/3...
连接失败: 2003: Can't connect to MySQL server on 'localhost:13306' (61 Connection refused)
等待 5 秒后重试...
连接尝试 3/3...
连接失败: 2003: Can't connect to MySQL server on 'localhost:13306' (61 Connection refused)
达到最大重试次数，放弃连接
Traceback (most recent call last):
  File "/Users/yangsan/Library/Python/3.7/lib/python/site-packages/mysql/connector/network.py", line 600, in open_connection
    self.sock.connect(sockaddr)
ConnectionRefusedError: [Errno 61] Connection refused

The above exception was the direct cause of the following exception:

Traceback (most recent call last):
  File "mysql_to_txt.py", line 215, in <module>
    main()
  File "mysql_to_txt.py", line 178, in main
    connection = connect_to_mysql_with_retry()
  File "mysql_to_txt.py", line 32, in connect_to_mysql_with_retry
    connection = mysql.connector.connect(**DB_CONFIG)
  File "/Users/yangsan/Library/Python/3.7/lib/python/site-packages/mysql/connector/pooling.py", line 294, in connect
    return MySQLConnection(*args, **kwargs)
  File "/Users/yangsan/Library/Python/3.7/lib/python/site-packages/mysql/connector/connection.py", line 164, in __init__
    self.connect(**kwargs)
  File "/Users/yangsan/Library/Python/3.7/lib/python/site-packages/mysql/connector/abstracts.py", line 1181, in connect
    self._open_connection()
  File "/Users/yangsan/Library/Python/3.7/lib/python/site-packages/mysql/connector/connection.py", line 570, in _open_connection
    self._socket.open_connection()
  File "/Users/yangsan/Library/Python/3.7/lib/python/site-packages/mysql/connector/network.py", line 609, in open_connection
    ) from err
mysql.connector.errors.InterfaceError: 2003: Can't connect to MySQL server on 'localhost:13306' (61 Connection refused)
[2025-04-11 23:11:01] ✗ MySQL数据导出失败，错误代码: 1
[2025-04-11 23:11:01] 本次执行完成，将在5分钟后再次执行
[2025-04-11 23:11:01] --------------------------------------------
[2025-04-11 23:16:01] 开始新的迭代 - 2025-04-11 23:16:01
[2025-04-11 23:16:01] ================================================
[2025-04-11 23:16:01]       客服数据处理流程自动化脚本 v2.0 (后台定时版)
[2025-04-11 23:16:01] ================================================
[2025-04-11 23:16:01] 开始执行处理流程
[2025-04-11 23:16:01] === 步骤1: 从MySQL导出数据到TXT ===
[2025-04-11 23:16:01] 执行: python mysql_to_txt.py
开始从MySQL导出数据到文本文件...
连接尝试 1/3...
连接失败: 2003: Can't connect to MySQL server on 'localhost:13306' (61 Connection refused)
等待 5 秒后重试...
连接尝试 2/3...
连接失败: 2003: Can't connect to MySQL server on 'localhost:13306' (61 Connection refused)
等待 5 秒后重试...
连接尝试 3/3...
连接失败: 2003: Can't connect to MySQL server on 'localhost:13306' (61 Connection refused)
达到最大重试次数，放弃连接
Traceback (most recent call last):
  File "/Users/yangsan/Library/Python/3.7/lib/python/site-packages/mysql/connector/network.py", line 600, in open_connection
    self.sock.connect(sockaddr)
ConnectionRefusedError: [Errno 61] Connection refused

The above exception was the direct cause of the following exception:

Traceback (most recent call last):
  File "mysql_to_txt.py", line 215, in <module>
    main()
  File "mysql_to_txt.py", line 178, in main
    connection = connect_to_mysql_with_retry()
  File "mysql_to_txt.py", line 32, in connect_to_mysql_with_retry
    connection = mysql.connector.connect(**DB_CONFIG)
  File "/Users/yangsan/Library/Python/3.7/lib/python/site-packages/mysql/connector/pooling.py", line 294, in connect
    return MySQLConnection(*args, **kwargs)
  File "/Users/yangsan/Library/Python/3.7/lib/python/site-packages/mysql/connector/connection.py", line 164, in __init__
    self.connect(**kwargs)
  File "/Users/yangsan/Library/Python/3.7/lib/python/site-packages/mysql/connector/abstracts.py", line 1181, in connect
    self._open_connection()
  File "/Users/yangsan/Library/Python/3.7/lib/python/site-packages/mysql/connector/connection.py", line 570, in _open_connection
    self._socket.open_connection()
  File "/Users/yangsan/Library/Python/3.7/lib/python/site-packages/mysql/connector/network.py", line 609, in open_connection
    ) from err
mysql.connector.errors.InterfaceError: 2003: Can't connect to MySQL server on 'localhost:13306' (61 Connection refused)
[2025-04-11 23:16:11] ✗ MySQL数据导出失败，错误代码: 1
[2025-04-11 23:16:11] 本次执行完成，将在5分钟后再次执行
[2025-04-11 23:16:11] --------------------------------------------
[2025-04-11 23:21:12] 开始新的迭代 - 2025-04-11 23:21:12
[2025-04-11 23:21:12] ================================================
[2025-04-11 23:21:12]       客服数据处理流程自动化脚本 v2.0 (后台定时版)
[2025-04-11 23:21:12] ================================================
[2025-04-11 23:21:12] 开始执行处理流程
[2025-04-11 23:21:12] === 步骤1: 从MySQL导出数据到TXT ===
[2025-04-11 23:21:12] 执行: python mysql_to_txt.py
开始从MySQL导出数据到文本文件...
连接尝试 1/3...
连接失败: 2003: Can't connect to MySQL server on 'localhost:13306' (61 Connection refused)
等待 5 秒后重试...
连接尝试 2/3...
连接失败: 2003: Can't connect to MySQL server on 'localhost:13306' (61 Connection refused)
等待 5 秒后重试...
连接尝试 3/3...
连接失败: 2003: Can't connect to MySQL server on 'localhost:13306' (61 Connection refused)
达到最大重试次数，放弃连接
Traceback (most recent call last):
  File "/Users/yangsan/Library/Python/3.7/lib/python/site-packages/mysql/connector/network.py", line 600, in open_connection
    self.sock.connect(sockaddr)
ConnectionRefusedError: [Errno 61] Connection refused

The above exception was the direct cause of the following exception:

Traceback (most recent call last):
  File "mysql_to_txt.py", line 215, in <module>
    main()
  File "mysql_to_txt.py", line 178, in main
    connection = connect_to_mysql_with_retry()
  File "mysql_to_txt.py", line 32, in connect_to_mysql_with_retry
    connection = mysql.connector.connect(**DB_CONFIG)
  File "/Users/yangsan/Library/Python/3.7/lib/python/site-packages/mysql/connector/pooling.py", line 294, in connect
    return MySQLConnection(*args, **kwargs)
  File "/Users/yangsan/Library/Python/3.7/lib/python/site-packages/mysql/connector/connection.py", line 164, in __init__
    self.connect(**kwargs)
  File "/Users/yangsan/Library/Python/3.7/lib/python/site-packages/mysql/connector/abstracts.py", line 1181, in connect
    self._open_connection()
  File "/Users/yangsan/Library/Python/3.7/lib/python/site-packages/mysql/connector/connection.py", line 570, in _open_connection
    self._socket.open_connection()
  File "/Users/yangsan/Library/Python/3.7/lib/python/site-packages/mysql/connector/network.py", line 609, in open_connection
    ) from err
mysql.connector.errors.InterfaceError: 2003: Can't connect to MySQL server on 'localhost:13306' (61 Connection refused)
[2025-04-11 23:21:22] ✗ MySQL数据导出失败，错误代码: 1
[2025-04-11 23:21:22] 本次执行完成，将在5分钟后再次执行
[2025-04-11 23:21:22] --------------------------------------------
[2025-04-11 23:26:22] 开始新的迭代 - 2025-04-11 23:26:22
[2025-04-11 23:26:22] ================================================
[2025-04-11 23:26:22]       客服数据处理流程自动化脚本 v2.0 (后台定时版)
[2025-04-11 23:26:22] ================================================
[2025-04-11 23:26:22] 开始执行处理流程
[2025-04-11 23:26:22] === 步骤1: 从MySQL导出数据到TXT ===
[2025-04-11 23:26:22] 执行: python mysql_to_txt.py
开始从MySQL导出数据到文本文件...
连接尝试 1/3...
连接失败: 2003: Can't connect to MySQL server on 'localhost:13306' (61 Connection refused)
等待 5 秒后重试...
连接尝试 2/3...
连接失败: 2003: Can't connect to MySQL server on 'localhost:13306' (61 Connection refused)
等待 5 秒后重试...
连接尝试 3/3...
连接失败: 2003: Can't connect to MySQL server on 'localhost:13306' (61 Connection refused)
达到最大重试次数，放弃连接
Traceback (most recent call last):
  File "/Users/yangsan/Library/Python/3.7/lib/python/site-packages/mysql/connector/network.py", line 600, in open_connection
    self.sock.connect(sockaddr)
ConnectionRefusedError: [Errno 61] Connection refused

The above exception was the direct cause of the following exception:

Traceback (most recent call last):
  File "mysql_to_txt.py", line 215, in <module>
    main()
  File "mysql_to_txt.py", line 178, in main
    connection = connect_to_mysql_with_retry()
  File "mysql_to_txt.py", line 32, in connect_to_mysql_with_retry
    connection = mysql.connector.connect(**DB_CONFIG)
  File "/Users/yangsan/Library/Python/3.7/lib/python/site-packages/mysql/connector/pooling.py", line 294, in connect
    return MySQLConnection(*args, **kwargs)
  File "/Users/yangsan/Library/Python/3.7/lib/python/site-packages/mysql/connector/connection.py", line 164, in __init__
    self.connect(**kwargs)
  File "/Users/yangsan/Library/Python/3.7/lib/python/site-packages/mysql/connector/abstracts.py", line 1181, in connect
    self._open_connection()
  File "/Users/yangsan/Library/Python/3.7/lib/python/site-packages/mysql/connector/connection.py", line 570, in _open_connection
    self._socket.open_connection()
  File "/Users/yangsan/Library/Python/3.7/lib/python/site-packages/mysql/connector/network.py", line 609, in open_connection
    ) from err
mysql.connector.errors.InterfaceError: 2003: Can't connect to MySQL server on 'localhost:13306' (61 Connection refused)
[2025-04-11 23:26:32] ✗ MySQL数据导出失败，错误代码: 1
[2025-04-11 23:26:32] 本次执行完成，将在5分钟后再次执行
[2025-04-11 23:26:32] --------------------------------------------
[2025-04-11 23:31:32] 开始新的迭代 - 2025-04-11 23:31:32
[2025-04-11 23:31:32] ================================================
[2025-04-11 23:31:32]       客服数据处理流程自动化脚本 v2.0 (后台定时版)
[2025-04-11 23:31:32] ================================================
[2025-04-11 23:31:32] 开始执行处理流程
[2025-04-11 23:31:32] === 步骤1: 从MySQL导出数据到TXT ===
[2025-04-11 23:31:32] 执行: python mysql_to_txt.py
开始从MySQL导出数据到文本文件...
连接尝试 1/3...
连接失败: 2003: Can't connect to MySQL server on 'localhost:13306' (61 Connection refused)
等待 5 秒后重试...
连接尝试 2/3...
连接失败: 2003: Can't connect to MySQL server on 'localhost:13306' (61 Connection refused)
等待 5 秒后重试...
连接尝试 3/3...
连接失败: 2003: Can't connect to MySQL server on 'localhost:13306' (61 Connection refused)
达到最大重试次数，放弃连接
Traceback (most recent call last):
  File "/Users/yangsan/Library/Python/3.7/lib/python/site-packages/mysql/connector/network.py", line 600, in open_connection
    self.sock.connect(sockaddr)
ConnectionRefusedError: [Errno 61] Connection refused

The above exception was the direct cause of the following exception:

Traceback (most recent call last):
  File "mysql_to_txt.py", line 215, in <module>
    main()
  File "mysql_to_txt.py", line 178, in main
    connection = connect_to_mysql_with_retry()
  File "mysql_to_txt.py", line 32, in connect_to_mysql_with_retry
    connection = mysql.connector.connect(**DB_CONFIG)
  File "/Users/yangsan/Library/Python/3.7/lib/python/site-packages/mysql/connector/pooling.py", line 294, in connect
    return MySQLConnection(*args, **kwargs)
  File "/Users/yangsan/Library/Python/3.7/lib/python/site-packages/mysql/connector/connection.py", line 164, in __init__
    self.connect(**kwargs)
  File "/Users/yangsan/Library/Python/3.7/lib/python/site-packages/mysql/connector/abstracts.py", line 1181, in connect
    self._open_connection()
  File "/Users/yangsan/Library/Python/3.7/lib/python/site-packages/mysql/connector/connection.py", line 570, in _open_connection
    self._socket.open_connection()
  File "/Users/yangsan/Library/Python/3.7/lib/python/site-packages/mysql/connector/network.py", line 609, in open_connection
    ) from err
mysql.connector.errors.InterfaceError: 2003: Can't connect to MySQL server on 'localhost:13306' (61 Connection refused)
[2025-04-11 23:31:43] ✗ MySQL数据导出失败，错误代码: 1
[2025-04-11 23:31:43] 本次执行完成，将在5分钟后再次执行
[2025-04-11 23:31:43] --------------------------------------------
[2025-04-11 23:36:43] 开始新的迭代 - 2025-04-11 23:36:43
[2025-04-11 23:36:43] ================================================
[2025-04-11 23:36:43]       客服数据处理流程自动化脚本 v2.0 (后台定时版)
[2025-04-11 23:36:43] ================================================
[2025-04-11 23:36:43] 开始执行处理流程
[2025-04-11 23:36:43] === 步骤1: 从MySQL导出数据到TXT ===
[2025-04-11 23:36:43] 执行: python mysql_to_txt.py
开始从MySQL导出数据到文本文件...
连接尝试 1/3...
连接失败: 2003: Can't connect to MySQL server on 'localhost:13306' (61 Connection refused)
等待 5 秒后重试...
连接尝试 2/3...
连接失败: 2003: Can't connect to MySQL server on 'localhost:13306' (61 Connection refused)
等待 5 秒后重试...
连接尝试 3/3...
连接失败: 2003: Can't connect to MySQL server on 'localhost:13306' (61 Connection refused)
达到最大重试次数，放弃连接
Traceback (most recent call last):
  File "/Users/yangsan/Library/Python/3.7/lib/python/site-packages/mysql/connector/network.py", line 600, in open_connection
    self.sock.connect(sockaddr)
ConnectionRefusedError: [Errno 61] Connection refused

The above exception was the direct cause of the following exception:

Traceback (most recent call last):
  File "mysql_to_txt.py", line 215, in <module>
    main()
  File "mysql_to_txt.py", line 178, in main
    connection = connect_to_mysql_with_retry()
  File "mysql_to_txt.py", line 32, in connect_to_mysql_with_retry
    connection = mysql.connector.connect(**DB_CONFIG)
  File "/Users/yangsan/Library/Python/3.7/lib/python/site-packages/mysql/connector/pooling.py", line 294, in connect
    return MySQLConnection(*args, **kwargs)
  File "/Users/yangsan/Library/Python/3.7/lib/python/site-packages/mysql/connector/connection.py", line 164, in __init__
    self.connect(**kwargs)
  File "/Users/yangsan/Library/Python/3.7/lib/python/site-packages/mysql/connector/abstracts.py", line 1181, in connect
    self._open_connection()
  File "/Users/yangsan/Library/Python/3.7/lib/python/site-packages/mysql/connector/connection.py", line 570, in _open_connection
    self._socket.open_connection()
  File "/Users/yangsan/Library/Python/3.7/lib/python/site-packages/mysql/connector/network.py", line 609, in open_connection
    ) from err
mysql.connector.errors.InterfaceError: 2003: Can't connect to MySQL server on 'localhost:13306' (61 Connection refused)
[2025-04-11 23:36:53] ✗ MySQL数据导出失败，错误代码: 1
[2025-04-11 23:36:53] 本次执行完成，将在5分钟后再次执行
[2025-04-11 23:36:53] --------------------------------------------
[2025-04-11 23:41:53] 开始新的迭代 - 2025-04-11 23:41:53
[2025-04-11 23:41:53] ================================================
[2025-04-11 23:41:53]       客服数据处理流程自动化脚本 v2.0 (后台定时版)
[2025-04-11 23:41:53] ================================================
[2025-04-11 23:41:53] 开始执行处理流程
[2025-04-11 23:41:53] === 步骤1: 从MySQL导出数据到TXT ===
[2025-04-11 23:41:53] 执行: python mysql_to_txt.py
开始从MySQL导出数据到文本文件...
连接尝试 1/3...
连接失败: 2003: Can't connect to MySQL server on 'localhost:13306' (61 Connection refused)
等待 5 秒后重试...
连接尝试 2/3...
连接失败: 2003: Can't connect to MySQL server on 'localhost:13306' (61 Connection refused)
等待 5 秒后重试...
连接尝试 3/3...
连接失败: 2003: Can't connect to MySQL server on 'localhost:13306' (61 Connection refused)
达到最大重试次数，放弃连接
Traceback (most recent call last):
  File "/Users/yangsan/Library/Python/3.7/lib/python/site-packages/mysql/connector/network.py", line 600, in open_connection
    self.sock.connect(sockaddr)
ConnectionRefusedError: [Errno 61] Connection refused

The above exception was the direct cause of the following exception:

Traceback (most recent call last):
  File "mysql_to_txt.py", line 215, in <module>
    main()
  File "mysql_to_txt.py", line 178, in main
    connection = connect_to_mysql_with_retry()
  File "mysql_to_txt.py", line 32, in connect_to_mysql_with_retry
    connection = mysql.connector.connect(**DB_CONFIG)
  File "/Users/yangsan/Library/Python/3.7/lib/python/site-packages/mysql/connector/pooling.py", line 294, in connect
    return MySQLConnection(*args, **kwargs)
  File "/Users/yangsan/Library/Python/3.7/lib/python/site-packages/mysql/connector/connection.py", line 164, in __init__
    self.connect(**kwargs)
  File "/Users/yangsan/Library/Python/3.7/lib/python/site-packages/mysql/connector/abstracts.py", line 1181, in connect
    self._open_connection()
  File "/Users/yangsan/Library/Python/3.7/lib/python/site-packages/mysql/connector/connection.py", line 570, in _open_connection
    self._socket.open_connection()
  File "/Users/yangsan/Library/Python/3.7/lib/python/site-packages/mysql/connector/network.py", line 609, in open_connection
    ) from err
mysql.connector.errors.InterfaceError: 2003: Can't connect to MySQL server on 'localhost:13306' (61 Connection refused)
[2025-04-11 23:42:04] ✗ MySQL数据导出失败，错误代码: 1
[2025-04-11 23:42:04] 本次执行完成，将在5分钟后再次执行
[2025-04-11 23:42:04] --------------------------------------------
[2025-04-11 23:47:04] 开始新的迭代 - 2025-04-11 23:47:04
[2025-04-11 23:47:04] ================================================
[2025-04-11 23:47:04]       客服数据处理流程自动化脚本 v2.0 (后台定时版)
[2025-04-11 23:47:04] ================================================
[2025-04-11 23:47:04] 开始执行处理流程
[2025-04-11 23:47:04] === 步骤1: 从MySQL导出数据到TXT ===
[2025-04-11 23:47:04] 执行: python mysql_to_txt.py
开始从MySQL导出数据到文本文件...
连接尝试 1/3...
连接失败: 2003: Can't connect to MySQL server on 'localhost:13306' (61 Connection refused)
等待 5 秒后重试...
连接尝试 2/3...
连接失败: 2003: Can't connect to MySQL server on 'localhost:13306' (61 Connection refused)
等待 5 秒后重试...
连接尝试 3/3...
连接失败: 2003: Can't connect to MySQL server on 'localhost:13306' (61 Connection refused)
达到最大重试次数，放弃连接
Traceback (most recent call last):
  File "/Users/yangsan/Library/Python/3.7/lib/python/site-packages/mysql/connector/network.py", line 600, in open_connection
    self.sock.connect(sockaddr)
ConnectionRefusedError: [Errno 61] Connection refused

The above exception was the direct cause of the following exception:

Traceback (most recent call last):
  File "mysql_to_txt.py", line 215, in <module>
    main()
  File "mysql_to_txt.py", line 178, in main
    connection = connect_to_mysql_with_retry()
  File "mysql_to_txt.py", line 32, in connect_to_mysql_with_retry
    connection = mysql.connector.connect(**DB_CONFIG)
  File "/Users/yangsan/Library/Python/3.7/lib/python/site-packages/mysql/connector/pooling.py", line 294, in connect
    return MySQLConnection(*args, **kwargs)
  File "/Users/yangsan/Library/Python/3.7/lib/python/site-packages/mysql/connector/connection.py", line 164, in __init__
    self.connect(**kwargs)
  File "/Users/yangsan/Library/Python/3.7/lib/python/site-packages/mysql/connector/abstracts.py", line 1181, in connect
    self._open_connection()
  File "/Users/yangsan/Library/Python/3.7/lib/python/site-packages/mysql/connector/connection.py", line 570, in _open_connection
    self._socket.open_connection()
  File "/Users/yangsan/Library/Python/3.7/lib/python/site-packages/mysql/connector/network.py", line 609, in open_connection
    ) from err
mysql.connector.errors.InterfaceError: 2003: Can't connect to MySQL server on 'localhost:13306' (61 Connection refused)
[2025-04-11 23:47:14] ✗ MySQL数据导出失败，错误代码: 1
[2025-04-11 23:47:14] 本次执行完成，将在5分钟后再次执行
[2025-04-11 23:47:14] --------------------------------------------
[2025-04-11 23:52:14] 开始新的迭代 - 2025-04-11 23:52:14
[2025-04-11 23:52:14] ================================================
[2025-04-11 23:52:14]       客服数据处理流程自动化脚本 v2.0 (后台定时版)
[2025-04-11 23:52:14] ================================================
[2025-04-11 23:52:14] 开始执行处理流程
[2025-04-11 23:52:14] === 步骤1: 从MySQL导出数据到TXT ===
[2025-04-11 23:52:14] 执行: python mysql_to_txt.py
开始从MySQL导出数据到文本文件...
连接尝试 1/3...
连接失败: 2003: Can't connect to MySQL server on 'localhost:13306' (61 Connection refused)
等待 5 秒后重试...
连接尝试 2/3...
连接失败: 2003: Can't connect to MySQL server on 'localhost:13306' (61 Connection refused)
等待 5 秒后重试...
连接尝试 3/3...
连接失败: 2003: Can't connect to MySQL server on 'localhost:13306' (61 Connection refused)
达到最大重试次数，放弃连接
Traceback (most recent call last):
  File "/Users/yangsan/Library/Python/3.7/lib/python/site-packages/mysql/connector/network.py", line 600, in open_connection
    self.sock.connect(sockaddr)
ConnectionRefusedError: [Errno 61] Connection refused

The above exception was the direct cause of the following exception:

Traceback (most recent call last):
  File "mysql_to_txt.py", line 215, in <module>
    main()
  File "mysql_to_txt.py", line 178, in main
    connection = connect_to_mysql_with_retry()
  File "mysql_to_txt.py", line 32, in connect_to_mysql_with_retry
    connection = mysql.connector.connect(**DB_CONFIG)
  File "/Users/yangsan/Library/Python/3.7/lib/python/site-packages/mysql/connector/pooling.py", line 294, in connect
    return MySQLConnection(*args, **kwargs)
  File "/Users/yangsan/Library/Python/3.7/lib/python/site-packages/mysql/connector/connection.py", line 164, in __init__
    self.connect(**kwargs)
  File "/Users/yangsan/Library/Python/3.7/lib/python/site-packages/mysql/connector/abstracts.py", line 1181, in connect
    self._open_connection()
  File "/Users/yangsan/Library/Python/3.7/lib/python/site-packages/mysql/connector/connection.py", line 570, in _open_connection
    self._socket.open_connection()
  File "/Users/yangsan/Library/Python/3.7/lib/python/site-packages/mysql/connector/network.py", line 609, in open_connection
    ) from err
mysql.connector.errors.InterfaceError: 2003: Can't connect to MySQL server on 'localhost:13306' (61 Connection refused)
[2025-04-11 23:52:25] ✗ MySQL数据导出失败，错误代码: 1
[2025-04-11 23:52:25] 本次执行完成，将在5分钟后再次执行
[2025-04-11 23:52:25] --------------------------------------------
[2025-04-11 23:57:25] 开始新的迭代 - 2025-04-11 23:57:25
[2025-04-11 23:57:25] ================================================
[2025-04-11 23:57:25]       客服数据处理流程自动化脚本 v2.0 (后台定时版)
[2025-04-11 23:57:25] ================================================
[2025-04-11 23:57:25] 开始执行处理流程
[2025-04-11 23:57:25] === 步骤1: 从MySQL导出数据到TXT ===
[2025-04-11 23:57:25] 执行: python mysql_to_txt.py
开始从MySQL导出数据到文本文件...
连接尝试 1/3...
连接失败: 2003: Can't connect to MySQL server on 'localhost:13306' (61 Connection refused)
等待 5 秒后重试...
连接尝试 2/3...
连接失败: 2003: Can't connect to MySQL server on 'localhost:13306' (61 Connection refused)
等待 5 秒后重试...
连接尝试 3/3...
连接失败: 2003: Can't connect to MySQL server on 'localhost:13306' (61 Connection refused)
达到最大重试次数，放弃连接
Traceback (most recent call last):
  File "/Users/yangsan/Library/Python/3.7/lib/python/site-packages/mysql/connector/network.py", line 600, in open_connection
    self.sock.connect(sockaddr)
ConnectionRefusedError: [Errno 61] Connection refused

The above exception was the direct cause of the following exception:

Traceback (most recent call last):
  File "mysql_to_txt.py", line 215, in <module>
    main()
  File "mysql_to_txt.py", line 178, in main
    connection = connect_to_mysql_with_retry()
  File "mysql_to_txt.py", line 32, in connect_to_mysql_with_retry
    connection = mysql.connector.connect(**DB_CONFIG)
  File "/Users/yangsan/Library/Python/3.7/lib/python/site-packages/mysql/connector/pooling.py", line 294, in connect
    return MySQLConnection(*args, **kwargs)
  File "/Users/yangsan/Library/Python/3.7/lib/python/site-packages/mysql/connector/connection.py", line 164, in __init__
    self.connect(**kwargs)
  File "/Users/yangsan/Library/Python/3.7/lib/python/site-packages/mysql/connector/abstracts.py", line 1181, in connect
    self._open_connection()
  File "/Users/yangsan/Library/Python/3.7/lib/python/site-packages/mysql/connector/connection.py", line 570, in _open_connection
    self._socket.open_connection()
  File "/Users/yangsan/Library/Python/3.7/lib/python/site-packages/mysql/connector/network.py", line 609, in open_connection
    ) from err
mysql.connector.errors.InterfaceError: 2003: Can't connect to MySQL server on 'localhost:13306' (61 Connection refused)
[2025-04-11 23:57:35] ✗ MySQL数据导出失败，错误代码: 1
[2025-04-11 23:57:35] 本次执行完成，将在5分钟后再次执行
[2025-04-11 23:57:35] --------------------------------------------
[2025-04-12 00:02:35] 开始新的迭代 - 2025-04-12 00:02:35
[2025-04-12 00:02:35] ================================================
[2025-04-12 00:02:35]       客服数据处理流程自动化脚本 v2.0 (后台定时版)
[2025-04-12 00:02:35] ================================================
[2025-04-12 00:02:35] 开始执行处理流程
[2025-04-12 00:02:35] === 步骤1: 从MySQL导出数据到TXT ===
[2025-04-12 00:02:35] 执行: python mysql_to_txt.py
开始从MySQL导出数据到文本文件...
连接尝试 1/3...
连接失败: 2003: Can't connect to MySQL server on 'localhost:13306' (61 Connection refused)
等待 5 秒后重试...
连接尝试 2/3...
连接失败: 2003: Can't connect to MySQL server on 'localhost:13306' (61 Connection refused)
等待 5 秒后重试...
连接尝试 3/3...
连接失败: 2003: Can't connect to MySQL server on 'localhost:13306' (61 Connection refused)
达到最大重试次数，放弃连接
Traceback (most recent call last):
  File "/Users/yangsan/Library/Python/3.7/lib/python/site-packages/mysql/connector/network.py", line 600, in open_connection
    self.sock.connect(sockaddr)
ConnectionRefusedError: [Errno 61] Connection refused

The above exception was the direct cause of the following exception:

Traceback (most recent call last):
  File "mysql_to_txt.py", line 215, in <module>
    main()
  File "mysql_to_txt.py", line 178, in main
    connection = connect_to_mysql_with_retry()
  File "mysql_to_txt.py", line 32, in connect_to_mysql_with_retry
    connection = mysql.connector.connect(**DB_CONFIG)
  File "/Users/yangsan/Library/Python/3.7/lib/python/site-packages/mysql/connector/pooling.py", line 294, in connect
    return MySQLConnection(*args, **kwargs)
  File "/Users/yangsan/Library/Python/3.7/lib/python/site-packages/mysql/connector/connection.py", line 164, in __init__
    self.connect(**kwargs)
  File "/Users/yangsan/Library/Python/3.7/lib/python/site-packages/mysql/connector/abstracts.py", line 1181, in connect
    self._open_connection()
  File "/Users/yangsan/Library/Python/3.7/lib/python/site-packages/mysql/connector/connection.py", line 570, in _open_connection
    self._socket.open_connection()
  File "/Users/yangsan/Library/Python/3.7/lib/python/site-packages/mysql/connector/network.py", line 609, in open_connection
    ) from err
mysql.connector.errors.InterfaceError: 2003: Can't connect to MySQL server on 'localhost:13306' (61 Connection refused)
[2025-04-12 00:02:46] ✗ MySQL数据导出失败，错误代码: 1
[2025-04-12 00:02:46] 本次执行完成，将在5分钟后再次执行
[2025-04-12 00:02:46] --------------------------------------------
[2025-04-12 00:07:46] 开始新的迭代 - 2025-04-12 00:07:46
[2025-04-12 00:07:46] ================================================
[2025-04-12 00:07:46]       客服数据处理流程自动化脚本 v2.0 (后台定时版)
[2025-04-12 00:07:46] ================================================
[2025-04-12 00:07:46] 开始执行处理流程
[2025-04-12 00:07:46] === 步骤1: 从MySQL导出数据到TXT ===
[2025-04-12 00:07:46] 执行: python mysql_to_txt.py
开始从MySQL导出数据到文本文件...
连接尝试 1/3...
连接失败: 2003: Can't connect to MySQL server on 'localhost:13306' (61 Connection refused)
等待 5 秒后重试...
连接尝试 2/3...
连接失败: 2003: Can't connect to MySQL server on 'localhost:13306' (61 Connection refused)
等待 5 秒后重试...
连接尝试 3/3...
连接失败: 2003: Can't connect to MySQL server on 'localhost:13306' (61 Connection refused)
达到最大重试次数，放弃连接
Traceback (most recent call last):
  File "/Users/yangsan/Library/Python/3.7/lib/python/site-packages/mysql/connector/network.py", line 600, in open_connection
    self.sock.connect(sockaddr)
ConnectionRefusedError: [Errno 61] Connection refused

The above exception was the direct cause of the following exception:

Traceback (most recent call last):
  File "mysql_to_txt.py", line 215, in <module>
    main()
  File "mysql_to_txt.py", line 178, in main
    connection = connect_to_mysql_with_retry()
  File "mysql_to_txt.py", line 32, in connect_to_mysql_with_retry
    connection = mysql.connector.connect(**DB_CONFIG)
  File "/Users/yangsan/Library/Python/3.7/lib/python/site-packages/mysql/connector/pooling.py", line 294, in connect
    return MySQLConnection(*args, **kwargs)
  File "/Users/yangsan/Library/Python/3.7/lib/python/site-packages/mysql/connector/connection.py", line 164, in __init__
    self.connect(**kwargs)
  File "/Users/yangsan/Library/Python/3.7/lib/python/site-packages/mysql/connector/abstracts.py", line 1181, in connect
    self._open_connection()
  File "/Users/yangsan/Library/Python/3.7/lib/python/site-packages/mysql/connector/connection.py", line 570, in _open_connection
    self._socket.open_connection()
  File "/Users/yangsan/Library/Python/3.7/lib/python/site-packages/mysql/connector/network.py", line 609, in open_connection
    ) from err
mysql.connector.errors.InterfaceError: 2003: Can't connect to MySQL server on 'localhost:13306' (61 Connection refused)
[2025-04-12 00:07:56] ✗ MySQL数据导出失败，错误代码: 1
[2025-04-12 00:07:56] 本次执行完成，将在5分钟后再次执行
[2025-04-12 00:07:56] --------------------------------------------
[2025-04-12 04:11:54] 开始新的迭代 - 2025-04-12 04:11:54
[2025-04-12 04:11:54] ================================================
[2025-04-12 04:11:54]       客服数据处理流程自动化脚本 v2.0 (后台定时版)
[2025-04-12 04:11:55] ================================================
[2025-04-12 04:11:55] 开始执行处理流程
[2025-04-12 04:11:55] === 步骤1: 从MySQL导出数据到TXT ===
[2025-04-12 04:11:55] 执行: python mysql_to_txt.py
开始从MySQL导出数据到文本文件...
连接尝试 1/3...
连接失败: 2003: Can't connect to MySQL server on 'localhost:13306' (61 Connection refused)
等待 5 秒后重试...
连接尝试 2/3...
连接失败: 2003: Can't connect to MySQL server on 'localhost:13306' (61 Connection refused)
等待 5 秒后重试...
连接尝试 3/3...
连接失败: 2003: Can't connect to MySQL server on 'localhost:13306' (61 Connection refused)
达到最大重试次数，放弃连接
Traceback (most recent call last):
  File "/Users/yangsan/Library/Python/3.7/lib/python/site-packages/mysql/connector/network.py", line 600, in open_connection
    self.sock.connect(sockaddr)
ConnectionRefusedError: [Errno 61] Connection refused

The above exception was the direct cause of the following exception:

Traceback (most recent call last):
  File "mysql_to_txt.py", line 215, in <module>
    main()
  File "mysql_to_txt.py", line 178, in main
    connection = connect_to_mysql_with_retry()
  File "mysql_to_txt.py", line 32, in connect_to_mysql_with_retry
    connection = mysql.connector.connect(**DB_CONFIG)
  File "/Users/yangsan/Library/Python/3.7/lib/python/site-packages/mysql/connector/pooling.py", line 294, in connect
    return MySQLConnection(*args, **kwargs)
  File "/Users/yangsan/Library/Python/3.7/lib/python/site-packages/mysql/connector/connection.py", line 164, in __init__
    self.connect(**kwargs)
  File "/Users/yangsan/Library/Python/3.7/lib/python/site-packages/mysql/connector/abstracts.py", line 1181, in connect
    self._open_connection()
  File "/Users/yangsan/Library/Python/3.7/lib/python/site-packages/mysql/connector/connection.py", line 570, in _open_connection
    self._socket.open_connection()
  File "/Users/yangsan/Library/Python/3.7/lib/python/site-packages/mysql/connector/network.py", line 609, in open_connection
    ) from err
mysql.connector.errors.InterfaceError: 2003: Can't connect to MySQL server on 'localhost:13306' (61 Connection refused)
[2025-04-12 06:00:29] ✗ MySQL数据导出失败，错误代码: 1
[2025-04-12 06:00:29] 本次执行完成，将在5分钟后再次执行
[2025-04-12 06:00:29] --------------------------------------------
[2025-04-12 06:22:49] 开始新的迭代 - 2025-04-12 06:22:49
[2025-04-12 06:22:49] ================================================
[2025-04-12 06:22:49]       客服数据处理流程自动化脚本 v2.0 (后台定时版)
[2025-04-12 06:22:49] ================================================
[2025-04-12 06:22:49] 开始执行处理流程
[2025-04-12 06:22:49] === 步骤1: 从MySQL导出数据到TXT ===
[2025-04-12 06:22:49] 执行: python mysql_to_txt.py
开始从MySQL导出数据到文本文件...
连接尝试 1/3...
连接失败: 2003: Can't connect to MySQL server on 'localhost:13306' (61 Connection refused)
等待 5 秒后重试...
连接尝试 2/3...
连接失败: 2003: Can't connect to MySQL server on 'localhost:13306' (61 Connection refused)
等待 5 秒后重试...
连接尝试 3/3...
连接失败: 2003: Can't connect to MySQL server on 'localhost:13306' (61 Connection refused)
达到最大重试次数，放弃连接
Traceback (most recent call last):
  File "/Users/yangsan/Library/Python/3.7/lib/python/site-packages/mysql/connector/network.py", line 600, in open_connection
    self.sock.connect(sockaddr)
ConnectionRefusedError: [Errno 61] Connection refused

The above exception was the direct cause of the following exception:

Traceback (most recent call last):
  File "mysql_to_txt.py", line 215, in <module>
    main()
  File "mysql_to_txt.py", line 178, in main
    connection = connect_to_mysql_with_retry()
  File "mysql_to_txt.py", line 32, in connect_to_mysql_with_retry
    connection = mysql.connector.connect(**DB_CONFIG)
  File "/Users/yangsan/Library/Python/3.7/lib/python/site-packages/mysql/connector/pooling.py", line 294, in connect
    return MySQLConnection(*args, **kwargs)
  File "/Users/yangsan/Library/Python/3.7/lib/python/site-packages/mysql/connector/connection.py", line 164, in __init__
    self.connect(**kwargs)
  File "/Users/yangsan/Library/Python/3.7/lib/python/site-packages/mysql/connector/abstracts.py", line 1181, in connect
    self._open_connection()
  File "/Users/yangsan/Library/Python/3.7/lib/python/site-packages/mysql/connector/connection.py", line 570, in _open_connection
    self._socket.open_connection()
  File "/Users/yangsan/Library/Python/3.7/lib/python/site-packages/mysql/connector/network.py", line 609, in open_connection
    ) from err
mysql.connector.errors.InterfaceError: 2003: Can't connect to MySQL server on 'localhost:13306' (61 Connection refused)
[2025-04-12 06:23:00] ✗ MySQL数据导出失败，错误代码: 1
[2025-04-12 06:23:00] 本次执行完成，将在5分钟后再次执行
[2025-04-12 06:23:00] --------------------------------------------
[2025-04-12 06:28:00] 开始新的迭代 - 2025-04-12 06:28:00
[2025-04-12 06:28:00] ================================================
[2025-04-12 06:28:00]       客服数据处理流程自动化脚本 v2.0 (后台定时版)
[2025-04-12 06:28:00] ================================================
[2025-04-12 06:28:00] 开始执行处理流程
[2025-04-12 06:28:00] === 步骤1: 从MySQL导出数据到TXT ===
[2025-04-12 06:28:00] 执行: python mysql_to_txt.py
开始从MySQL导出数据到文本文件...
连接尝试 1/3...
连接失败: 2003: Can't connect to MySQL server on 'localhost:13306' (61 Connection refused)
等待 5 秒后重试...
连接尝试 2/3...
连接失败: 2003: Can't connect to MySQL server on 'localhost:13306' (61 Connection refused)
等待 5 秒后重试...
连接尝试 3/3...
连接失败: 2003: Can't connect to MySQL server on 'localhost:13306' (61 Connection refused)
达到最大重试次数，放弃连接
Traceback (most recent call last):
  File "/Users/yangsan/Library/Python/3.7/lib/python/site-packages/mysql/connector/network.py", line 600, in open_connection
    self.sock.connect(sockaddr)
ConnectionRefusedError: [Errno 61] Connection refused

The above exception was the direct cause of the following exception:

Traceback (most recent call last):
  File "mysql_to_txt.py", line 215, in <module>
    main()
  File "mysql_to_txt.py", line 178, in main
    connection = connect_to_mysql_with_retry()
  File "mysql_to_txt.py", line 32, in connect_to_mysql_with_retry
    connection = mysql.connector.connect(**DB_CONFIG)
  File "/Users/yangsan/Library/Python/3.7/lib/python/site-packages/mysql/connector/pooling.py", line 294, in connect
    return MySQLConnection(*args, **kwargs)
  File "/Users/yangsan/Library/Python/3.7/lib/python/site-packages/mysql/connector/connection.py", line 164, in __init__
    self.connect(**kwargs)
  File "/Users/yangsan/Library/Python/3.7/lib/python/site-packages/mysql/connector/abstracts.py", line 1181, in connect
    self._open_connection()
  File "/Users/yangsan/Library/Python/3.7/lib/python/site-packages/mysql/connector/connection.py", line 570, in _open_connection
    self._socket.open_connection()
  File "/Users/yangsan/Library/Python/3.7/lib/python/site-packages/mysql/connector/network.py", line 609, in open_connection
    ) from err
mysql.connector.errors.InterfaceError: 2003: Can't connect to MySQL server on 'localhost:13306' (61 Connection refused)
[2025-04-12 06:28:10] ✗ MySQL数据导出失败，错误代码: 1
[2025-04-12 06:28:10] 本次执行完成，将在5分钟后再次执行
[2025-04-12 06:28:10] --------------------------------------------
[2025-04-12 06:33:10] 开始新的迭代 - 2025-04-12 06:33:10
[2025-04-12 06:33:10] ================================================
[2025-04-12 06:33:11]       客服数据处理流程自动化脚本 v2.0 (后台定时版)
[2025-04-12 06:33:11] ================================================
[2025-04-12 06:33:11] 开始执行处理流程
[2025-04-12 06:33:11] === 步骤1: 从MySQL导出数据到TXT ===
[2025-04-12 06:33:11] 执行: python mysql_to_txt.py
开始从MySQL导出数据到文本文件...
连接尝试 1/3...
连接失败: 2003: Can't connect to MySQL server on 'localhost:13306' (61 Connection refused)
等待 5 秒后重试...
连接尝试 2/3...
连接失败: 2003: Can't connect to MySQL server on 'localhost:13306' (61 Connection refused)
等待 5 秒后重试...
连接尝试 3/3...
连接失败: 2003: Can't connect to MySQL server on 'localhost:13306' (61 Connection refused)
达到最大重试次数，放弃连接
Traceback (most recent call last):
  File "/Users/yangsan/Library/Python/3.7/lib/python/site-packages/mysql/connector/network.py", line 600, in open_connection
    self.sock.connect(sockaddr)
ConnectionRefusedError: [Errno 61] Connection refused

The above exception was the direct cause of the following exception:

Traceback (most recent call last):
  File "mysql_to_txt.py", line 215, in <module>
    main()
  File "mysql_to_txt.py", line 178, in main
    connection = connect_to_mysql_with_retry()
  File "mysql_to_txt.py", line 32, in connect_to_mysql_with_retry
    connection = mysql.connector.connect(**DB_CONFIG)
  File "/Users/yangsan/Library/Python/3.7/lib/python/site-packages/mysql/connector/pooling.py", line 294, in connect
    return MySQLConnection(*args, **kwargs)
  File "/Users/yangsan/Library/Python/3.7/lib/python/site-packages/mysql/connector/connection.py", line 164, in __init__
    self.connect(**kwargs)
  File "/Users/yangsan/Library/Python/3.7/lib/python/site-packages/mysql/connector/abstracts.py", line 1181, in connect
    self._open_connection()
  File "/Users/yangsan/Library/Python/3.7/lib/python/site-packages/mysql/connector/connection.py", line 570, in _open_connection
    self._socket.open_connection()
  File "/Users/yangsan/Library/Python/3.7/lib/python/site-packages/mysql/connector/network.py", line 609, in open_connection
    ) from err
mysql.connector.errors.InterfaceError: 2003: Can't connect to MySQL server on 'localhost:13306' (61 Connection refused)
[2025-04-12 06:33:21] ✗ MySQL数据导出失败，错误代码: 1
[2025-04-12 06:33:21] 本次执行完成，将在5分钟后再次执行
[2025-04-12 06:33:21] --------------------------------------------
[2025-04-12 06:38:21] 开始新的迭代 - 2025-04-12 06:38:21
[2025-04-12 06:38:21] ================================================
[2025-04-12 06:38:21]       客服数据处理流程自动化脚本 v2.0 (后台定时版)
[2025-04-12 06:38:21] ================================================
[2025-04-12 06:38:21] 开始执行处理流程
[2025-04-12 06:38:21] === 步骤1: 从MySQL导出数据到TXT ===
[2025-04-12 06:38:21] 执行: python mysql_to_txt.py
开始从MySQL导出数据到文本文件...
连接尝试 1/3...
连接失败: 2003: Can't connect to MySQL server on 'localhost:13306' (61 Connection refused)
等待 5 秒后重试...
连接尝试 2/3...
连接失败: 2003: Can't connect to MySQL server on 'localhost:13306' (61 Connection refused)
等待 5 秒后重试...
连接尝试 3/3...
连接失败: 2003: Can't connect to MySQL server on 'localhost:13306' (61 Connection refused)
达到最大重试次数，放弃连接
Traceback (most recent call last):
  File "/Users/yangsan/Library/Python/3.7/lib/python/site-packages/mysql/connector/network.py", line 600, in open_connection
    self.sock.connect(sockaddr)
ConnectionRefusedError: [Errno 61] Connection refused

The above exception was the direct cause of the following exception:

Traceback (most recent call last):
  File "mysql_to_txt.py", line 215, in <module>
    main()
  File "mysql_to_txt.py", line 178, in main
    connection = connect_to_mysql_with_retry()
  File "mysql_to_txt.py", line 32, in connect_to_mysql_with_retry
    connection = mysql.connector.connect(**DB_CONFIG)
  File "/Users/yangsan/Library/Python/3.7/lib/python/site-packages/mysql/connector/pooling.py", line 294, in connect
    return MySQLConnection(*args, **kwargs)
  File "/Users/yangsan/Library/Python/3.7/lib/python/site-packages/mysql/connector/connection.py", line 164, in __init__
    self.connect(**kwargs)
  File "/Users/yangsan/Library/Python/3.7/lib/python/site-packages/mysql/connector/abstracts.py", line 1181, in connect
    self._open_connection()
  File "/Users/yangsan/Library/Python/3.7/lib/python/site-packages/mysql/connector/connection.py", line 570, in _open_connection
    self._socket.open_connection()
  File "/Users/yangsan/Library/Python/3.7/lib/python/site-packages/mysql/connector/network.py", line 609, in open_connection
    ) from err
mysql.connector.errors.InterfaceError: 2003: Can't connect to MySQL server on 'localhost:13306' (61 Connection refused)
[2025-04-12 06:38:32] ✗ MySQL数据导出失败，错误代码: 1
[2025-04-12 06:38:32] 本次执行完成，将在5分钟后再次执行
[2025-04-12 06:38:32] --------------------------------------------
[2025-04-12 06:43:32] 开始新的迭代 - 2025-04-12 06:43:32
[2025-04-12 06:43:32] ================================================
[2025-04-12 06:43:32]       客服数据处理流程自动化脚本 v2.0 (后台定时版)
[2025-04-12 06:43:32] ================================================
[2025-04-12 06:43:32] 开始执行处理流程
[2025-04-12 06:43:32] === 步骤1: 从MySQL导出数据到TXT ===
[2025-04-12 06:43:32] 执行: python mysql_to_txt.py
开始从MySQL导出数据到文本文件...
连接尝试 1/3...
连接失败: 2003: Can't connect to MySQL server on 'localhost:13306' (61 Connection refused)
等待 5 秒后重试...
连接尝试 2/3...
连接失败: 2003: Can't connect to MySQL server on 'localhost:13306' (61 Connection refused)
等待 5 秒后重试...
连接尝试 3/3...
连接失败: 2003: Can't connect to MySQL server on 'localhost:13306' (61 Connection refused)
达到最大重试次数，放弃连接
Traceback (most recent call last):
  File "/Users/yangsan/Library/Python/3.7/lib/python/site-packages/mysql/connector/network.py", line 600, in open_connection
    self.sock.connect(sockaddr)
ConnectionRefusedError: [Errno 61] Connection refused

The above exception was the direct cause of the following exception:

Traceback (most recent call last):
  File "mysql_to_txt.py", line 215, in <module>
    main()
  File "mysql_to_txt.py", line 178, in main
    connection = connect_to_mysql_with_retry()
  File "mysql_to_txt.py", line 32, in connect_to_mysql_with_retry
    connection = mysql.connector.connect(**DB_CONFIG)
  File "/Users/yangsan/Library/Python/3.7/lib/python/site-packages/mysql/connector/pooling.py", line 294, in connect
    return MySQLConnection(*args, **kwargs)
  File "/Users/yangsan/Library/Python/3.7/lib/python/site-packages/mysql/connector/connection.py", line 164, in __init__
    self.connect(**kwargs)
  File "/Users/yangsan/Library/Python/3.7/lib/python/site-packages/mysql/connector/abstracts.py", line 1181, in connect
    self._open_connection()
  File "/Users/yangsan/Library/Python/3.7/lib/python/site-packages/mysql/connector/connection.py", line 570, in _open_connection
    self._socket.open_connection()
  File "/Users/yangsan/Library/Python/3.7/lib/python/site-packages/mysql/connector/network.py", line 609, in open_connection
    ) from err
mysql.connector.errors.InterfaceError: 2003: Can't connect to MySQL server on 'localhost:13306' (61 Connection refused)
[2025-04-12 06:43:42] ✗ MySQL数据导出失败，错误代码: 1
[2025-04-12 06:43:42] 本次执行完成，将在5分钟后再次执行
[2025-04-12 06:43:42] --------------------------------------------
[2025-04-12 06:48:42] 开始新的迭代 - 2025-04-12 06:48:42
[2025-04-12 06:48:42] ================================================
[2025-04-12 06:48:42]       客服数据处理流程自动化脚本 v2.0 (后台定时版)
[2025-04-12 06:48:42] ================================================
[2025-04-12 06:48:42] 开始执行处理流程
[2025-04-12 06:48:42] === 步骤1: 从MySQL导出数据到TXT ===
[2025-04-12 06:48:42] 执行: python mysql_to_txt.py
开始从MySQL导出数据到文本文件...
连接尝试 1/3...
连接失败: 2003: Can't connect to MySQL server on 'localhost:13306' (61 Connection refused)
等待 5 秒后重试...
连接尝试 2/3...
连接失败: 2003: Can't connect to MySQL server on 'localhost:13306' (61 Connection refused)
等待 5 秒后重试...
连接尝试 3/3...
连接失败: 2003: Can't connect to MySQL server on 'localhost:13306' (61 Connection refused)
达到最大重试次数，放弃连接
Traceback (most recent call last):
  File "/Users/yangsan/Library/Python/3.7/lib/python/site-packages/mysql/connector/network.py", line 600, in open_connection
    self.sock.connect(sockaddr)
ConnectionRefusedError: [Errno 61] Connection refused

The above exception was the direct cause of the following exception:

Traceback (most recent call last):
  File "mysql_to_txt.py", line 215, in <module>
    main()
  File "mysql_to_txt.py", line 178, in main
    connection = connect_to_mysql_with_retry()
  File "mysql_to_txt.py", line 32, in connect_to_mysql_with_retry
    connection = mysql.connector.connect(**DB_CONFIG)
  File "/Users/yangsan/Library/Python/3.7/lib/python/site-packages/mysql/connector/pooling.py", line 294, in connect
    return MySQLConnection(*args, **kwargs)
  File "/Users/yangsan/Library/Python/3.7/lib/python/site-packages/mysql/connector/connection.py", line 164, in __init__
    self.connect(**kwargs)
  File "/Users/yangsan/Library/Python/3.7/lib/python/site-packages/mysql/connector/abstracts.py", line 1181, in connect
    self._open_connection()
  File "/Users/yangsan/Library/Python/3.7/lib/python/site-packages/mysql/connector/connection.py", line 570, in _open_connection
    self._socket.open_connection()
  File "/Users/yangsan/Library/Python/3.7/lib/python/site-packages/mysql/connector/network.py", line 609, in open_connection
    ) from err
mysql.connector.errors.InterfaceError: 2003: Can't connect to MySQL server on 'localhost:13306' (61 Connection refused)
[2025-04-12 06:48:53] ✗ MySQL数据导出失败，错误代码: 1
[2025-04-12 06:48:53] 本次执行完成，将在5分钟后再次执行
[2025-04-12 06:48:53] --------------------------------------------
[2025-04-12 06:53:53] 开始新的迭代 - 2025-04-12 06:53:53
[2025-04-12 06:53:53] ================================================
[2025-04-12 06:53:53]       客服数据处理流程自动化脚本 v2.0 (后台定时版)
[2025-04-12 06:53:53] ================================================
[2025-04-12 06:53:53] 开始执行处理流程
[2025-04-12 06:53:53] === 步骤1: 从MySQL导出数据到TXT ===
[2025-04-12 06:53:53] 执行: python mysql_to_txt.py
开始从MySQL导出数据到文本文件...
连接尝试 1/3...
连接失败: 2003: Can't connect to MySQL server on 'localhost:13306' (61 Connection refused)
等待 5 秒后重试...
连接尝试 2/3...
连接失败: 2003: Can't connect to MySQL server on 'localhost:13306' (61 Connection refused)
等待 5 秒后重试...
连接尝试 3/3...
连接失败: 2003: Can't connect to MySQL server on 'localhost:13306' (61 Connection refused)
达到最大重试次数，放弃连接
Traceback (most recent call last):
  File "/Users/yangsan/Library/Python/3.7/lib/python/site-packages/mysql/connector/network.py", line 600, in open_connection
    self.sock.connect(sockaddr)
ConnectionRefusedError: [Errno 61] Connection refused

The above exception was the direct cause of the following exception:

Traceback (most recent call last):
  File "mysql_to_txt.py", line 215, in <module>
    main()
  File "mysql_to_txt.py", line 178, in main
    connection = connect_to_mysql_with_retry()
  File "mysql_to_txt.py", line 32, in connect_to_mysql_with_retry
    connection = mysql.connector.connect(**DB_CONFIG)
  File "/Users/yangsan/Library/Python/3.7/lib/python/site-packages/mysql/connector/pooling.py", line 294, in connect
    return MySQLConnection(*args, **kwargs)
  File "/Users/yangsan/Library/Python/3.7/lib/python/site-packages/mysql/connector/connection.py", line 164, in __init__
    self.connect(**kwargs)
  File "/Users/yangsan/Library/Python/3.7/lib/python/site-packages/mysql/connector/abstracts.py", line 1181, in connect
    self._open_connection()
  File "/Users/yangsan/Library/Python/3.7/lib/python/site-packages/mysql/connector/connection.py", line 570, in _open_connection
    self._socket.open_connection()
  File "/Users/yangsan/Library/Python/3.7/lib/python/site-packages/mysql/connector/network.py", line 609, in open_connection
    ) from err
mysql.connector.errors.InterfaceError: 2003: Can't connect to MySQL server on 'localhost:13306' (61 Connection refused)
[2025-04-12 06:54:03] ✗ MySQL数据导出失败，错误代码: 1
[2025-04-12 06:54:03] 本次执行完成，将在5分钟后再次执行
[2025-04-12 06:54:03] --------------------------------------------
[2025-04-12 06:59:03] 开始新的迭代 - 2025-04-12 06:59:03
[2025-04-12 06:59:04] ================================================
[2025-04-12 06:59:04]       客服数据处理流程自动化脚本 v2.0 (后台定时版)
[2025-04-12 06:59:04] ================================================
[2025-04-12 06:59:04] 开始执行处理流程
[2025-04-12 06:59:04] === 步骤1: 从MySQL导出数据到TXT ===
[2025-04-12 06:59:04] 执行: python mysql_to_txt.py
开始从MySQL导出数据到文本文件...
连接尝试 1/3...
连接失败: 2003: Can't connect to MySQL server on 'localhost:13306' (61 Connection refused)
等待 5 秒后重试...
连接尝试 2/3...
连接失败: 2003: Can't connect to MySQL server on 'localhost:13306' (61 Connection refused)
等待 5 秒后重试...
连接尝试 3/3...
连接失败: 2003: Can't connect to MySQL server on 'localhost:13306' (61 Connection refused)
达到最大重试次数，放弃连接
Traceback (most recent call last):
  File "/Users/yangsan/Library/Python/3.7/lib/python/site-packages/mysql/connector/network.py", line 600, in open_connection
    self.sock.connect(sockaddr)
ConnectionRefusedError: [Errno 61] Connection refused

The above exception was the direct cause of the following exception:

Traceback (most recent call last):
  File "mysql_to_txt.py", line 215, in <module>
    main()
  File "mysql_to_txt.py", line 178, in main
    connection = connect_to_mysql_with_retry()
  File "mysql_to_txt.py", line 32, in connect_to_mysql_with_retry
    connection = mysql.connector.connect(**DB_CONFIG)
  File "/Users/yangsan/Library/Python/3.7/lib/python/site-packages/mysql/connector/pooling.py", line 294, in connect
    return MySQLConnection(*args, **kwargs)
  File "/Users/yangsan/Library/Python/3.7/lib/python/site-packages/mysql/connector/connection.py", line 164, in __init__
    self.connect(**kwargs)
  File "/Users/yangsan/Library/Python/3.7/lib/python/site-packages/mysql/connector/abstracts.py", line 1181, in connect
    self._open_connection()
  File "/Users/yangsan/Library/Python/3.7/lib/python/site-packages/mysql/connector/connection.py", line 570, in _open_connection
    self._socket.open_connection()
  File "/Users/yangsan/Library/Python/3.7/lib/python/site-packages/mysql/connector/network.py", line 609, in open_connection
    ) from err
mysql.connector.errors.InterfaceError: 2003: Can't connect to MySQL server on 'localhost:13306' (61 Connection refused)
[2025-04-12 06:59:14] ✗ MySQL数据导出失败，错误代码: 1
[2025-04-12 06:59:14] 本次执行完成，将在5分钟后再次执行
[2025-04-12 06:59:14] --------------------------------------------
[2025-04-12 07:04:14] 开始新的迭代 - 2025-04-12 07:04:14
[2025-04-12 07:04:14] ================================================
[2025-04-12 07:04:14]       客服数据处理流程自动化脚本 v2.0 (后台定时版)
[2025-04-12 07:04:14] ================================================
[2025-04-12 07:04:14] 开始执行处理流程
[2025-04-12 07:04:14] === 步骤1: 从MySQL导出数据到TXT ===
[2025-04-12 07:04:14] 执行: python mysql_to_txt.py
开始从MySQL导出数据到文本文件...
连接尝试 1/3...
连接失败: 2003: Can't connect to MySQL server on 'localhost:13306' (61 Connection refused)
等待 5 秒后重试...
连接尝试 2/3...
连接失败: 2003: Can't connect to MySQL server on 'localhost:13306' (61 Connection refused)
等待 5 秒后重试...
连接尝试 3/3...
连接失败: 2003: Can't connect to MySQL server on 'localhost:13306' (61 Connection refused)
达到最大重试次数，放弃连接
Traceback (most recent call last):
  File "/Users/yangsan/Library/Python/3.7/lib/python/site-packages/mysql/connector/network.py", line 600, in open_connection
    self.sock.connect(sockaddr)
ConnectionRefusedError: [Errno 61] Connection refused

The above exception was the direct cause of the following exception:

Traceback (most recent call last):
  File "mysql_to_txt.py", line 215, in <module>
    main()
  File "mysql_to_txt.py", line 178, in main
    connection = connect_to_mysql_with_retry()
  File "mysql_to_txt.py", line 32, in connect_to_mysql_with_retry
    connection = mysql.connector.connect(**DB_CONFIG)
  File "/Users/yangsan/Library/Python/3.7/lib/python/site-packages/mysql/connector/pooling.py", line 294, in connect
    return MySQLConnection(*args, **kwargs)
  File "/Users/yangsan/Library/Python/3.7/lib/python/site-packages/mysql/connector/connection.py", line 164, in __init__
    self.connect(**kwargs)
  File "/Users/yangsan/Library/Python/3.7/lib/python/site-packages/mysql/connector/abstracts.py", line 1181, in connect
    self._open_connection()
  File "/Users/yangsan/Library/Python/3.7/lib/python/site-packages/mysql/connector/connection.py", line 570, in _open_connection
    self._socket.open_connection()
  File "/Users/yangsan/Library/Python/3.7/lib/python/site-packages/mysql/connector/network.py", line 609, in open_connection
    ) from err
mysql.connector.errors.InterfaceError: 2003: Can't connect to MySQL server on 'localhost:13306' (61 Connection refused)
[2025-04-12 07:04:24] ✗ MySQL数据导出失败，错误代码: 1
[2025-04-12 07:04:24] 本次执行完成，将在5分钟后再次执行
[2025-04-12 07:04:24] --------------------------------------------
[2025-04-12 07:09:24] 开始新的迭代 - 2025-04-12 07:09:24
[2025-04-12 07:09:24] ================================================
[2025-04-12 07:09:24]       客服数据处理流程自动化脚本 v2.0 (后台定时版)
[2025-04-12 07:09:24] ================================================
[2025-04-12 07:09:24] 开始执行处理流程
[2025-04-12 07:09:24] === 步骤1: 从MySQL导出数据到TXT ===
[2025-04-12 07:09:24] 执行: python mysql_to_txt.py
开始从MySQL导出数据到文本文件...
连接尝试 1/3...
连接失败: 2003: Can't connect to MySQL server on 'localhost:13306' (61 Connection refused)
等待 5 秒后重试...
连接尝试 2/3...
连接失败: 2003: Can't connect to MySQL server on 'localhost:13306' (61 Connection refused)
等待 5 秒后重试...
连接尝试 3/3...
连接失败: 2003: Can't connect to MySQL server on 'localhost:13306' (61 Connection refused)
达到最大重试次数，放弃连接
Traceback (most recent call last):
  File "/Users/yangsan/Library/Python/3.7/lib/python/site-packages/mysql/connector/network.py", line 600, in open_connection
    self.sock.connect(sockaddr)
ConnectionRefusedError: [Errno 61] Connection refused

The above exception was the direct cause of the following exception:

Traceback (most recent call last):
  File "mysql_to_txt.py", line 215, in <module>
    main()
  File "mysql_to_txt.py", line 178, in main
    connection = connect_to_mysql_with_retry()
  File "mysql_to_txt.py", line 32, in connect_to_mysql_with_retry
    connection = mysql.connector.connect(**DB_CONFIG)
  File "/Users/yangsan/Library/Python/3.7/lib/python/site-packages/mysql/connector/pooling.py", line 294, in connect
    return MySQLConnection(*args, **kwargs)
  File "/Users/yangsan/Library/Python/3.7/lib/python/site-packages/mysql/connector/connection.py", line 164, in __init__
    self.connect(**kwargs)
  File "/Users/yangsan/Library/Python/3.7/lib/python/site-packages/mysql/connector/abstracts.py", line 1181, in connect
    self._open_connection()
  File "/Users/yangsan/Library/Python/3.7/lib/python/site-packages/mysql/connector/connection.py", line 570, in _open_connection
    self._socket.open_connection()
  File "/Users/yangsan/Library/Python/3.7/lib/python/site-packages/mysql/connector/network.py", line 609, in open_connection
    ) from err
mysql.connector.errors.InterfaceError: 2003: Can't connect to MySQL server on 'localhost:13306' (61 Connection refused)
[2025-04-12 07:09:35] ✗ MySQL数据导出失败，错误代码: 1
[2025-04-12 07:09:35] 本次执行完成，将在5分钟后再次执行
[2025-04-12 07:09:35] --------------------------------------------
[2025-04-12 07:14:35] 开始新的迭代 - 2025-04-12 07:14:35
[2025-04-12 07:14:35] ================================================
[2025-04-12 07:14:35]       客服数据处理流程自动化脚本 v2.0 (后台定时版)
[2025-04-12 07:14:35] ================================================
[2025-04-12 07:14:35] 开始执行处理流程
[2025-04-12 07:14:35] === 步骤1: 从MySQL导出数据到TXT ===
[2025-04-12 07:14:35] 执行: python mysql_to_txt.py
开始从MySQL导出数据到文本文件...
连接尝试 1/3...
连接失败: 2003: Can't connect to MySQL server on 'localhost:13306' (61 Connection refused)
等待 5 秒后重试...
连接尝试 2/3...
连接失败: 2003: Can't connect to MySQL server on 'localhost:13306' (61 Connection refused)
等待 5 秒后重试...
连接尝试 3/3...
连接失败: 2003: Can't connect to MySQL server on 'localhost:13306' (61 Connection refused)
达到最大重试次数，放弃连接
Traceback (most recent call last):
  File "/Users/yangsan/Library/Python/3.7/lib/python/site-packages/mysql/connector/network.py", line 600, in open_connection
    self.sock.connect(sockaddr)
ConnectionRefusedError: [Errno 61] Connection refused

The above exception was the direct cause of the following exception:

Traceback (most recent call last):
  File "mysql_to_txt.py", line 215, in <module>
    main()
  File "mysql_to_txt.py", line 178, in main
    connection = connect_to_mysql_with_retry()
  File "mysql_to_txt.py", line 32, in connect_to_mysql_with_retry
    connection = mysql.connector.connect(**DB_CONFIG)
  File "/Users/yangsan/Library/Python/3.7/lib/python/site-packages/mysql/connector/pooling.py", line 294, in connect
    return MySQLConnection(*args, **kwargs)
  File "/Users/yangsan/Library/Python/3.7/lib/python/site-packages/mysql/connector/connection.py", line 164, in __init__
    self.connect(**kwargs)
  File "/Users/yangsan/Library/Python/3.7/lib/python/site-packages/mysql/connector/abstracts.py", line 1181, in connect
    self._open_connection()
  File "/Users/yangsan/Library/Python/3.7/lib/python/site-packages/mysql/connector/connection.py", line 570, in _open_connection
    self._socket.open_connection()
  File "/Users/yangsan/Library/Python/3.7/lib/python/site-packages/mysql/connector/network.py", line 609, in open_connection
    ) from err
mysql.connector.errors.InterfaceError: 2003: Can't connect to MySQL server on 'localhost:13306' (61 Connection refused)
[2025-04-12 07:14:45] ✗ MySQL数据导出失败，错误代码: 1
[2025-04-12 07:14:45] 本次执行完成，将在5分钟后再次执行
[2025-04-12 07:14:45] --------------------------------------------
[2025-04-12 07:19:45] 开始新的迭代 - 2025-04-12 07:19:45
[2025-04-12 07:19:45] ================================================
[2025-04-12 07:19:45]       客服数据处理流程自动化脚本 v2.0 (后台定时版)
[2025-04-12 07:19:45] ================================================
[2025-04-12 07:19:45] 开始执行处理流程
[2025-04-12 07:19:45] === 步骤1: 从MySQL导出数据到TXT ===
[2025-04-12 07:19:45] 执行: python mysql_to_txt.py
开始从MySQL导出数据到文本文件...
连接尝试 1/3...
连接失败: 2003: Can't connect to MySQL server on 'localhost:13306' (61 Connection refused)
等待 5 秒后重试...
连接尝试 2/3...
连接失败: 2003: Can't connect to MySQL server on 'localhost:13306' (61 Connection refused)
等待 5 秒后重试...
连接尝试 3/3...
连接失败: 2003: Can't connect to MySQL server on 'localhost:13306' (61 Connection refused)
达到最大重试次数，放弃连接
Traceback (most recent call last):
  File "/Users/yangsan/Library/Python/3.7/lib/python/site-packages/mysql/connector/network.py", line 600, in open_connection
    self.sock.connect(sockaddr)
ConnectionRefusedError: [Errno 61] Connection refused

The above exception was the direct cause of the following exception:

Traceback (most recent call last):
  File "mysql_to_txt.py", line 215, in <module>
    main()
  File "mysql_to_txt.py", line 178, in main
    connection = connect_to_mysql_with_retry()
  File "mysql_to_txt.py", line 32, in connect_to_mysql_with_retry
    connection = mysql.connector.connect(**DB_CONFIG)
  File "/Users/yangsan/Library/Python/3.7/lib/python/site-packages/mysql/connector/pooling.py", line 294, in connect
    return MySQLConnection(*args, **kwargs)
  File "/Users/yangsan/Library/Python/3.7/lib/python/site-packages/mysql/connector/connection.py", line 164, in __init__
    self.connect(**kwargs)
  File "/Users/yangsan/Library/Python/3.7/lib/python/site-packages/mysql/connector/abstracts.py", line 1181, in connect
    self._open_connection()
  File "/Users/yangsan/Library/Python/3.7/lib/python/site-packages/mysql/connector/connection.py", line 570, in _open_connection
    self._socket.open_connection()
  File "/Users/yangsan/Library/Python/3.7/lib/python/site-packages/mysql/connector/network.py", line 609, in open_connection
    ) from err
mysql.connector.errors.InterfaceError: 2003: Can't connect to MySQL server on 'localhost:13306' (61 Connection refused)
[2025-04-12 07:19:56] ✗ MySQL数据导出失败，错误代码: 1
[2025-04-12 07:19:56] 本次执行完成，将在5分钟后再次执行
[2025-04-12 07:19:56] --------------------------------------------
[2025-04-12 07:24:56] 开始新的迭代 - 2025-04-12 07:24:56
[2025-04-12 07:24:56] ================================================
[2025-04-12 07:24:56]       客服数据处理流程自动化脚本 v2.0 (后台定时版)
[2025-04-12 07:24:56] ================================================
[2025-04-12 07:24:56] 开始执行处理流程
[2025-04-12 07:24:56] === 步骤1: 从MySQL导出数据到TXT ===
[2025-04-12 07:24:56] 执行: python mysql_to_txt.py
开始从MySQL导出数据到文本文件...
连接尝试 1/3...
连接失败: 2003: Can't connect to MySQL server on 'localhost:13306' (61 Connection refused)
等待 5 秒后重试...
连接尝试 2/3...
连接失败: 2003: Can't connect to MySQL server on 'localhost:13306' (61 Connection refused)
等待 5 秒后重试...
连接尝试 3/3...
连接失败: 2003: Can't connect to MySQL server on 'localhost:13306' (61 Connection refused)
达到最大重试次数，放弃连接
Traceback (most recent call last):
  File "/Users/yangsan/Library/Python/3.7/lib/python/site-packages/mysql/connector/network.py", line 600, in open_connection
    self.sock.connect(sockaddr)
ConnectionRefusedError: [Errno 61] Connection refused

The above exception was the direct cause of the following exception:

Traceback (most recent call last):
  File "mysql_to_txt.py", line 215, in <module>
    main()
  File "mysql_to_txt.py", line 178, in main
    connection = connect_to_mysql_with_retry()
  File "mysql_to_txt.py", line 32, in connect_to_mysql_with_retry
    connection = mysql.connector.connect(**DB_CONFIG)
  File "/Users/yangsan/Library/Python/3.7/lib/python/site-packages/mysql/connector/pooling.py", line 294, in connect
    return MySQLConnection(*args, **kwargs)
  File "/Users/yangsan/Library/Python/3.7/lib/python/site-packages/mysql/connector/connection.py", line 164, in __init__
    self.connect(**kwargs)
  File "/Users/yangsan/Library/Python/3.7/lib/python/site-packages/mysql/connector/abstracts.py", line 1181, in connect
    self._open_connection()
  File "/Users/yangsan/Library/Python/3.7/lib/python/site-packages/mysql/connector/connection.py", line 570, in _open_connection
    self._socket.open_connection()
  File "/Users/yangsan/Library/Python/3.7/lib/python/site-packages/mysql/connector/network.py", line 609, in open_connection
    ) from err
mysql.connector.errors.InterfaceError: 2003: Can't connect to MySQL server on 'localhost:13306' (61 Connection refused)
[2025-04-12 07:25:06] ✗ MySQL数据导出失败，错误代码: 1
[2025-04-12 07:25:06] 本次执行完成，将在5分钟后再次执行
[2025-04-12 07:25:06] --------------------------------------------
[2025-04-12 08:16:06] 开始新的迭代 - 2025-04-12 08:16:06
[2025-04-12 08:16:06] ================================================
[2025-04-12 08:16:06]       客服数据处理流程自动化脚本 v2.0 (后台定时版)
[2025-04-12 08:16:06] ================================================
[2025-04-12 08:16:06] 开始执行处理流程
[2025-04-12 08:16:06] === 步骤1: 从MySQL导出数据到TXT ===
[2025-04-12 08:16:06] 执行: python mysql_to_txt.py
开始从MySQL导出数据到文本文件...
连接尝试 1/3...
连接失败: 2003: Can't connect to MySQL server on 'localhost:13306' (61 Connection refused)
等待 5 秒后重试...
连接尝试 2/3...
连接失败: 2003: Can't connect to MySQL server on 'localhost:13306' (61 Connection refused)
等待 5 秒后重试...
连接尝试 3/3...
连接失败: 2003: Can't connect to MySQL server on 'localhost:13306' (61 Connection refused)
达到最大重试次数，放弃连接
Traceback (most recent call last):
  File "/Users/yangsan/Library/Python/3.7/lib/python/site-packages/mysql/connector/network.py", line 600, in open_connection
    self.sock.connect(sockaddr)
ConnectionRefusedError: [Errno 61] Connection refused

The above exception was the direct cause of the following exception:

Traceback (most recent call last):
  File "mysql_to_txt.py", line 215, in <module>
    main()
  File "mysql_to_txt.py", line 178, in main
    connection = connect_to_mysql_with_retry()
  File "mysql_to_txt.py", line 32, in connect_to_mysql_with_retry
    connection = mysql.connector.connect(**DB_CONFIG)
  File "/Users/yangsan/Library/Python/3.7/lib/python/site-packages/mysql/connector/pooling.py", line 294, in connect
    return MySQLConnection(*args, **kwargs)
  File "/Users/yangsan/Library/Python/3.7/lib/python/site-packages/mysql/connector/connection.py", line 164, in __init__
    self.connect(**kwargs)
  File "/Users/yangsan/Library/Python/3.7/lib/python/site-packages/mysql/connector/abstracts.py", line 1181, in connect
    self._open_connection()
  File "/Users/yangsan/Library/Python/3.7/lib/python/site-packages/mysql/connector/connection.py", line 570, in _open_connection
    self._socket.open_connection()
  File "/Users/yangsan/Library/Python/3.7/lib/python/site-packages/mysql/connector/network.py", line 609, in open_connection
    ) from err
mysql.connector.errors.InterfaceError: 2003: Can't connect to MySQL server on 'localhost:13306' (61 Connection refused)
[2025-04-12 08:16:18] ✗ MySQL数据导出失败，错误代码: 1
[2025-04-12 08:16:18] 本次执行完成，将在5分钟后再次执行
[2025-04-12 08:16:18] --------------------------------------------
[2025-04-12 08:21:18] 开始新的迭代 - 2025-04-12 08:21:18
[2025-04-12 08:21:18] ================================================
[2025-04-12 08:21:18]       客服数据处理流程自动化脚本 v2.0 (后台定时版)
[2025-04-12 08:21:18] ================================================
[2025-04-12 08:21:18] 开始执行处理流程
[2025-04-12 08:21:18] === 步骤1: 从MySQL导出数据到TXT ===
[2025-04-12 08:21:18] 执行: python mysql_to_txt.py
开始从MySQL导出数据到文本文件...
连接尝试 1/3...
连接失败: 2003: Can't connect to MySQL server on 'localhost:13306' (61 Connection refused)
等待 5 秒后重试...
连接尝试 2/3...
连接失败: 2003: Can't connect to MySQL server on 'localhost:13306' (61 Connection refused)
等待 5 秒后重试...
连接尝试 3/3...
连接失败: 2003: Can't connect to MySQL server on 'localhost:13306' (61 Connection refused)
达到最大重试次数，放弃连接
Traceback (most recent call last):
  File "/Users/yangsan/Library/Python/3.7/lib/python/site-packages/mysql/connector/network.py", line 600, in open_connection
    self.sock.connect(sockaddr)
ConnectionRefusedError: [Errno 61] Connection refused

The above exception was the direct cause of the following exception:

Traceback (most recent call last):
  File "mysql_to_txt.py", line 215, in <module>
    main()
  File "mysql_to_txt.py", line 178, in main
    connection = connect_to_mysql_with_retry()
  File "mysql_to_txt.py", line 32, in connect_to_mysql_with_retry
    connection = mysql.connector.connect(**DB_CONFIG)
  File "/Users/yangsan/Library/Python/3.7/lib/python/site-packages/mysql/connector/pooling.py", line 294, in connect
    return MySQLConnection(*args, **kwargs)
  File "/Users/yangsan/Library/Python/3.7/lib/python/site-packages/mysql/connector/connection.py", line 164, in __init__
    self.connect(**kwargs)
  File "/Users/yangsan/Library/Python/3.7/lib/python/site-packages/mysql/connector/abstracts.py", line 1181, in connect
    self._open_connection()
  File "/Users/yangsan/Library/Python/3.7/lib/python/site-packages/mysql/connector/connection.py", line 570, in _open_connection
    self._socket.open_connection()
  File "/Users/yangsan/Library/Python/3.7/lib/python/site-packages/mysql/connector/network.py", line 609, in open_connection
    ) from err
mysql.connector.errors.InterfaceError: 2003: Can't connect to MySQL server on 'localhost:13306' (61 Connection refused)
[2025-04-12 08:21:28] ✗ MySQL数据导出失败，错误代码: 1
[2025-04-12 08:21:28] 本次执行完成，将在5分钟后再次执行
[2025-04-12 08:21:28] --------------------------------------------
[2025-04-12 08:26:28] 开始新的迭代 - 2025-04-12 08:26:28
[2025-04-12 08:26:28] ================================================
[2025-04-12 08:26:28]       客服数据处理流程自动化脚本 v2.0 (后台定时版)
[2025-04-12 08:26:28] ================================================
[2025-04-12 08:26:28] 开始执行处理流程
[2025-04-12 08:26:28] === 步骤1: 从MySQL导出数据到TXT ===
[2025-04-12 08:26:28] 执行: python mysql_to_txt.py
开始从MySQL导出数据到文本文件...
连接尝试 1/3...
连接失败: 2003: Can't connect to MySQL server on 'localhost:13306' (61 Connection refused)
等待 5 秒后重试...
连接尝试 2/3...
连接失败: 2003: Can't connect to MySQL server on 'localhost:13306' (61 Connection refused)
等待 5 秒后重试...
连接尝试 3/3...
连接失败: 2003: Can't connect to MySQL server on 'localhost:13306' (61 Connection refused)
达到最大重试次数，放弃连接
Traceback (most recent call last):
  File "/Users/yangsan/Library/Python/3.7/lib/python/site-packages/mysql/connector/network.py", line 600, in open_connection
    self.sock.connect(sockaddr)
ConnectionRefusedError: [Errno 61] Connection refused

The above exception was the direct cause of the following exception:

Traceback (most recent call last):
  File "mysql_to_txt.py", line 215, in <module>
    main()
  File "mysql_to_txt.py", line 178, in main
    connection = connect_to_mysql_with_retry()
  File "mysql_to_txt.py", line 32, in connect_to_mysql_with_retry
    connection = mysql.connector.connect(**DB_CONFIG)
  File "/Users/yangsan/Library/Python/3.7/lib/python/site-packages/mysql/connector/pooling.py", line 294, in connect
    return MySQLConnection(*args, **kwargs)
  File "/Users/yangsan/Library/Python/3.7/lib/python/site-packages/mysql/connector/connection.py", line 164, in __init__
    self.connect(**kwargs)
  File "/Users/yangsan/Library/Python/3.7/lib/python/site-packages/mysql/connector/abstracts.py", line 1181, in connect
    self._open_connection()
  File "/Users/yangsan/Library/Python/3.7/lib/python/site-packages/mysql/connector/connection.py", line 570, in _open_connection
    self._socket.open_connection()
  File "/Users/yangsan/Library/Python/3.7/lib/python/site-packages/mysql/connector/network.py", line 609, in open_connection
    ) from err
mysql.connector.errors.InterfaceError: 2003: Can't connect to MySQL server on 'localhost:13306' (61 Connection refused)
[2025-04-12 08:26:39] ✗ MySQL数据导出失败，错误代码: 1
[2025-04-12 08:26:39] 本次执行完成，将在5分钟后再次执行
[2025-04-12 08:26:39] --------------------------------------------
[2025-04-12 08:31:39] 开始新的迭代 - 2025-04-12 08:31:39
[2025-04-12 08:31:39] ================================================
[2025-04-12 08:31:39]       客服数据处理流程自动化脚本 v2.0 (后台定时版)
[2025-04-12 08:31:39] ================================================
[2025-04-12 08:31:39] 开始执行处理流程
[2025-04-12 08:31:39] === 步骤1: 从MySQL导出数据到TXT ===
[2025-04-12 08:31:39] 执行: python mysql_to_txt.py
开始从MySQL导出数据到文本文件...
连接尝试 1/3...
连接失败: 2003: Can't connect to MySQL server on 'localhost:13306' (61 Connection refused)
等待 5 秒后重试...
连接尝试 2/3...
连接失败: 2003: Can't connect to MySQL server on 'localhost:13306' (61 Connection refused)
等待 5 秒后重试...
连接尝试 3/3...
连接失败: 2003: Can't connect to MySQL server on 'localhost:13306' (61 Connection refused)
达到最大重试次数，放弃连接
Traceback (most recent call last):
  File "/Users/yangsan/Library/Python/3.7/lib/python/site-packages/mysql/connector/network.py", line 600, in open_connection
    self.sock.connect(sockaddr)
ConnectionRefusedError: [Errno 61] Connection refused

The above exception was the direct cause of the following exception:

Traceback (most recent call last):
  File "mysql_to_txt.py", line 215, in <module>
    main()
  File "mysql_to_txt.py", line 178, in main
    connection = connect_to_mysql_with_retry()
  File "mysql_to_txt.py", line 32, in connect_to_mysql_with_retry
    connection = mysql.connector.connect(**DB_CONFIG)
  File "/Users/yangsan/Library/Python/3.7/lib/python/site-packages/mysql/connector/pooling.py", line 294, in connect
    return MySQLConnection(*args, **kwargs)
  File "/Users/yangsan/Library/Python/3.7/lib/python/site-packages/mysql/connector/connection.py", line 164, in __init__
    self.connect(**kwargs)
  File "/Users/yangsan/Library/Python/3.7/lib/python/site-packages/mysql/connector/abstracts.py", line 1181, in connect
    self._open_connection()
  File "/Users/yangsan/Library/Python/3.7/lib/python/site-packages/mysql/connector/connection.py", line 570, in _open_connection
    self._socket.open_connection()
  File "/Users/yangsan/Library/Python/3.7/lib/python/site-packages/mysql/connector/network.py", line 609, in open_connection
    ) from err
mysql.connector.errors.InterfaceError: 2003: Can't connect to MySQL server on 'localhost:13306' (61 Connection refused)
[2025-04-12 08:31:49] ✗ MySQL数据导出失败，错误代码: 1
[2025-04-12 08:31:49] 本次执行完成，将在5分钟后再次执行
[2025-04-12 08:31:49] --------------------------------------------
[2025-04-12 08:52:04] 开始新的迭代 - 2025-04-12 08:52:04
[2025-04-12 08:52:04] ================================================
[2025-04-12 08:52:04]       客服数据处理流程自动化脚本 v2.0 (后台定时版)
[2025-04-12 08:52:04] ================================================
[2025-04-12 08:52:04] 开始执行处理流程
[2025-04-12 08:52:04] === 步骤1: 从MySQL导出数据到TXT ===
[2025-04-12 08:52:04] 执行: python mysql_to_txt.py
开始从MySQL导出数据到文本文件...
连接尝试 1/3...
连接失败: 2003: Can't connect to MySQL server on 'localhost:13306' (61 Connection refused)
等待 5 秒后重试...
连接尝试 2/3...
连接失败: 2003: Can't connect to MySQL server on 'localhost:13306' (61 Connection refused)
等待 5 秒后重试...
连接尝试 3/3...
连接失败: 2003: Can't connect to MySQL server on 'localhost:13306' (61 Connection refused)
达到最大重试次数，放弃连接
Traceback (most recent call last):
  File "/Users/yangsan/Library/Python/3.7/lib/python/site-packages/mysql/connector/network.py", line 600, in open_connection
    self.sock.connect(sockaddr)
ConnectionRefusedError: [Errno 61] Connection refused

The above exception was the direct cause of the following exception:

Traceback (most recent call last):
  File "mysql_to_txt.py", line 215, in <module>
    main()
  File "mysql_to_txt.py", line 178, in main
    connection = connect_to_mysql_with_retry()
  File "mysql_to_txt.py", line 32, in connect_to_mysql_with_retry
    connection = mysql.connector.connect(**DB_CONFIG)
  File "/Users/yangsan/Library/Python/3.7/lib/python/site-packages/mysql/connector/pooling.py", line 294, in connect
    return MySQLConnection(*args, **kwargs)
  File "/Users/yangsan/Library/Python/3.7/lib/python/site-packages/mysql/connector/connection.py", line 164, in __init__
    self.connect(**kwargs)
  File "/Users/yangsan/Library/Python/3.7/lib/python/site-packages/mysql/connector/abstracts.py", line 1181, in connect
    self._open_connection()
  File "/Users/yangsan/Library/Python/3.7/lib/python/site-packages/mysql/connector/connection.py", line 570, in _open_connection
    self._socket.open_connection()
  File "/Users/yangsan/Library/Python/3.7/lib/python/site-packages/mysql/connector/network.py", line 609, in open_connection
    ) from err
mysql.connector.errors.InterfaceError: 2003: Can't connect to MySQL server on 'localhost:13306' (61 Connection refused)
[2025-04-12 08:52:14] ✗ MySQL数据导出失败，错误代码: 1
[2025-04-12 08:52:14] 本次执行完成，将在5分钟后再次执行
[2025-04-12 08:52:14] --------------------------------------------
[2025-04-12 09:14:06] 开始新的迭代 - 2025-04-12 09:14:06
[2025-04-12 09:14:06] ================================================
[2025-04-12 09:14:06]       客服数据处理流程自动化脚本 v2.0 (后台定时版)
[2025-04-12 09:14:06] ================================================
[2025-04-12 09:14:06] 开始执行处理流程
[2025-04-12 09:14:06] === 步骤1: 从MySQL导出数据到TXT ===
[2025-04-12 09:14:06] 执行: python mysql_to_txt.py
开始从MySQL导出数据到文本文件...
连接尝试 1/3...
连接失败: 2003: Can't connect to MySQL server on 'localhost:13306' (61 Connection refused)
等待 5 秒后重试...
连接尝试 2/3...
连接失败: 2003: Can't connect to MySQL server on 'localhost:13306' (61 Connection refused)
等待 5 秒后重试...
连接尝试 3/3...
连接失败: 2003: Can't connect to MySQL server on 'localhost:13306' (61 Connection refused)
达到最大重试次数，放弃连接
Traceback (most recent call last):
  File "/Users/yangsan/Library/Python/3.7/lib/python/site-packages/mysql/connector/network.py", line 600, in open_connection
    self.sock.connect(sockaddr)
ConnectionRefusedError: [Errno 61] Connection refused

The above exception was the direct cause of the following exception:

Traceback (most recent call last):
  File "mysql_to_txt.py", line 215, in <module>
    main()
  File "mysql_to_txt.py", line 178, in main
    connection = connect_to_mysql_with_retry()
  File "mysql_to_txt.py", line 32, in connect_to_mysql_with_retry
    connection = mysql.connector.connect(**DB_CONFIG)
  File "/Users/yangsan/Library/Python/3.7/lib/python/site-packages/mysql/connector/pooling.py", line 294, in connect
    return MySQLConnection(*args, **kwargs)
  File "/Users/yangsan/Library/Python/3.7/lib/python/site-packages/mysql/connector/connection.py", line 164, in __init__
    self.connect(**kwargs)
  File "/Users/yangsan/Library/Python/3.7/lib/python/site-packages/mysql/connector/abstracts.py", line 1181, in connect
    self._open_connection()
  File "/Users/yangsan/Library/Python/3.7/lib/python/site-packages/mysql/connector/connection.py", line 570, in _open_connection
    self._socket.open_connection()
  File "/Users/yangsan/Library/Python/3.7/lib/python/site-packages/mysql/connector/network.py", line 609, in open_connection
    ) from err
mysql.connector.errors.InterfaceError: 2003: Can't connect to MySQL server on 'localhost:13306' (61 Connection refused)
[2025-04-12 09:14:16] ✗ MySQL数据导出失败，错误代码: 1
[2025-04-12 09:14:16] 本次执行完成，将在5分钟后再次执行
[2025-04-12 09:14:16] --------------------------------------------
[2025-04-12 09:37:00] 开始新的迭代 - 2025-04-12 09:37:00
[2025-04-12 09:37:00] ================================================
[2025-04-12 09:37:00]       客服数据处理流程自动化脚本 v2.0 (后台定时版)
[2025-04-12 09:37:00] ================================================
[2025-04-12 09:37:00] 开始执行处理流程
[2025-04-12 09:37:00] === 步骤1: 从MySQL导出数据到TXT ===
[2025-04-12 09:37:00] 执行: python mysql_to_txt.py
开始从MySQL导出数据到文本文件...
连接尝试 1/3...
连接失败: 2003: Can't connect to MySQL server on 'localhost:13306' (61 Connection refused)
等待 5 秒后重试...
连接尝试 2/3...
连接失败: 2003: Can't connect to MySQL server on 'localhost:13306' (61 Connection refused)
等待 5 秒后重试...
连接尝试 3/3...
连接失败: 2003: Can't connect to MySQL server on 'localhost:13306' (61 Connection refused)
达到最大重试次数，放弃连接
Traceback (most recent call last):
  File "/Users/yangsan/Library/Python/3.7/lib/python/site-packages/mysql/connector/network.py", line 600, in open_connection
    self.sock.connect(sockaddr)
ConnectionRefusedError: [Errno 61] Connection refused

The above exception was the direct cause of the following exception:

Traceback (most recent call last):
  File "mysql_to_txt.py", line 215, in <module>
    main()
  File "mysql_to_txt.py", line 178, in main
    connection = connect_to_mysql_with_retry()
  File "mysql_to_txt.py", line 32, in connect_to_mysql_with_retry
    connection = mysql.connector.connect(**DB_CONFIG)
  File "/Users/yangsan/Library/Python/3.7/lib/python/site-packages/mysql/connector/pooling.py", line 294, in connect
    return MySQLConnection(*args, **kwargs)
  File "/Users/yangsan/Library/Python/3.7/lib/python/site-packages/mysql/connector/connection.py", line 164, in __init__
    self.connect(**kwargs)
  File "/Users/yangsan/Library/Python/3.7/lib/python/site-packages/mysql/connector/abstracts.py", line 1181, in connect
    self._open_connection()
  File "/Users/yangsan/Library/Python/3.7/lib/python/site-packages/mysql/connector/connection.py", line 570, in _open_connection
    self._socket.open_connection()
  File "/Users/yangsan/Library/Python/3.7/lib/python/site-packages/mysql/connector/network.py", line 609, in open_connection
    ) from err
mysql.connector.errors.InterfaceError: 2003: Can't connect to MySQL server on 'localhost:13306' (61 Connection refused)
[2025-04-12 09:37:11] ✗ MySQL数据导出失败，错误代码: 1
[2025-04-12 09:37:11] 本次执行完成，将在5分钟后再次执行
[2025-04-12 09:37:11] --------------------------------------------
[2025-04-12 09:58:39] 开始新的迭代 - 2025-04-12 09:58:39
[2025-04-12 09:58:39] ================================================
[2025-04-12 09:58:39]       客服数据处理流程自动化脚本 v2.0 (后台定时版)
[2025-04-12 09:58:39] ================================================
[2025-04-12 09:58:39] 开始执行处理流程
[2025-04-12 09:58:39] === 步骤1: 从MySQL导出数据到TXT ===
[2025-04-12 09:58:39] 执行: python mysql_to_txt.py
开始从MySQL导出数据到文本文件...
连接尝试 1/3...
连接失败: 2003: Can't connect to MySQL server on 'localhost:13306' (61 Connection refused)
等待 5 秒后重试...
连接尝试 2/3...
连接失败: 2003: Can't connect to MySQL server on 'localhost:13306' (61 Connection refused)
等待 5 秒后重试...
连接尝试 3/3...
连接失败: 2003: Can't connect to MySQL server on 'localhost:13306' (61 Connection refused)
达到最大重试次数，放弃连接
Traceback (most recent call last):
  File "/Users/yangsan/Library/Python/3.7/lib/python/site-packages/mysql/connector/network.py", line 600, in open_connection
    self.sock.connect(sockaddr)
ConnectionRefusedError: [Errno 61] Connection refused

The above exception was the direct cause of the following exception:

Traceback (most recent call last):
  File "mysql_to_txt.py", line 215, in <module>
    main()
  File "mysql_to_txt.py", line 178, in main
    connection = connect_to_mysql_with_retry()
  File "mysql_to_txt.py", line 32, in connect_to_mysql_with_retry
    connection = mysql.connector.connect(**DB_CONFIG)
  File "/Users/yangsan/Library/Python/3.7/lib/python/site-packages/mysql/connector/pooling.py", line 294, in connect
    return MySQLConnection(*args, **kwargs)
  File "/Users/yangsan/Library/Python/3.7/lib/python/site-packages/mysql/connector/connection.py", line 164, in __init__
    self.connect(**kwargs)
  File "/Users/yangsan/Library/Python/3.7/lib/python/site-packages/mysql/connector/abstracts.py", line 1181, in connect
    self._open_connection()
  File "/Users/yangsan/Library/Python/3.7/lib/python/site-packages/mysql/connector/connection.py", line 570, in _open_connection
    self._socket.open_connection()
  File "/Users/yangsan/Library/Python/3.7/lib/python/site-packages/mysql/connector/network.py", line 609, in open_connection
    ) from err
mysql.connector.errors.InterfaceError: 2003: Can't connect to MySQL server on 'localhost:13306' (61 Connection refused)
[2025-04-12 10:16:18] ✗ MySQL数据导出失败，错误代码: 1
[2025-04-12 10:16:18] 本次执行完成，将在5分钟后再次执行
[2025-04-12 10:16:18] --------------------------------------------
[2025-04-12 10:23:54] 开始新的迭代 - 2025-04-12 10:23:54
[2025-04-12 10:23:54] ================================================
[2025-04-12 10:23:54]       客服数据处理流程自动化脚本 v2.0 (后台定时版)
[2025-04-12 10:23:54] ================================================
[2025-04-12 10:23:54] 开始执行处理流程
[2025-04-12 10:23:54] === 步骤1: 从MySQL导出数据到TXT ===
[2025-04-12 10:23:54] 执行: python mysql_to_txt.py
开始从MySQL导出数据到文本文件...
连接尝试 1/3...
连接失败: 2003: Can't connect to MySQL server on 'localhost:13306' (61 Connection refused)
等待 5 秒后重试...
连接尝试 2/3...
连接失败: 2003: Can't connect to MySQL server on 'localhost:13306' (61 Connection refused)
等待 5 秒后重试...
连接尝试 3/3...
连接失败: 2003: Can't connect to MySQL server on 'localhost:13306' (61 Connection refused)
达到最大重试次数，放弃连接
Traceback (most recent call last):
  File "/Users/yangsan/Library/Python/3.7/lib/python/site-packages/mysql/connector/network.py", line 600, in open_connection
    self.sock.connect(sockaddr)
ConnectionRefusedError: [Errno 61] Connection refused

The above exception was the direct cause of the following exception:

Traceback (most recent call last):
  File "mysql_to_txt.py", line 215, in <module>
    main()
  File "mysql_to_txt.py", line 178, in main
    connection = connect_to_mysql_with_retry()
  File "mysql_to_txt.py", line 32, in connect_to_mysql_with_retry
    connection = mysql.connector.connect(**DB_CONFIG)
  File "/Users/yangsan/Library/Python/3.7/lib/python/site-packages/mysql/connector/pooling.py", line 294, in connect
    return MySQLConnection(*args, **kwargs)
  File "/Users/yangsan/Library/Python/3.7/lib/python/site-packages/mysql/connector/connection.py", line 164, in __init__
    self.connect(**kwargs)
  File "/Users/yangsan/Library/Python/3.7/lib/python/site-packages/mysql/connector/abstracts.py", line 1181, in connect
    self._open_connection()
  File "/Users/yangsan/Library/Python/3.7/lib/python/site-packages/mysql/connector/connection.py", line 570, in _open_connection
    self._socket.open_connection()
  File "/Users/yangsan/Library/Python/3.7/lib/python/site-packages/mysql/connector/network.py", line 609, in open_connection
    ) from err
mysql.connector.errors.InterfaceError: 2003: Can't connect to MySQL server on 'localhost:13306' (61 Connection refused)
[2025-04-12 10:24:04] ✗ MySQL数据导出失败，错误代码: 1
[2025-04-12 10:24:04] 本次执行完成，将在5分钟后再次执行
[2025-04-12 10:24:04] --------------------------------------------
[2025-04-12 10:29:04] 开始新的迭代 - 2025-04-12 10:29:04
[2025-04-12 10:29:04] ================================================
[2025-04-12 10:29:04]       客服数据处理流程自动化脚本 v2.0 (后台定时版)
[2025-04-12 10:29:04] ================================================
[2025-04-12 10:29:04] 开始执行处理流程
[2025-04-12 10:29:04] === 步骤1: 从MySQL导出数据到TXT ===
[2025-04-12 10:29:04] 执行: python mysql_to_txt.py
开始从MySQL导出数据到文本文件...
连接尝试 1/3...
连接失败: 2003: Can't connect to MySQL server on 'localhost:13306' (61 Connection refused)
等待 5 秒后重试...
连接尝试 2/3...
连接失败: 2003: Can't connect to MySQL server on 'localhost:13306' (61 Connection refused)
等待 5 秒后重试...
连接尝试 3/3...
连接失败: 2003: Can't connect to MySQL server on 'localhost:13306' (61 Connection refused)
达到最大重试次数，放弃连接
Traceback (most recent call last):
  File "/Users/yangsan/Library/Python/3.7/lib/python/site-packages/mysql/connector/network.py", line 600, in open_connection
    self.sock.connect(sockaddr)
ConnectionRefusedError: [Errno 61] Connection refused

The above exception was the direct cause of the following exception:

Traceback (most recent call last):
  File "mysql_to_txt.py", line 215, in <module>
    main()
  File "mysql_to_txt.py", line 178, in main
    connection = connect_to_mysql_with_retry()
  File "mysql_to_txt.py", line 32, in connect_to_mysql_with_retry
    connection = mysql.connector.connect(**DB_CONFIG)
  File "/Users/yangsan/Library/Python/3.7/lib/python/site-packages/mysql/connector/pooling.py", line 294, in connect
    return MySQLConnection(*args, **kwargs)
  File "/Users/yangsan/Library/Python/3.7/lib/python/site-packages/mysql/connector/connection.py", line 164, in __init__
    self.connect(**kwargs)
  File "/Users/yangsan/Library/Python/3.7/lib/python/site-packages/mysql/connector/abstracts.py", line 1181, in connect
    self._open_connection()
  File "/Users/yangsan/Library/Python/3.7/lib/python/site-packages/mysql/connector/connection.py", line 570, in _open_connection
    self._socket.open_connection()
  File "/Users/yangsan/Library/Python/3.7/lib/python/site-packages/mysql/connector/network.py", line 609, in open_connection
    ) from err
mysql.connector.errors.InterfaceError: 2003: Can't connect to MySQL server on 'localhost:13306' (61 Connection refused)
[2025-04-12 10:29:15] ✗ MySQL数据导出失败，错误代码: 1
[2025-04-12 10:29:15] 本次执行完成，将在5分钟后再次执行
[2025-04-12 10:29:15] --------------------------------------------
[2025-04-12 10:34:15] 开始新的迭代 - 2025-04-12 10:34:15
[2025-04-12 10:34:15] ================================================
[2025-04-12 10:34:15]       客服数据处理流程自动化脚本 v2.0 (后台定时版)
[2025-04-12 10:34:15] ================================================
[2025-04-12 10:34:15] 开始执行处理流程
[2025-04-12 10:34:15] === 步骤1: 从MySQL导出数据到TXT ===
[2025-04-12 10:34:15] 执行: python mysql_to_txt.py
开始从MySQL导出数据到文本文件...
连接尝试 1/3...
连接失败: 2003: Can't connect to MySQL server on 'localhost:13306' (61 Connection refused)
等待 5 秒后重试...
连接尝试 2/3...
连接失败: 2003: Can't connect to MySQL server on 'localhost:13306' (61 Connection refused)
等待 5 秒后重试...
连接尝试 3/3...
连接失败: 2003: Can't connect to MySQL server on 'localhost:13306' (61 Connection refused)
达到最大重试次数，放弃连接
Traceback (most recent call last):
  File "/Users/yangsan/Library/Python/3.7/lib/python/site-packages/mysql/connector/network.py", line 600, in open_connection
    self.sock.connect(sockaddr)
ConnectionRefusedError: [Errno 61] Connection refused

The above exception was the direct cause of the following exception:

Traceback (most recent call last):
  File "mysql_to_txt.py", line 215, in <module>
    main()
  File "mysql_to_txt.py", line 178, in main
    connection = connect_to_mysql_with_retry()
  File "mysql_to_txt.py", line 32, in connect_to_mysql_with_retry
    connection = mysql.connector.connect(**DB_CONFIG)
  File "/Users/yangsan/Library/Python/3.7/lib/python/site-packages/mysql/connector/pooling.py", line 294, in connect
    return MySQLConnection(*args, **kwargs)
  File "/Users/yangsan/Library/Python/3.7/lib/python/site-packages/mysql/connector/connection.py", line 164, in __init__
    self.connect(**kwargs)
  File "/Users/yangsan/Library/Python/3.7/lib/python/site-packages/mysql/connector/abstracts.py", line 1181, in connect
    self._open_connection()
  File "/Users/yangsan/Library/Python/3.7/lib/python/site-packages/mysql/connector/connection.py", line 570, in _open_connection
    self._socket.open_connection()
  File "/Users/yangsan/Library/Python/3.7/lib/python/site-packages/mysql/connector/network.py", line 609, in open_connection
    ) from err
mysql.connector.errors.InterfaceError: 2003: Can't connect to MySQL server on 'localhost:13306' (61 Connection refused)
[2025-04-12 10:34:25] ✗ MySQL数据导出失败，错误代码: 1
[2025-04-12 10:34:25] 本次执行完成，将在5分钟后再次执行
[2025-04-12 10:34:25] --------------------------------------------
[2025-04-12 10:39:24] 开始新的迭代 - 2025-04-12 10:39:24
[2025-04-12 10:39:24] ================================================
[2025-04-12 10:39:24]       客服数据处理流程自动化脚本 v2.0 (后台定时版)
[2025-04-12 10:39:24] ================================================
[2025-04-12 10:39:24] 开始执行处理流程
[2025-04-12 10:39:24] === 步骤1: 从MySQL导出数据到TXT ===
[2025-04-12 10:39:24] 执行: python mysql_to_txt.py
开始从MySQL导出数据到文本文件...
连接尝试 1/3...
连接失败: 2003: Can't connect to MySQL server on 'localhost:13306' (61 Connection refused)
等待 5 秒后重试...
连接尝试 2/3...
连接失败: 2003: Can't connect to MySQL server on 'localhost:13306' (61 Connection refused)
等待 5 秒后重试...
连接尝试 3/3...
连接失败: 2003: Can't connect to MySQL server on 'localhost:13306' (61 Connection refused)
达到最大重试次数，放弃连接
Traceback (most recent call last):
  File "/Users/yangsan/Library/Python/3.7/lib/python/site-packages/mysql/connector/network.py", line 600, in open_connection
    self.sock.connect(sockaddr)
ConnectionRefusedError: [Errno 61] Connection refused

The above exception was the direct cause of the following exception:

Traceback (most recent call last):
  File "mysql_to_txt.py", line 215, in <module>
    main()
  File "mysql_to_txt.py", line 178, in main
    connection = connect_to_mysql_with_retry()
  File "mysql_to_txt.py", line 32, in connect_to_mysql_with_retry
    connection = mysql.connector.connect(**DB_CONFIG)
  File "/Users/yangsan/Library/Python/3.7/lib/python/site-packages/mysql/connector/pooling.py", line 294, in connect
    return MySQLConnection(*args, **kwargs)
  File "/Users/yangsan/Library/Python/3.7/lib/python/site-packages/mysql/connector/connection.py", line 164, in __init__
    self.connect(**kwargs)
  File "/Users/yangsan/Library/Python/3.7/lib/python/site-packages/mysql/connector/abstracts.py", line 1181, in connect
    self._open_connection()
  File "/Users/yangsan/Library/Python/3.7/lib/python/site-packages/mysql/connector/connection.py", line 570, in _open_connection
    self._socket.open_connection()
  File "/Users/yangsan/Library/Python/3.7/lib/python/site-packages/mysql/connector/network.py", line 609, in open_connection
    ) from err
mysql.connector.errors.InterfaceError: 2003: Can't connect to MySQL server on 'localhost:13306' (61 Connection refused)
[2025-04-12 10:39:34] ✗ MySQL数据导出失败，错误代码: 1
[2025-04-12 10:39:34] 本次执行完成，将在5分钟后再次执行
[2025-04-12 10:39:34] --------------------------------------------
[2025-04-12 10:44:35] 开始新的迭代 - 2025-04-12 10:44:34
[2025-04-12 10:44:35] ================================================
[2025-04-12 10:44:35]       客服数据处理流程自动化脚本 v2.0 (后台定时版)
[2025-04-12 10:44:35] ================================================
[2025-04-12 10:44:35] 开始执行处理流程
[2025-04-12 10:44:35] === 步骤1: 从MySQL导出数据到TXT ===
[2025-04-12 10:44:35] 执行: python mysql_to_txt.py
开始从MySQL导出数据到文本文件...
连接尝试 1/3...
连接失败: 2003: Can't connect to MySQL server on 'localhost:13306' (61 Connection refused)
等待 5 秒后重试...
连接尝试 2/3...
连接失败: 2003: Can't connect to MySQL server on 'localhost:13306' (61 Connection refused)
等待 5 秒后重试...
连接尝试 3/3...
连接失败: 2003: Can't connect to MySQL server on 'localhost:13306' (61 Connection refused)
达到最大重试次数，放弃连接
Traceback (most recent call last):
  File "/Users/yangsan/Library/Python/3.7/lib/python/site-packages/mysql/connector/network.py", line 600, in open_connection
    self.sock.connect(sockaddr)
ConnectionRefusedError: [Errno 61] Connection refused

The above exception was the direct cause of the following exception:

Traceback (most recent call last):
  File "mysql_to_txt.py", line 215, in <module>
    main()
  File "mysql_to_txt.py", line 178, in main
    connection = connect_to_mysql_with_retry()
  File "mysql_to_txt.py", line 32, in connect_to_mysql_with_retry
    connection = mysql.connector.connect(**DB_CONFIG)
  File "/Users/yangsan/Library/Python/3.7/lib/python/site-packages/mysql/connector/pooling.py", line 294, in connect
    return MySQLConnection(*args, **kwargs)
  File "/Users/yangsan/Library/Python/3.7/lib/python/site-packages/mysql/connector/connection.py", line 164, in __init__
    self.connect(**kwargs)
  File "/Users/yangsan/Library/Python/3.7/lib/python/site-packages/mysql/connector/abstracts.py", line 1181, in connect
    self._open_connection()
  File "/Users/yangsan/Library/Python/3.7/lib/python/site-packages/mysql/connector/connection.py", line 570, in _open_connection
    self._socket.open_connection()
  File "/Users/yangsan/Library/Python/3.7/lib/python/site-packages/mysql/connector/network.py", line 609, in open_connection
    ) from err
mysql.connector.errors.InterfaceError: 2003: Can't connect to MySQL server on 'localhost:13306' (61 Connection refused)
[2025-04-12 10:44:45] ✗ MySQL数据导出失败，错误代码: 1
[2025-04-12 10:44:45] 本次执行完成，将在5分钟后再次执行
[2025-04-12 10:44:45] --------------------------------------------
[2025-04-12 10:49:45] 开始新的迭代 - 2025-04-12 10:49:45
[2025-04-12 10:49:45] ================================================
[2025-04-12 10:49:45]       客服数据处理流程自动化脚本 v2.0 (后台定时版)
[2025-04-12 10:49:45] ================================================
[2025-04-12 10:49:45] 开始执行处理流程
[2025-04-12 10:49:45] === 步骤1: 从MySQL导出数据到TXT ===
[2025-04-12 10:49:45] 执行: python mysql_to_txt.py
开始从MySQL导出数据到文本文件...
连接尝试 1/3...
连接失败: 2003: Can't connect to MySQL server on 'localhost:13306' (61 Connection refused)
等待 5 秒后重试...
连接尝试 2/3...
连接失败: 2003: Can't connect to MySQL server on 'localhost:13306' (61 Connection refused)
等待 5 秒后重试...
连接尝试 3/3...
连接失败: 2003: Can't connect to MySQL server on 'localhost:13306' (61 Connection refused)
达到最大重试次数，放弃连接
Traceback (most recent call last):
  File "/Users/yangsan/Library/Python/3.7/lib/python/site-packages/mysql/connector/network.py", line 600, in open_connection
    self.sock.connect(sockaddr)
ConnectionRefusedError: [Errno 61] Connection refused

The above exception was the direct cause of the following exception:

Traceback (most recent call last):
  File "mysql_to_txt.py", line 215, in <module>
    main()
  File "mysql_to_txt.py", line 178, in main
    connection = connect_to_mysql_with_retry()
  File "mysql_to_txt.py", line 32, in connect_to_mysql_with_retry
    connection = mysql.connector.connect(**DB_CONFIG)
  File "/Users/yangsan/Library/Python/3.7/lib/python/site-packages/mysql/connector/pooling.py", line 294, in connect
    return MySQLConnection(*args, **kwargs)
  File "/Users/yangsan/Library/Python/3.7/lib/python/site-packages/mysql/connector/connection.py", line 164, in __init__
    self.connect(**kwargs)
  File "/Users/yangsan/Library/Python/3.7/lib/python/site-packages/mysql/connector/abstracts.py", line 1181, in connect
    self._open_connection()
  File "/Users/yangsan/Library/Python/3.7/lib/python/site-packages/mysql/connector/connection.py", line 570, in _open_connection
    self._socket.open_connection()
  File "/Users/yangsan/Library/Python/3.7/lib/python/site-packages/mysql/connector/network.py", line 609, in open_connection
    ) from err
mysql.connector.errors.InterfaceError: 2003: Can't connect to MySQL server on 'localhost:13306' (61 Connection refused)
[2025-04-12 10:49:56] ✗ MySQL数据导出失败，错误代码: 1
[2025-04-12 10:49:56] 本次执行完成，将在5分钟后再次执行
[2025-04-12 10:49:56] --------------------------------------------
[2025-04-12 10:54:56] 开始新的迭代 - 2025-04-12 10:54:56
[2025-04-12 10:54:56] ================================================
[2025-04-12 10:54:56]       客服数据处理流程自动化脚本 v2.0 (后台定时版)
[2025-04-12 10:54:56] ================================================
[2025-04-12 10:54:56] 开始执行处理流程
[2025-04-12 10:54:56] === 步骤1: 从MySQL导出数据到TXT ===
[2025-04-12 10:54:56] 执行: python mysql_to_txt.py
开始从MySQL导出数据到文本文件...
连接尝试 1/3...
连接失败: 2003: Can't connect to MySQL server on 'localhost:13306' (61 Connection refused)
等待 5 秒后重试...
连接尝试 2/3...
连接失败: 2003: Can't connect to MySQL server on 'localhost:13306' (61 Connection refused)
等待 5 秒后重试...
连接尝试 3/3...
连接失败: 2003: Can't connect to MySQL server on 'localhost:13306' (61 Connection refused)
达到最大重试次数，放弃连接
Traceback (most recent call last):
  File "/Users/yangsan/Library/Python/3.7/lib/python/site-packages/mysql/connector/network.py", line 600, in open_connection
    self.sock.connect(sockaddr)
ConnectionRefusedError: [Errno 61] Connection refused

The above exception was the direct cause of the following exception:

Traceback (most recent call last):
  File "mysql_to_txt.py", line 215, in <module>
    main()
  File "mysql_to_txt.py", line 178, in main
    connection = connect_to_mysql_with_retry()
  File "mysql_to_txt.py", line 32, in connect_to_mysql_with_retry
    connection = mysql.connector.connect(**DB_CONFIG)
  File "/Users/yangsan/Library/Python/3.7/lib/python/site-packages/mysql/connector/pooling.py", line 294, in connect
    return MySQLConnection(*args, **kwargs)
  File "/Users/yangsan/Library/Python/3.7/lib/python/site-packages/mysql/connector/connection.py", line 164, in __init__
    self.connect(**kwargs)
  File "/Users/yangsan/Library/Python/3.7/lib/python/site-packages/mysql/connector/abstracts.py", line 1181, in connect
    self._open_connection()
  File "/Users/yangsan/Library/Python/3.7/lib/python/site-packages/mysql/connector/connection.py", line 570, in _open_connection
    self._socket.open_connection()
  File "/Users/yangsan/Library/Python/3.7/lib/python/site-packages/mysql/connector/network.py", line 609, in open_connection
    ) from err
mysql.connector.errors.InterfaceError: 2003: Can't connect to MySQL server on 'localhost:13306' (61 Connection refused)
[2025-04-12 10:55:06] ✗ MySQL数据导出失败，错误代码: 1
[2025-04-12 10:55:06] 本次执行完成，将在5分钟后再次执行
[2025-04-12 10:55:06] --------------------------------------------
[2025-04-12 11:00:06] 开始新的迭代 - 2025-04-12 11:00:06
[2025-04-12 11:00:06] ================================================
[2025-04-12 11:00:06]       客服数据处理流程自动化脚本 v2.0 (后台定时版)
[2025-04-12 11:00:06] ================================================
[2025-04-12 11:00:06] 开始执行处理流程
[2025-04-12 11:00:06] === 步骤1: 从MySQL导出数据到TXT ===
[2025-04-12 11:00:06] 执行: python mysql_to_txt.py
开始从MySQL导出数据到文本文件...
连接尝试 1/3...
连接失败: 2003: Can't connect to MySQL server on 'localhost:13306' (61 Connection refused)
等待 5 秒后重试...
连接尝试 2/3...
连接失败: 2003: Can't connect to MySQL server on 'localhost:13306' (61 Connection refused)
等待 5 秒后重试...
连接尝试 3/3...
连接失败: 2003: Can't connect to MySQL server on 'localhost:13306' (61 Connection refused)
达到最大重试次数，放弃连接
Traceback (most recent call last):
  File "/Users/yangsan/Library/Python/3.7/lib/python/site-packages/mysql/connector/network.py", line 600, in open_connection
    self.sock.connect(sockaddr)
ConnectionRefusedError: [Errno 61] Connection refused

The above exception was the direct cause of the following exception:

Traceback (most recent call last):
  File "mysql_to_txt.py", line 215, in <module>
    main()
  File "mysql_to_txt.py", line 178, in main
    connection = connect_to_mysql_with_retry()
  File "mysql_to_txt.py", line 32, in connect_to_mysql_with_retry
    connection = mysql.connector.connect(**DB_CONFIG)
  File "/Users/yangsan/Library/Python/3.7/lib/python/site-packages/mysql/connector/pooling.py", line 294, in connect
    return MySQLConnection(*args, **kwargs)
  File "/Users/yangsan/Library/Python/3.7/lib/python/site-packages/mysql/connector/connection.py", line 164, in __init__
    self.connect(**kwargs)
  File "/Users/yangsan/Library/Python/3.7/lib/python/site-packages/mysql/connector/abstracts.py", line 1181, in connect
    self._open_connection()
  File "/Users/yangsan/Library/Python/3.7/lib/python/site-packages/mysql/connector/connection.py", line 570, in _open_connection
    self._socket.open_connection()
  File "/Users/yangsan/Library/Python/3.7/lib/python/site-packages/mysql/connector/network.py", line 609, in open_connection
    ) from err
mysql.connector.errors.InterfaceError: 2003: Can't connect to MySQL server on 'localhost:13306' (61 Connection refused)
[2025-04-12 11:00:17] ✗ MySQL数据导出失败，错误代码: 1
[2025-04-12 11:00:17] 本次执行完成，将在5分钟后再次执行
[2025-04-12 11:00:17] --------------------------------------------
[2025-04-12 11:05:17] 开始新的迭代 - 2025-04-12 11:05:17
[2025-04-12 11:05:17] ================================================
[2025-04-12 11:05:17]       客服数据处理流程自动化脚本 v2.0 (后台定时版)
[2025-04-12 11:05:17] ================================================
[2025-04-12 11:05:17] 开始执行处理流程
[2025-04-12 11:05:17] === 步骤1: 从MySQL导出数据到TXT ===
[2025-04-12 11:05:17] 执行: python mysql_to_txt.py
开始从MySQL导出数据到文本文件...
连接尝试 1/3...
连接失败: 2003: Can't connect to MySQL server on 'localhost:13306' (61 Connection refused)
等待 5 秒后重试...
连接尝试 2/3...
连接失败: 2003: Can't connect to MySQL server on 'localhost:13306' (61 Connection refused)
等待 5 秒后重试...
连接尝试 3/3...
连接失败: 2003: Can't connect to MySQL server on 'localhost:13306' (61 Connection refused)
达到最大重试次数，放弃连接
Traceback (most recent call last):
  File "/Users/yangsan/Library/Python/3.7/lib/python/site-packages/mysql/connector/network.py", line 600, in open_connection
    self.sock.connect(sockaddr)
ConnectionRefusedError: [Errno 61] Connection refused

The above exception was the direct cause of the following exception:

Traceback (most recent call last):
  File "mysql_to_txt.py", line 215, in <module>
    main()
  File "mysql_to_txt.py", line 178, in main
    connection = connect_to_mysql_with_retry()
  File "mysql_to_txt.py", line 32, in connect_to_mysql_with_retry
    connection = mysql.connector.connect(**DB_CONFIG)
  File "/Users/yangsan/Library/Python/3.7/lib/python/site-packages/mysql/connector/pooling.py", line 294, in connect
    return MySQLConnection(*args, **kwargs)
  File "/Users/yangsan/Library/Python/3.7/lib/python/site-packages/mysql/connector/connection.py", line 164, in __init__
    self.connect(**kwargs)
  File "/Users/yangsan/Library/Python/3.7/lib/python/site-packages/mysql/connector/abstracts.py", line 1181, in connect
    self._open_connection()
  File "/Users/yangsan/Library/Python/3.7/lib/python/site-packages/mysql/connector/connection.py", line 570, in _open_connection
    self._socket.open_connection()
  File "/Users/yangsan/Library/Python/3.7/lib/python/site-packages/mysql/connector/network.py", line 609, in open_connection
    ) from err
mysql.connector.errors.InterfaceError: 2003: Can't connect to MySQL server on 'localhost:13306' (61 Connection refused)
[2025-04-12 11:05:27] ✗ MySQL数据导出失败，错误代码: 1
[2025-04-12 11:05:27] 本次执行完成，将在5分钟后再次执行
[2025-04-12 11:05:27] --------------------------------------------
[2025-04-12 11:10:27] 开始新的迭代 - 2025-04-12 11:10:27
[2025-04-12 11:10:27] ================================================
[2025-04-12 11:10:27]       客服数据处理流程自动化脚本 v2.0 (后台定时版)
[2025-04-12 11:10:27] ================================================
[2025-04-12 11:10:27] 开始执行处理流程
[2025-04-12 11:10:27] === 步骤1: 从MySQL导出数据到TXT ===
[2025-04-12 11:10:27] 执行: python mysql_to_txt.py
开始从MySQL导出数据到文本文件...
连接尝试 1/3...
连接失败: 2003: Can't connect to MySQL server on 'localhost:13306' (61 Connection refused)
等待 5 秒后重试...
连接尝试 2/3...
连接失败: 2003: Can't connect to MySQL server on 'localhost:13306' (61 Connection refused)
等待 5 秒后重试...
连接尝试 3/3...
连接失败: 2003: Can't connect to MySQL server on 'localhost:13306' (61 Connection refused)
达到最大重试次数，放弃连接
Traceback (most recent call last):
  File "/Users/yangsan/Library/Python/3.7/lib/python/site-packages/mysql/connector/network.py", line 600, in open_connection
    self.sock.connect(sockaddr)
ConnectionRefusedError: [Errno 61] Connection refused

The above exception was the direct cause of the following exception:

Traceback (most recent call last):
  File "mysql_to_txt.py", line 215, in <module>
    main()
  File "mysql_to_txt.py", line 178, in main
    connection = connect_to_mysql_with_retry()
  File "mysql_to_txt.py", line 32, in connect_to_mysql_with_retry
    connection = mysql.connector.connect(**DB_CONFIG)
  File "/Users/yangsan/Library/Python/3.7/lib/python/site-packages/mysql/connector/pooling.py", line 294, in connect
    return MySQLConnection(*args, **kwargs)
  File "/Users/yangsan/Library/Python/3.7/lib/python/site-packages/mysql/connector/connection.py", line 164, in __init__
    self.connect(**kwargs)
  File "/Users/yangsan/Library/Python/3.7/lib/python/site-packages/mysql/connector/abstracts.py", line 1181, in connect
    self._open_connection()
  File "/Users/yangsan/Library/Python/3.7/lib/python/site-packages/mysql/connector/connection.py", line 570, in _open_connection
    self._socket.open_connection()
  File "/Users/yangsan/Library/Python/3.7/lib/python/site-packages/mysql/connector/network.py", line 609, in open_connection
    ) from err
mysql.connector.errors.InterfaceError: 2003: Can't connect to MySQL server on 'localhost:13306' (61 Connection refused)
[2025-04-12 11:10:38] ✗ MySQL数据导出失败，错误代码: 1
[2025-04-12 11:10:38] 本次执行完成，将在5分钟后再次执行
[2025-04-12 11:10:38] --------------------------------------------
[2025-04-12 11:15:38] 开始新的迭代 - 2025-04-12 11:15:38
[2025-04-12 11:15:38] ================================================
[2025-04-12 11:15:38]       客服数据处理流程自动化脚本 v2.0 (后台定时版)
[2025-04-12 11:15:38] ================================================
[2025-04-12 11:15:38] 开始执行处理流程
[2025-04-12 11:15:38] === 步骤1: 从MySQL导出数据到TXT ===
[2025-04-12 11:15:38] 执行: python mysql_to_txt.py
开始从MySQL导出数据到文本文件...
连接尝试 1/3...
连接失败: 2003: Can't connect to MySQL server on 'localhost:13306' (61 Connection refused)
等待 5 秒后重试...
连接尝试 2/3...
连接失败: 2003: Can't connect to MySQL server on 'localhost:13306' (61 Connection refused)
等待 5 秒后重试...
连接尝试 3/3...
连接失败: 2003: Can't connect to MySQL server on 'localhost:13306' (61 Connection refused)
达到最大重试次数，放弃连接
Traceback (most recent call last):
  File "/Users/yangsan/Library/Python/3.7/lib/python/site-packages/mysql/connector/network.py", line 600, in open_connection
    self.sock.connect(sockaddr)
ConnectionRefusedError: [Errno 61] Connection refused

The above exception was the direct cause of the following exception:

Traceback (most recent call last):
  File "mysql_to_txt.py", line 215, in <module>
    main()
  File "mysql_to_txt.py", line 178, in main
    connection = connect_to_mysql_with_retry()
  File "mysql_to_txt.py", line 32, in connect_to_mysql_with_retry
    connection = mysql.connector.connect(**DB_CONFIG)
  File "/Users/yangsan/Library/Python/3.7/lib/python/site-packages/mysql/connector/pooling.py", line 294, in connect
    return MySQLConnection(*args, **kwargs)
  File "/Users/yangsan/Library/Python/3.7/lib/python/site-packages/mysql/connector/connection.py", line 164, in __init__
    self.connect(**kwargs)
  File "/Users/yangsan/Library/Python/3.7/lib/python/site-packages/mysql/connector/abstracts.py", line 1181, in connect
    self._open_connection()
  File "/Users/yangsan/Library/Python/3.7/lib/python/site-packages/mysql/connector/connection.py", line 570, in _open_connection
    self._socket.open_connection()
  File "/Users/yangsan/Library/Python/3.7/lib/python/site-packages/mysql/connector/network.py", line 609, in open_connection
    ) from err
mysql.connector.errors.InterfaceError: 2003: Can't connect to MySQL server on 'localhost:13306' (61 Connection refused)
[2025-04-12 11:15:48] ✗ MySQL数据导出失败，错误代码: 1
[2025-04-12 11:15:48] 本次执行完成，将在5分钟后再次执行
[2025-04-12 11:15:48] --------------------------------------------
[2025-04-12 11:20:48] 开始新的迭代 - 2025-04-12 11:20:48
[2025-04-12 11:20:48] ================================================
[2025-04-12 11:20:48]       客服数据处理流程自动化脚本 v2.0 (后台定时版)
[2025-04-12 11:20:48] ================================================
[2025-04-12 11:20:48] 开始执行处理流程
[2025-04-12 11:20:48] === 步骤1: 从MySQL导出数据到TXT ===
[2025-04-12 11:20:48] 执行: python mysql_to_txt.py
开始从MySQL导出数据到文本文件...
连接尝试 1/3...
连接失败: 2003: Can't connect to MySQL server on 'localhost:13306' (61 Connection refused)
等待 5 秒后重试...
连接尝试 2/3...
连接失败: 2003: Can't connect to MySQL server on 'localhost:13306' (61 Connection refused)
等待 5 秒后重试...
连接尝试 3/3...
连接失败: 2003: Can't connect to MySQL server on 'localhost:13306' (61 Connection refused)
达到最大重试次数，放弃连接
Traceback (most recent call last):
  File "/Users/yangsan/Library/Python/3.7/lib/python/site-packages/mysql/connector/network.py", line 600, in open_connection
    self.sock.connect(sockaddr)
ConnectionRefusedError: [Errno 61] Connection refused

The above exception was the direct cause of the following exception:

Traceback (most recent call last):
  File "mysql_to_txt.py", line 215, in <module>
    main()
  File "mysql_to_txt.py", line 178, in main
    connection = connect_to_mysql_with_retry()
  File "mysql_to_txt.py", line 32, in connect_to_mysql_with_retry
    connection = mysql.connector.connect(**DB_CONFIG)
  File "/Users/yangsan/Library/Python/3.7/lib/python/site-packages/mysql/connector/pooling.py", line 294, in connect
    return MySQLConnection(*args, **kwargs)
  File "/Users/yangsan/Library/Python/3.7/lib/python/site-packages/mysql/connector/connection.py", line 164, in __init__
    self.connect(**kwargs)
  File "/Users/yangsan/Library/Python/3.7/lib/python/site-packages/mysql/connector/abstracts.py", line 1181, in connect
    self._open_connection()
  File "/Users/yangsan/Library/Python/3.7/lib/python/site-packages/mysql/connector/connection.py", line 570, in _open_connection
    self._socket.open_connection()
  File "/Users/yangsan/Library/Python/3.7/lib/python/site-packages/mysql/connector/network.py", line 609, in open_connection
    ) from err
mysql.connector.errors.InterfaceError: 2003: Can't connect to MySQL server on 'localhost:13306' (61 Connection refused)
[2025-04-12 11:20:58] ✗ MySQL数据导出失败，错误代码: 1
[2025-04-12 11:20:58] 本次执行完成，将在5分钟后再次执行
[2025-04-12 11:20:58] --------------------------------------------
[2025-04-12 11:25:58] 开始新的迭代 - 2025-04-12 11:25:58
[2025-04-12 11:25:58] ================================================
[2025-04-12 11:25:58]       客服数据处理流程自动化脚本 v2.0 (后台定时版)
[2025-04-12 11:25:58] ================================================
[2025-04-12 11:25:58] 开始执行处理流程
[2025-04-12 11:25:58] === 步骤1: 从MySQL导出数据到TXT ===
[2025-04-12 11:25:58] 执行: python mysql_to_txt.py
开始从MySQL导出数据到文本文件...
连接尝试 1/3...
连接失败: 2003: Can't connect to MySQL server on 'localhost:13306' (61 Connection refused)
等待 5 秒后重试...
连接尝试 2/3...
连接失败: 2003: Can't connect to MySQL server on 'localhost:13306' (61 Connection refused)
等待 5 秒后重试...
连接尝试 3/3...
连接失败: 2003: Can't connect to MySQL server on 'localhost:13306' (61 Connection refused)
达到最大重试次数，放弃连接
Traceback (most recent call last):
  File "/Users/yangsan/Library/Python/3.7/lib/python/site-packages/mysql/connector/network.py", line 600, in open_connection
    self.sock.connect(sockaddr)
ConnectionRefusedError: [Errno 61] Connection refused

The above exception was the direct cause of the following exception:

Traceback (most recent call last):
  File "mysql_to_txt.py", line 215, in <module>
    main()
  File "mysql_to_txt.py", line 178, in main
    connection = connect_to_mysql_with_retry()
  File "mysql_to_txt.py", line 32, in connect_to_mysql_with_retry
    connection = mysql.connector.connect(**DB_CONFIG)
  File "/Users/yangsan/Library/Python/3.7/lib/python/site-packages/mysql/connector/pooling.py", line 294, in connect
    return MySQLConnection(*args, **kwargs)
  File "/Users/yangsan/Library/Python/3.7/lib/python/site-packages/mysql/connector/connection.py", line 164, in __init__
    self.connect(**kwargs)
  File "/Users/yangsan/Library/Python/3.7/lib/python/site-packages/mysql/connector/abstracts.py", line 1181, in connect
    self._open_connection()
  File "/Users/yangsan/Library/Python/3.7/lib/python/site-packages/mysql/connector/connection.py", line 570, in _open_connection
    self._socket.open_connection()
  File "/Users/yangsan/Library/Python/3.7/lib/python/site-packages/mysql/connector/network.py", line 609, in open_connection
    ) from err
mysql.connector.errors.InterfaceError: 2003: Can't connect to MySQL server on 'localhost:13306' (61 Connection refused)
[2025-04-12 11:26:09] ✗ MySQL数据导出失败，错误代码: 1
[2025-04-12 11:26:09] 本次执行完成，将在5分钟后再次执行
[2025-04-12 11:26:09] --------------------------------------------
[2025-04-12 11:31:09] 开始新的迭代 - 2025-04-12 11:31:09
[2025-04-12 11:31:09] ================================================
[2025-04-12 11:31:09]       客服数据处理流程自动化脚本 v2.0 (后台定时版)
[2025-04-12 11:31:09] ================================================
[2025-04-12 11:31:09] 开始执行处理流程
[2025-04-12 11:31:09] === 步骤1: 从MySQL导出数据到TXT ===
[2025-04-12 11:31:09] 执行: python mysql_to_txt.py
开始从MySQL导出数据到文本文件...
连接尝试 1/3...
连接失败: 2003: Can't connect to MySQL server on 'localhost:13306' (61 Connection refused)
等待 5 秒后重试...
连接尝试 2/3...
连接失败: 2003: Can't connect to MySQL server on 'localhost:13306' (61 Connection refused)
等待 5 秒后重试...
连接尝试 3/3...
连接失败: 2003: Can't connect to MySQL server on 'localhost:13306' (61 Connection refused)
达到最大重试次数，放弃连接
Traceback (most recent call last):
  File "/Users/yangsan/Library/Python/3.7/lib/python/site-packages/mysql/connector/network.py", line 600, in open_connection
    self.sock.connect(sockaddr)
ConnectionRefusedError: [Errno 61] Connection refused

The above exception was the direct cause of the following exception:

Traceback (most recent call last):
  File "mysql_to_txt.py", line 215, in <module>
    main()
  File "mysql_to_txt.py", line 178, in main
    connection = connect_to_mysql_with_retry()
  File "mysql_to_txt.py", line 32, in connect_to_mysql_with_retry
    connection = mysql.connector.connect(**DB_CONFIG)
  File "/Users/yangsan/Library/Python/3.7/lib/python/site-packages/mysql/connector/pooling.py", line 294, in connect
    return MySQLConnection(*args, **kwargs)
  File "/Users/yangsan/Library/Python/3.7/lib/python/site-packages/mysql/connector/connection.py", line 164, in __init__
    self.connect(**kwargs)
  File "/Users/yangsan/Library/Python/3.7/lib/python/site-packages/mysql/connector/abstracts.py", line 1181, in connect
    self._open_connection()
  File "/Users/yangsan/Library/Python/3.7/lib/python/site-packages/mysql/connector/connection.py", line 570, in _open_connection
    self._socket.open_connection()
  File "/Users/yangsan/Library/Python/3.7/lib/python/site-packages/mysql/connector/network.py", line 609, in open_connection
    ) from err
mysql.connector.errors.InterfaceError: 2003: Can't connect to MySQL server on 'localhost:13306' (61 Connection refused)
[2025-04-12 11:31:19] ✗ MySQL数据导出失败，错误代码: 1
[2025-04-12 11:31:19] 本次执行完成，将在5分钟后再次执行
[2025-04-12 11:31:19] --------------------------------------------
[2025-04-12 11:36:19] 开始新的迭代 - 2025-04-12 11:36:19
[2025-04-12 11:36:19] ================================================
[2025-04-12 11:36:19]       客服数据处理流程自动化脚本 v2.0 (后台定时版)
[2025-04-12 11:36:19] ================================================
[2025-04-12 11:36:19] 开始执行处理流程
[2025-04-12 11:36:19] === 步骤1: 从MySQL导出数据到TXT ===
[2025-04-12 11:36:19] 执行: python mysql_to_txt.py
开始从MySQL导出数据到文本文件...
连接尝试 1/3...
连接失败: 2003: Can't connect to MySQL server on 'localhost:13306' (61 Connection refused)
等待 5 秒后重试...
连接尝试 2/3...
连接失败: 2003: Can't connect to MySQL server on 'localhost:13306' (61 Connection refused)
等待 5 秒后重试...
连接尝试 3/3...
连接失败: 2003: Can't connect to MySQL server on 'localhost:13306' (61 Connection refused)
达到最大重试次数，放弃连接
Traceback (most recent call last):
  File "/Users/yangsan/Library/Python/3.7/lib/python/site-packages/mysql/connector/network.py", line 600, in open_connection
    self.sock.connect(sockaddr)
ConnectionRefusedError: [Errno 61] Connection refused

The above exception was the direct cause of the following exception:

Traceback (most recent call last):
  File "mysql_to_txt.py", line 215, in <module>
    main()
  File "mysql_to_txt.py", line 178, in main
    connection = connect_to_mysql_with_retry()
  File "mysql_to_txt.py", line 32, in connect_to_mysql_with_retry
    connection = mysql.connector.connect(**DB_CONFIG)
  File "/Users/yangsan/Library/Python/3.7/lib/python/site-packages/mysql/connector/pooling.py", line 294, in connect
    return MySQLConnection(*args, **kwargs)
  File "/Users/yangsan/Library/Python/3.7/lib/python/site-packages/mysql/connector/connection.py", line 164, in __init__
    self.connect(**kwargs)
  File "/Users/yangsan/Library/Python/3.7/lib/python/site-packages/mysql/connector/abstracts.py", line 1181, in connect
    self._open_connection()
  File "/Users/yangsan/Library/Python/3.7/lib/python/site-packages/mysql/connector/connection.py", line 570, in _open_connection
    self._socket.open_connection()
  File "/Users/yangsan/Library/Python/3.7/lib/python/site-packages/mysql/connector/network.py", line 609, in open_connection
    ) from err
mysql.connector.errors.InterfaceError: 2003: Can't connect to MySQL server on 'localhost:13306' (61 Connection refused)
[2025-04-12 11:36:30] ✗ MySQL数据导出失败，错误代码: 1
[2025-04-12 11:36:30] 本次执行完成，将在5分钟后再次执行
[2025-04-12 11:36:30] --------------------------------------------
[2025-04-12 11:41:30] 开始新的迭代 - 2025-04-12 11:41:30
[2025-04-12 11:41:30] ================================================
[2025-04-12 11:41:30]       客服数据处理流程自动化脚本 v2.0 (后台定时版)
[2025-04-12 11:41:30] ================================================
[2025-04-12 11:41:30] 开始执行处理流程
[2025-04-12 11:41:30] === 步骤1: 从MySQL导出数据到TXT ===
[2025-04-12 11:41:30] 执行: python mysql_to_txt.py
开始从MySQL导出数据到文本文件...
连接尝试 1/3...
连接失败: 2003: Can't connect to MySQL server on 'localhost:13306' (61 Connection refused)
等待 5 秒后重试...
连接尝试 2/3...
连接失败: 2003: Can't connect to MySQL server on 'localhost:13306' (61 Connection refused)
等待 5 秒后重试...
连接尝试 3/3...
连接失败: 2003: Can't connect to MySQL server on 'localhost:13306' (61 Connection refused)
达到最大重试次数，放弃连接
Traceback (most recent call last):
  File "/Users/yangsan/Library/Python/3.7/lib/python/site-packages/mysql/connector/network.py", line 600, in open_connection
    self.sock.connect(sockaddr)
ConnectionRefusedError: [Errno 61] Connection refused

The above exception was the direct cause of the following exception:

Traceback (most recent call last):
  File "mysql_to_txt.py", line 215, in <module>
    main()
  File "mysql_to_txt.py", line 178, in main
    connection = connect_to_mysql_with_retry()
  File "mysql_to_txt.py", line 32, in connect_to_mysql_with_retry
    connection = mysql.connector.connect(**DB_CONFIG)
  File "/Users/yangsan/Library/Python/3.7/lib/python/site-packages/mysql/connector/pooling.py", line 294, in connect
    return MySQLConnection(*args, **kwargs)
  File "/Users/yangsan/Library/Python/3.7/lib/python/site-packages/mysql/connector/connection.py", line 164, in __init__
    self.connect(**kwargs)
  File "/Users/yangsan/Library/Python/3.7/lib/python/site-packages/mysql/connector/abstracts.py", line 1181, in connect
    self._open_connection()
  File "/Users/yangsan/Library/Python/3.7/lib/python/site-packages/mysql/connector/connection.py", line 570, in _open_connection
    self._socket.open_connection()
  File "/Users/yangsan/Library/Python/3.7/lib/python/site-packages/mysql/connector/network.py", line 609, in open_connection
    ) from err
mysql.connector.errors.InterfaceError: 2003: Can't connect to MySQL server on 'localhost:13306' (61 Connection refused)
[2025-04-12 11:41:40] ✗ MySQL数据导出失败，错误代码: 1
[2025-04-12 11:41:40] 本次执行完成，将在5分钟后再次执行
[2025-04-12 11:41:40] --------------------------------------------
[2025-04-12 11:46:40] 开始新的迭代 - 2025-04-12 11:46:40
[2025-04-12 11:46:40] ================================================
[2025-04-12 11:46:40]       客服数据处理流程自动化脚本 v2.0 (后台定时版)
[2025-04-12 11:46:40] ================================================
[2025-04-12 11:46:40] 开始执行处理流程
[2025-04-12 11:46:40] === 步骤1: 从MySQL导出数据到TXT ===
[2025-04-12 11:46:40] 执行: python mysql_to_txt.py
开始从MySQL导出数据到文本文件...
连接尝试 1/3...
连接失败: 2003: Can't connect to MySQL server on 'localhost:13306' (61 Connection refused)
等待 5 秒后重试...
连接尝试 2/3...
连接失败: 2003: Can't connect to MySQL server on 'localhost:13306' (61 Connection refused)
等待 5 秒后重试...
连接尝试 3/3...
连接失败: 2003: Can't connect to MySQL server on 'localhost:13306' (61 Connection refused)
达到最大重试次数，放弃连接
Traceback (most recent call last):
  File "/Users/yangsan/Library/Python/3.7/lib/python/site-packages/mysql/connector/network.py", line 600, in open_connection
    self.sock.connect(sockaddr)
ConnectionRefusedError: [Errno 61] Connection refused

The above exception was the direct cause of the following exception:

Traceback (most recent call last):
  File "mysql_to_txt.py", line 215, in <module>
    main()
  File "mysql_to_txt.py", line 178, in main
    connection = connect_to_mysql_with_retry()
  File "mysql_to_txt.py", line 32, in connect_to_mysql_with_retry
    connection = mysql.connector.connect(**DB_CONFIG)
  File "/Users/yangsan/Library/Python/3.7/lib/python/site-packages/mysql/connector/pooling.py", line 294, in connect
    return MySQLConnection(*args, **kwargs)
  File "/Users/yangsan/Library/Python/3.7/lib/python/site-packages/mysql/connector/connection.py", line 164, in __init__
    self.connect(**kwargs)
  File "/Users/yangsan/Library/Python/3.7/lib/python/site-packages/mysql/connector/abstracts.py", line 1181, in connect
    self._open_connection()
  File "/Users/yangsan/Library/Python/3.7/lib/python/site-packages/mysql/connector/connection.py", line 570, in _open_connection
    self._socket.open_connection()
  File "/Users/yangsan/Library/Python/3.7/lib/python/site-packages/mysql/connector/network.py", line 609, in open_connection
    ) from err
mysql.connector.errors.InterfaceError: 2003: Can't connect to MySQL server on 'localhost:13306' (61 Connection refused)
[2025-04-12 11:46:51] ✗ MySQL数据导出失败，错误代码: 1
[2025-04-12 11:46:51] 本次执行完成，将在5分钟后再次执行
[2025-04-12 11:46:51] --------------------------------------------
[2025-04-12 11:51:51] 开始新的迭代 - 2025-04-12 11:51:51
[2025-04-12 11:51:51] ================================================
[2025-04-12 11:51:51]       客服数据处理流程自动化脚本 v2.0 (后台定时版)
[2025-04-12 11:51:51] ================================================
[2025-04-12 11:51:51] 开始执行处理流程
[2025-04-12 11:51:51] === 步骤1: 从MySQL导出数据到TXT ===
[2025-04-12 11:51:51] 执行: python mysql_to_txt.py
开始从MySQL导出数据到文本文件...
连接尝试 1/3...
连接失败: 2003: Can't connect to MySQL server on 'localhost:13306' (61 Connection refused)
等待 5 秒后重试...
连接尝试 2/3...
连接失败: 2003: Can't connect to MySQL server on 'localhost:13306' (61 Connection refused)
等待 5 秒后重试...
连接尝试 3/3...
连接失败: 2003: Can't connect to MySQL server on 'localhost:13306' (61 Connection refused)
达到最大重试次数，放弃连接
Traceback (most recent call last):
  File "/Users/yangsan/Library/Python/3.7/lib/python/site-packages/mysql/connector/network.py", line 600, in open_connection
    self.sock.connect(sockaddr)
ConnectionRefusedError: [Errno 61] Connection refused

The above exception was the direct cause of the following exception:

Traceback (most recent call last):
  File "mysql_to_txt.py", line 215, in <module>
    main()
  File "mysql_to_txt.py", line 178, in main
    connection = connect_to_mysql_with_retry()
  File "mysql_to_txt.py", line 32, in connect_to_mysql_with_retry
    connection = mysql.connector.connect(**DB_CONFIG)
  File "/Users/yangsan/Library/Python/3.7/lib/python/site-packages/mysql/connector/pooling.py", line 294, in connect
    return MySQLConnection(*args, **kwargs)
  File "/Users/yangsan/Library/Python/3.7/lib/python/site-packages/mysql/connector/connection.py", line 164, in __init__
    self.connect(**kwargs)
  File "/Users/yangsan/Library/Python/3.7/lib/python/site-packages/mysql/connector/abstracts.py", line 1181, in connect
    self._open_connection()
  File "/Users/yangsan/Library/Python/3.7/lib/python/site-packages/mysql/connector/connection.py", line 570, in _open_connection
    self._socket.open_connection()
  File "/Users/yangsan/Library/Python/3.7/lib/python/site-packages/mysql/connector/network.py", line 609, in open_connection
    ) from err
mysql.connector.errors.InterfaceError: 2003: Can't connect to MySQL server on 'localhost:13306' (61 Connection refused)
[2025-04-12 11:52:01] ✗ MySQL数据导出失败，错误代码: 1
[2025-04-12 11:52:01] 本次执行完成，将在5分钟后再次执行
[2025-04-12 11:52:01] --------------------------------------------
[2025-04-12 11:57:01] 开始新的迭代 - 2025-04-12 11:57:01
[2025-04-12 11:57:01] ================================================
[2025-04-12 11:57:01]       客服数据处理流程自动化脚本 v2.0 (后台定时版)
[2025-04-12 11:57:01] ================================================
[2025-04-12 11:57:01] 开始执行处理流程
[2025-04-12 11:57:01] === 步骤1: 从MySQL导出数据到TXT ===
[2025-04-12 11:57:01] 执行: python mysql_to_txt.py
开始从MySQL导出数据到文本文件...
连接尝试 1/3...
连接失败: 2003: Can't connect to MySQL server on 'localhost:13306' (61 Connection refused)
等待 5 秒后重试...
连接尝试 2/3...
连接失败: 2003: Can't connect to MySQL server on 'localhost:13306' (61 Connection refused)
等待 5 秒后重试...
连接尝试 3/3...
连接失败: 2003: Can't connect to MySQL server on 'localhost:13306' (61 Connection refused)
达到最大重试次数，放弃连接
Traceback (most recent call last):
  File "/Users/yangsan/Library/Python/3.7/lib/python/site-packages/mysql/connector/network.py", line 600, in open_connection
    self.sock.connect(sockaddr)
ConnectionRefusedError: [Errno 61] Connection refused

The above exception was the direct cause of the following exception:

Traceback (most recent call last):
  File "mysql_to_txt.py", line 215, in <module>
    main()
  File "mysql_to_txt.py", line 178, in main
    connection = connect_to_mysql_with_retry()
  File "mysql_to_txt.py", line 32, in connect_to_mysql_with_retry
    connection = mysql.connector.connect(**DB_CONFIG)
  File "/Users/yangsan/Library/Python/3.7/lib/python/site-packages/mysql/connector/pooling.py", line 294, in connect
    return MySQLConnection(*args, **kwargs)
  File "/Users/yangsan/Library/Python/3.7/lib/python/site-packages/mysql/connector/connection.py", line 164, in __init__
    self.connect(**kwargs)
  File "/Users/yangsan/Library/Python/3.7/lib/python/site-packages/mysql/connector/abstracts.py", line 1181, in connect
    self._open_connection()
  File "/Users/yangsan/Library/Python/3.7/lib/python/site-packages/mysql/connector/connection.py", line 570, in _open_connection
    self._socket.open_connection()
  File "/Users/yangsan/Library/Python/3.7/lib/python/site-packages/mysql/connector/network.py", line 609, in open_connection
    ) from err
mysql.connector.errors.InterfaceError: 2003: Can't connect to MySQL server on 'localhost:13306' (61 Connection refused)
[2025-04-12 11:57:12] ✗ MySQL数据导出失败，错误代码: 1
[2025-04-12 11:57:12] 本次执行完成，将在5分钟后再次执行
[2025-04-12 11:57:12] --------------------------------------------
[2025-04-12 12:02:12] 开始新的迭代 - 2025-04-12 12:02:12
[2025-04-12 12:02:12] ================================================
[2025-04-12 12:02:12]       客服数据处理流程自动化脚本 v2.0 (后台定时版)
[2025-04-12 12:02:12] ================================================
[2025-04-12 12:02:12] 开始执行处理流程
[2025-04-12 12:02:12] === 步骤1: 从MySQL导出数据到TXT ===
[2025-04-12 12:02:12] 执行: python mysql_to_txt.py
开始从MySQL导出数据到文本文件...
连接尝试 1/3...
连接失败: 2003: Can't connect to MySQL server on 'localhost:13306' (61 Connection refused)
等待 5 秒后重试...
连接尝试 2/3...
连接失败: 2003: Can't connect to MySQL server on 'localhost:13306' (61 Connection refused)
等待 5 秒后重试...
连接尝试 3/3...
连接失败: 2003: Can't connect to MySQL server on 'localhost:13306' (61 Connection refused)
达到最大重试次数，放弃连接
Traceback (most recent call last):
  File "/Users/yangsan/Library/Python/3.7/lib/python/site-packages/mysql/connector/network.py", line 600, in open_connection
    self.sock.connect(sockaddr)
ConnectionRefusedError: [Errno 61] Connection refused

The above exception was the direct cause of the following exception:

Traceback (most recent call last):
  File "mysql_to_txt.py", line 215, in <module>
    main()
  File "mysql_to_txt.py", line 178, in main
    connection = connect_to_mysql_with_retry()
  File "mysql_to_txt.py", line 32, in connect_to_mysql_with_retry
    connection = mysql.connector.connect(**DB_CONFIG)
  File "/Users/yangsan/Library/Python/3.7/lib/python/site-packages/mysql/connector/pooling.py", line 294, in connect
    return MySQLConnection(*args, **kwargs)
  File "/Users/yangsan/Library/Python/3.7/lib/python/site-packages/mysql/connector/connection.py", line 164, in __init__
    self.connect(**kwargs)
  File "/Users/yangsan/Library/Python/3.7/lib/python/site-packages/mysql/connector/abstracts.py", line 1181, in connect
    self._open_connection()
  File "/Users/yangsan/Library/Python/3.7/lib/python/site-packages/mysql/connector/connection.py", line 570, in _open_connection
    self._socket.open_connection()
  File "/Users/yangsan/Library/Python/3.7/lib/python/site-packages/mysql/connector/network.py", line 609, in open_connection
    ) from err
mysql.connector.errors.InterfaceError: 2003: Can't connect to MySQL server on 'localhost:13306' (61 Connection refused)
[2025-04-12 12:02:22] ✗ MySQL数据导出失败，错误代码: 1
[2025-04-12 12:02:22] 本次执行完成，将在5分钟后再次执行
[2025-04-12 12:02:22] --------------------------------------------
[2025-04-12 12:07:22] 开始新的迭代 - 2025-04-12 12:07:22
[2025-04-12 12:07:22] ================================================
[2025-04-12 12:07:22]       客服数据处理流程自动化脚本 v2.0 (后台定时版)
[2025-04-12 12:07:22] ================================================
[2025-04-12 12:07:22] 开始执行处理流程
[2025-04-12 12:07:22] === 步骤1: 从MySQL导出数据到TXT ===
[2025-04-12 12:07:22] 执行: python mysql_to_txt.py
开始从MySQL导出数据到文本文件...
连接尝试 1/3...
连接失败: 2003: Can't connect to MySQL server on 'localhost:13306' (61 Connection refused)
等待 5 秒后重试...
连接尝试 2/3...
连接失败: 2003: Can't connect to MySQL server on 'localhost:13306' (61 Connection refused)
等待 5 秒后重试...
连接尝试 3/3...
连接失败: 2003: Can't connect to MySQL server on 'localhost:13306' (61 Connection refused)
达到最大重试次数，放弃连接
Traceback (most recent call last):
  File "/Users/yangsan/Library/Python/3.7/lib/python/site-packages/mysql/connector/network.py", line 600, in open_connection
    self.sock.connect(sockaddr)
ConnectionRefusedError: [Errno 61] Connection refused

The above exception was the direct cause of the following exception:

Traceback (most recent call last):
  File "mysql_to_txt.py", line 215, in <module>
    main()
  File "mysql_to_txt.py", line 178, in main
    connection = connect_to_mysql_with_retry()
  File "mysql_to_txt.py", line 32, in connect_to_mysql_with_retry
    connection = mysql.connector.connect(**DB_CONFIG)
  File "/Users/yangsan/Library/Python/3.7/lib/python/site-packages/mysql/connector/pooling.py", line 294, in connect
    return MySQLConnection(*args, **kwargs)
  File "/Users/yangsan/Library/Python/3.7/lib/python/site-packages/mysql/connector/connection.py", line 164, in __init__
    self.connect(**kwargs)
  File "/Users/yangsan/Library/Python/3.7/lib/python/site-packages/mysql/connector/abstracts.py", line 1181, in connect
    self._open_connection()
  File "/Users/yangsan/Library/Python/3.7/lib/python/site-packages/mysql/connector/connection.py", line 570, in _open_connection
    self._socket.open_connection()
  File "/Users/yangsan/Library/Python/3.7/lib/python/site-packages/mysql/connector/network.py", line 609, in open_connection
    ) from err
mysql.connector.errors.InterfaceError: 2003: Can't connect to MySQL server on 'localhost:13306' (61 Connection refused)
[2025-04-12 12:07:33] ✗ MySQL数据导出失败，错误代码: 1
[2025-04-12 12:07:33] 本次执行完成，将在5分钟后再次执行
[2025-04-12 12:07:33] --------------------------------------------
[2025-04-12 12:12:33] 开始新的迭代 - 2025-04-12 12:12:33
[2025-04-12 12:12:33] ================================================
[2025-04-12 12:12:33]       客服数据处理流程自动化脚本 v2.0 (后台定时版)
[2025-04-12 12:12:33] ================================================
[2025-04-12 12:12:33] 开始执行处理流程
[2025-04-12 12:12:33] === 步骤1: 从MySQL导出数据到TXT ===
[2025-04-12 12:12:33] 执行: python mysql_to_txt.py
开始从MySQL导出数据到文本文件...
连接尝试 1/3...
连接失败: 2003: Can't connect to MySQL server on 'localhost:13306' (61 Connection refused)
等待 5 秒后重试...
连接尝试 2/3...
连接失败: 2003: Can't connect to MySQL server on 'localhost:13306' (61 Connection refused)
等待 5 秒后重试...
连接尝试 3/3...
连接失败: 2003: Can't connect to MySQL server on 'localhost:13306' (61 Connection refused)
达到最大重试次数，放弃连接
Traceback (most recent call last):
  File "/Users/yangsan/Library/Python/3.7/lib/python/site-packages/mysql/connector/network.py", line 600, in open_connection
    self.sock.connect(sockaddr)
ConnectionRefusedError: [Errno 61] Connection refused

The above exception was the direct cause of the following exception:

Traceback (most recent call last):
  File "mysql_to_txt.py", line 215, in <module>
    main()
  File "mysql_to_txt.py", line 178, in main
    connection = connect_to_mysql_with_retry()
  File "mysql_to_txt.py", line 32, in connect_to_mysql_with_retry
    connection = mysql.connector.connect(**DB_CONFIG)
  File "/Users/yangsan/Library/Python/3.7/lib/python/site-packages/mysql/connector/pooling.py", line 294, in connect
    return MySQLConnection(*args, **kwargs)
  File "/Users/yangsan/Library/Python/3.7/lib/python/site-packages/mysql/connector/connection.py", line 164, in __init__
    self.connect(**kwargs)
  File "/Users/yangsan/Library/Python/3.7/lib/python/site-packages/mysql/connector/abstracts.py", line 1181, in connect
    self._open_connection()
  File "/Users/yangsan/Library/Python/3.7/lib/python/site-packages/mysql/connector/connection.py", line 570, in _open_connection
    self._socket.open_connection()
  File "/Users/yangsan/Library/Python/3.7/lib/python/site-packages/mysql/connector/network.py", line 609, in open_connection
    ) from err
mysql.connector.errors.InterfaceError: 2003: Can't connect to MySQL server on 'localhost:13306' (61 Connection refused)
[2025-04-12 12:12:43] ✗ MySQL数据导出失败，错误代码: 1
[2025-04-12 12:12:43] 本次执行完成，将在5分钟后再次执行
[2025-04-12 12:12:43] --------------------------------------------
[2025-04-12 12:17:43] 开始新的迭代 - 2025-04-12 12:17:43
[2025-04-12 12:17:43] ================================================
[2025-04-12 12:17:43]       客服数据处理流程自动化脚本 v2.0 (后台定时版)
[2025-04-12 12:17:43] ================================================
[2025-04-12 12:17:43] 开始执行处理流程
[2025-04-12 12:17:43] === 步骤1: 从MySQL导出数据到TXT ===
[2025-04-12 12:17:43] 执行: python mysql_to_txt.py
开始从MySQL导出数据到文本文件...
连接尝试 1/3...
连接失败: 2003: Can't connect to MySQL server on 'localhost:13306' (61 Connection refused)
等待 5 秒后重试...
连接尝试 2/3...
连接失败: 2003: Can't connect to MySQL server on 'localhost:13306' (61 Connection refused)
等待 5 秒后重试...
连接尝试 3/3...
连接失败: 2003: Can't connect to MySQL server on 'localhost:13306' (61 Connection refused)
达到最大重试次数，放弃连接
Traceback (most recent call last):
  File "/Users/yangsan/Library/Python/3.7/lib/python/site-packages/mysql/connector/network.py", line 600, in open_connection
    self.sock.connect(sockaddr)
ConnectionRefusedError: [Errno 61] Connection refused

The above exception was the direct cause of the following exception:

Traceback (most recent call last):
  File "mysql_to_txt.py", line 215, in <module>
    main()
  File "mysql_to_txt.py", line 178, in main
    connection = connect_to_mysql_with_retry()
  File "mysql_to_txt.py", line 32, in connect_to_mysql_with_retry
    connection = mysql.connector.connect(**DB_CONFIG)
  File "/Users/yangsan/Library/Python/3.7/lib/python/site-packages/mysql/connector/pooling.py", line 294, in connect
    return MySQLConnection(*args, **kwargs)
  File "/Users/yangsan/Library/Python/3.7/lib/python/site-packages/mysql/connector/connection.py", line 164, in __init__
    self.connect(**kwargs)
  File "/Users/yangsan/Library/Python/3.7/lib/python/site-packages/mysql/connector/abstracts.py", line 1181, in connect
    self._open_connection()
  File "/Users/yangsan/Library/Python/3.7/lib/python/site-packages/mysql/connector/connection.py", line 570, in _open_connection
    self._socket.open_connection()
  File "/Users/yangsan/Library/Python/3.7/lib/python/site-packages/mysql/connector/network.py", line 609, in open_connection
    ) from err
mysql.connector.errors.InterfaceError: 2003: Can't connect to MySQL server on 'localhost:13306' (61 Connection refused)
[2025-04-12 12:17:53] ✗ MySQL数据导出失败，错误代码: 1
[2025-04-12 12:17:53] 本次执行完成，将在5分钟后再次执行
[2025-04-12 12:17:53] --------------------------------------------
[2025-04-12 12:22:53] 开始新的迭代 - 2025-04-12 12:22:53
[2025-04-12 12:22:53] ================================================
[2025-04-12 12:22:53]       客服数据处理流程自动化脚本 v2.0 (后台定时版)
[2025-04-12 12:22:53] ================================================
[2025-04-12 12:22:53] 开始执行处理流程
[2025-04-12 12:22:53] === 步骤1: 从MySQL导出数据到TXT ===
[2025-04-12 12:22:53] 执行: python mysql_to_txt.py
开始从MySQL导出数据到文本文件...
连接尝试 1/3...
连接失败: 2003: Can't connect to MySQL server on 'localhost:13306' (61 Connection refused)
等待 5 秒后重试...
连接尝试 2/3...
连接失败: 2003: Can't connect to MySQL server on 'localhost:13306' (61 Connection refused)
等待 5 秒后重试...
连接尝试 3/3...
连接失败: 2003: Can't connect to MySQL server on 'localhost:13306' (61 Connection refused)
达到最大重试次数，放弃连接
Traceback (most recent call last):
  File "/Users/yangsan/Library/Python/3.7/lib/python/site-packages/mysql/connector/network.py", line 600, in open_connection
    self.sock.connect(sockaddr)
ConnectionRefusedError: [Errno 61] Connection refused

The above exception was the direct cause of the following exception:

Traceback (most recent call last):
  File "mysql_to_txt.py", line 215, in <module>
    main()
  File "mysql_to_txt.py", line 178, in main
    connection = connect_to_mysql_with_retry()
  File "mysql_to_txt.py", line 32, in connect_to_mysql_with_retry
    connection = mysql.connector.connect(**DB_CONFIG)
  File "/Users/yangsan/Library/Python/3.7/lib/python/site-packages/mysql/connector/pooling.py", line 294, in connect
    return MySQLConnection(*args, **kwargs)
  File "/Users/yangsan/Library/Python/3.7/lib/python/site-packages/mysql/connector/connection.py", line 164, in __init__
    self.connect(**kwargs)
  File "/Users/yangsan/Library/Python/3.7/lib/python/site-packages/mysql/connector/abstracts.py", line 1181, in connect
    self._open_connection()
  File "/Users/yangsan/Library/Python/3.7/lib/python/site-packages/mysql/connector/connection.py", line 570, in _open_connection
    self._socket.open_connection()
  File "/Users/yangsan/Library/Python/3.7/lib/python/site-packages/mysql/connector/network.py", line 609, in open_connection
    ) from err
mysql.connector.errors.InterfaceError: 2003: Can't connect to MySQL server on 'localhost:13306' (61 Connection refused)
[2025-04-12 12:23:04] ✗ MySQL数据导出失败，错误代码: 1
[2025-04-12 12:23:04] 本次执行完成，将在5分钟后再次执行
[2025-04-12 12:23:04] --------------------------------------------
[2025-04-12 12:56:58] 开始新的迭代 - 2025-04-12 12:56:58
[2025-04-12 12:56:58] ================================================
[2025-04-12 12:56:58]       客服数据处理流程自动化脚本 v2.0 (后台定时版)
[2025-04-12 12:56:58] ================================================
[2025-04-12 12:56:58] 开始执行处理流程
[2025-04-12 12:56:58] === 步骤1: 从MySQL导出数据到TXT ===
[2025-04-12 12:56:58] 执行: python mysql_to_txt.py
开始从MySQL导出数据到文本文件...
连接尝试 1/3...
连接失败: 2003: Can't connect to MySQL server on 'localhost:13306' (61 Connection refused)
等待 5 秒后重试...
连接尝试 2/3...
连接失败: 2003: Can't connect to MySQL server on 'localhost:13306' (61 Connection refused)
等待 5 秒后重试...
连接尝试 3/3...
连接失败: 2003: Can't connect to MySQL server on 'localhost:13306' (61 Connection refused)
达到最大重试次数，放弃连接
Traceback (most recent call last):
  File "/Users/yangsan/Library/Python/3.7/lib/python/site-packages/mysql/connector/network.py", line 600, in open_connection
    self.sock.connect(sockaddr)
ConnectionRefusedError: [Errno 61] Connection refused

The above exception was the direct cause of the following exception:

Traceback (most recent call last):
  File "mysql_to_txt.py", line 215, in <module>
    main()
  File "mysql_to_txt.py", line 178, in main
    connection = connect_to_mysql_with_retry()
  File "mysql_to_txt.py", line 32, in connect_to_mysql_with_retry
    connection = mysql.connector.connect(**DB_CONFIG)
  File "/Users/yangsan/Library/Python/3.7/lib/python/site-packages/mysql/connector/pooling.py", line 294, in connect
    return MySQLConnection(*args, **kwargs)
  File "/Users/yangsan/Library/Python/3.7/lib/python/site-packages/mysql/connector/connection.py", line 164, in __init__
    self.connect(**kwargs)
  File "/Users/yangsan/Library/Python/3.7/lib/python/site-packages/mysql/connector/abstracts.py", line 1181, in connect
    self._open_connection()
  File "/Users/yangsan/Library/Python/3.7/lib/python/site-packages/mysql/connector/connection.py", line 570, in _open_connection
    self._socket.open_connection()
  File "/Users/yangsan/Library/Python/3.7/lib/python/site-packages/mysql/connector/network.py", line 609, in open_connection
    ) from err
mysql.connector.errors.InterfaceError: 2003: Can't connect to MySQL server on 'localhost:13306' (61 Connection refused)
[2025-04-12 12:57:09] ✗ MySQL数据导出失败，错误代码: 1
[2025-04-12 12:57:09] 本次执行完成，将在5分钟后再次执行
[2025-04-12 12:57:09] --------------------------------------------
[2025-04-12 13:02:09] 开始新的迭代 - 2025-04-12 13:02:09
[2025-04-12 13:02:09] ================================================
[2025-04-12 13:02:09]       客服数据处理流程自动化脚本 v2.0 (后台定时版)
[2025-04-12 13:02:09] ================================================
[2025-04-12 13:02:09] 开始执行处理流程
[2025-04-12 13:02:09] === 步骤1: 从MySQL导出数据到TXT ===
[2025-04-12 13:02:09] 执行: python mysql_to_txt.py
开始从MySQL导出数据到文本文件...
连接尝试 1/3...
连接失败: 2003: Can't connect to MySQL server on 'localhost:13306' (61 Connection refused)
等待 5 秒后重试...
连接尝试 2/3...
连接失败: 2003: Can't connect to MySQL server on 'localhost:13306' (61 Connection refused)
等待 5 秒后重试...
连接尝试 3/3...
连接失败: 2003: Can't connect to MySQL server on 'localhost:13306' (61 Connection refused)
达到最大重试次数，放弃连接
Traceback (most recent call last):
  File "/Users/yangsan/Library/Python/3.7/lib/python/site-packages/mysql/connector/network.py", line 600, in open_connection
    self.sock.connect(sockaddr)
ConnectionRefusedError: [Errno 61] Connection refused

The above exception was the direct cause of the following exception:

Traceback (most recent call last):
  File "mysql_to_txt.py", line 215, in <module>
    main()
  File "mysql_to_txt.py", line 178, in main
    connection = connect_to_mysql_with_retry()
  File "mysql_to_txt.py", line 32, in connect_to_mysql_with_retry
    connection = mysql.connector.connect(**DB_CONFIG)
  File "/Users/yangsan/Library/Python/3.7/lib/python/site-packages/mysql/connector/pooling.py", line 294, in connect
    return MySQLConnection(*args, **kwargs)
  File "/Users/yangsan/Library/Python/3.7/lib/python/site-packages/mysql/connector/connection.py", line 164, in __init__
    self.connect(**kwargs)
  File "/Users/yangsan/Library/Python/3.7/lib/python/site-packages/mysql/connector/abstracts.py", line 1181, in connect
    self._open_connection()
  File "/Users/yangsan/Library/Python/3.7/lib/python/site-packages/mysql/connector/connection.py", line 570, in _open_connection
    self._socket.open_connection()
  File "/Users/yangsan/Library/Python/3.7/lib/python/site-packages/mysql/connector/network.py", line 609, in open_connection
    ) from err
mysql.connector.errors.InterfaceError: 2003: Can't connect to MySQL server on 'localhost:13306' (61 Connection refused)
[2025-04-12 13:02:19] ✗ MySQL数据导出失败，错误代码: 1
[2025-04-12 13:02:19] 本次执行完成，将在5分钟后再次执行
[2025-04-12 13:02:19] --------------------------------------------
[2025-04-12 13:07:19] 开始新的迭代 - 2025-04-12 13:07:19
[2025-04-12 13:07:19] ================================================
[2025-04-12 13:07:19]       客服数据处理流程自动化脚本 v2.0 (后台定时版)
[2025-04-12 13:07:19] ================================================
[2025-04-12 13:07:19] 开始执行处理流程
[2025-04-12 13:07:19] === 步骤1: 从MySQL导出数据到TXT ===
[2025-04-12 13:07:19] 执行: python mysql_to_txt.py
开始从MySQL导出数据到文本文件...
连接尝试 1/3...
连接失败: 2003: Can't connect to MySQL server on 'localhost:13306' (61 Connection refused)
等待 5 秒后重试...
连接尝试 2/3...
连接失败: 2003: Can't connect to MySQL server on 'localhost:13306' (61 Connection refused)
等待 5 秒后重试...
连接尝试 3/3...
连接失败: 2003: Can't connect to MySQL server on 'localhost:13306' (61 Connection refused)
达到最大重试次数，放弃连接
Traceback (most recent call last):
  File "/Users/yangsan/Library/Python/3.7/lib/python/site-packages/mysql/connector/network.py", line 600, in open_connection
    self.sock.connect(sockaddr)
ConnectionRefusedError: [Errno 61] Connection refused

The above exception was the direct cause of the following exception:

Traceback (most recent call last):
  File "mysql_to_txt.py", line 215, in <module>
    main()
  File "mysql_to_txt.py", line 178, in main
    connection = connect_to_mysql_with_retry()
  File "mysql_to_txt.py", line 32, in connect_to_mysql_with_retry
    connection = mysql.connector.connect(**DB_CONFIG)
  File "/Users/yangsan/Library/Python/3.7/lib/python/site-packages/mysql/connector/pooling.py", line 294, in connect
    return MySQLConnection(*args, **kwargs)
  File "/Users/yangsan/Library/Python/3.7/lib/python/site-packages/mysql/connector/connection.py", line 164, in __init__
    self.connect(**kwargs)
  File "/Users/yangsan/Library/Python/3.7/lib/python/site-packages/mysql/connector/abstracts.py", line 1181, in connect
    self._open_connection()
  File "/Users/yangsan/Library/Python/3.7/lib/python/site-packages/mysql/connector/connection.py", line 570, in _open_connection
    self._socket.open_connection()
  File "/Users/yangsan/Library/Python/3.7/lib/python/site-packages/mysql/connector/network.py", line 609, in open_connection
    ) from err
mysql.connector.errors.InterfaceError: 2003: Can't connect to MySQL server on 'localhost:13306' (61 Connection refused)
[2025-04-12 13:07:30] ✗ MySQL数据导出失败，错误代码: 1
[2025-04-12 13:07:30] 本次执行完成，将在5分钟后再次执行
[2025-04-12 13:07:30] --------------------------------------------
[2025-04-12 13:12:30] 开始新的迭代 - 2025-04-12 13:12:30
[2025-04-12 13:12:30] ================================================
[2025-04-12 13:12:30]       客服数据处理流程自动化脚本 v2.0 (后台定时版)
[2025-04-12 13:12:30] ================================================
[2025-04-12 13:12:30] 开始执行处理流程
[2025-04-12 13:12:30] === 步骤1: 从MySQL导出数据到TXT ===
[2025-04-12 13:12:30] 执行: python mysql_to_txt.py
开始从MySQL导出数据到文本文件...
连接尝试 1/3...
连接失败: 2003: Can't connect to MySQL server on 'localhost:13306' (61 Connection refused)
等待 5 秒后重试...
连接尝试 2/3...
连接失败: 2003: Can't connect to MySQL server on 'localhost:13306' (61 Connection refused)
等待 5 秒后重试...
连接尝试 3/3...
连接失败: 2003: Can't connect to MySQL server on 'localhost:13306' (61 Connection refused)
达到最大重试次数，放弃连接
Traceback (most recent call last):
  File "/Users/yangsan/Library/Python/3.7/lib/python/site-packages/mysql/connector/network.py", line 600, in open_connection
    self.sock.connect(sockaddr)
ConnectionRefusedError: [Errno 61] Connection refused

The above exception was the direct cause of the following exception:

Traceback (most recent call last):
  File "mysql_to_txt.py", line 215, in <module>
    main()
  File "mysql_to_txt.py", line 178, in main
    connection = connect_to_mysql_with_retry()
  File "mysql_to_txt.py", line 32, in connect_to_mysql_with_retry
    connection = mysql.connector.connect(**DB_CONFIG)
  File "/Users/yangsan/Library/Python/3.7/lib/python/site-packages/mysql/connector/pooling.py", line 294, in connect
    return MySQLConnection(*args, **kwargs)
  File "/Users/yangsan/Library/Python/3.7/lib/python/site-packages/mysql/connector/connection.py", line 164, in __init__
    self.connect(**kwargs)
  File "/Users/yangsan/Library/Python/3.7/lib/python/site-packages/mysql/connector/abstracts.py", line 1181, in connect
    self._open_connection()
  File "/Users/yangsan/Library/Python/3.7/lib/python/site-packages/mysql/connector/connection.py", line 570, in _open_connection
    self._socket.open_connection()
  File "/Users/yangsan/Library/Python/3.7/lib/python/site-packages/mysql/connector/network.py", line 609, in open_connection
    ) from err
mysql.connector.errors.InterfaceError: 2003: Can't connect to MySQL server on 'localhost:13306' (61 Connection refused)
[2025-04-12 13:12:40] ✗ MySQL数据导出失败，错误代码: 1
[2025-04-12 13:12:40] 本次执行完成，将在5分钟后再次执行
[2025-04-12 13:12:40] --------------------------------------------
[2025-04-12 13:17:40] 开始新的迭代 - 2025-04-12 13:17:40
[2025-04-12 13:17:40] ================================================
[2025-04-12 13:17:40]       客服数据处理流程自动化脚本 v2.0 (后台定时版)
[2025-04-12 13:17:40] ================================================
[2025-04-12 13:17:40] 开始执行处理流程
[2025-04-12 13:17:40] === 步骤1: 从MySQL导出数据到TXT ===
[2025-04-12 13:17:40] 执行: python mysql_to_txt.py
开始从MySQL导出数据到文本文件...
连接尝试 1/3...
连接失败: 2003: Can't connect to MySQL server on 'localhost:13306' (61 Connection refused)
等待 5 秒后重试...
连接尝试 2/3...
连接失败: 2003: Can't connect to MySQL server on 'localhost:13306' (61 Connection refused)
等待 5 秒后重试...
连接尝试 3/3...
连接失败: 2003: Can't connect to MySQL server on 'localhost:13306' (61 Connection refused)
达到最大重试次数，放弃连接
Traceback (most recent call last):
  File "/Users/yangsan/Library/Python/3.7/lib/python/site-packages/mysql/connector/network.py", line 600, in open_connection
    self.sock.connect(sockaddr)
ConnectionRefusedError: [Errno 61] Connection refused

The above exception was the direct cause of the following exception:

Traceback (most recent call last):
  File "mysql_to_txt.py", line 215, in <module>
    main()
  File "mysql_to_txt.py", line 178, in main
    connection = connect_to_mysql_with_retry()
  File "mysql_to_txt.py", line 32, in connect_to_mysql_with_retry
    connection = mysql.connector.connect(**DB_CONFIG)
  File "/Users/yangsan/Library/Python/3.7/lib/python/site-packages/mysql/connector/pooling.py", line 294, in connect
    return MySQLConnection(*args, **kwargs)
  File "/Users/yangsan/Library/Python/3.7/lib/python/site-packages/mysql/connector/connection.py", line 164, in __init__
    self.connect(**kwargs)
  File "/Users/yangsan/Library/Python/3.7/lib/python/site-packages/mysql/connector/abstracts.py", line 1181, in connect
    self._open_connection()
  File "/Users/yangsan/Library/Python/3.7/lib/python/site-packages/mysql/connector/connection.py", line 570, in _open_connection
    self._socket.open_connection()
  File "/Users/yangsan/Library/Python/3.7/lib/python/site-packages/mysql/connector/network.py", line 609, in open_connection
    ) from err
mysql.connector.errors.InterfaceError: 2003: Can't connect to MySQL server on 'localhost:13306' (61 Connection refused)
[2025-04-12 13:17:51] ✗ MySQL数据导出失败，错误代码: 1
[2025-04-12 13:17:51] 本次执行完成，将在5分钟后再次执行
[2025-04-12 13:17:51] --------------------------------------------
[2025-04-12 13:22:51] 开始新的迭代 - 2025-04-12 13:22:51
[2025-04-12 13:22:51] ================================================
[2025-04-12 13:22:51]       客服数据处理流程自动化脚本 v2.0 (后台定时版)
[2025-04-12 13:22:51] ================================================
[2025-04-12 13:22:51] 开始执行处理流程
[2025-04-12 13:22:51] === 步骤1: 从MySQL导出数据到TXT ===
[2025-04-12 13:22:51] 执行: python mysql_to_txt.py
开始从MySQL导出数据到文本文件...
连接尝试 1/3...
连接失败: 2003: Can't connect to MySQL server on 'localhost:13306' (61 Connection refused)
等待 5 秒后重试...
连接尝试 2/3...
连接失败: 2003: Can't connect to MySQL server on 'localhost:13306' (61 Connection refused)
等待 5 秒后重试...
连接尝试 3/3...
连接失败: 2003: Can't connect to MySQL server on 'localhost:13306' (61 Connection refused)
达到最大重试次数，放弃连接
Traceback (most recent call last):
  File "/Users/yangsan/Library/Python/3.7/lib/python/site-packages/mysql/connector/network.py", line 600, in open_connection
    self.sock.connect(sockaddr)
ConnectionRefusedError: [Errno 61] Connection refused

The above exception was the direct cause of the following exception:

Traceback (most recent call last):
  File "mysql_to_txt.py", line 215, in <module>
    main()
  File "mysql_to_txt.py", line 178, in main
    connection = connect_to_mysql_with_retry()
  File "mysql_to_txt.py", line 32, in connect_to_mysql_with_retry
    connection = mysql.connector.connect(**DB_CONFIG)
  File "/Users/yangsan/Library/Python/3.7/lib/python/site-packages/mysql/connector/pooling.py", line 294, in connect
    return MySQLConnection(*args, **kwargs)
  File "/Users/yangsan/Library/Python/3.7/lib/python/site-packages/mysql/connector/connection.py", line 164, in __init__
    self.connect(**kwargs)
  File "/Users/yangsan/Library/Python/3.7/lib/python/site-packages/mysql/connector/abstracts.py", line 1181, in connect
    self._open_connection()
  File "/Users/yangsan/Library/Python/3.7/lib/python/site-packages/mysql/connector/connection.py", line 570, in _open_connection
    self._socket.open_connection()
  File "/Users/yangsan/Library/Python/3.7/lib/python/site-packages/mysql/connector/network.py", line 609, in open_connection
    ) from err
mysql.connector.errors.InterfaceError: 2003: Can't connect to MySQL server on 'localhost:13306' (61 Connection refused)
[2025-04-12 13:23:01] ✗ MySQL数据导出失败，错误代码: 1
[2025-04-12 13:23:01] 本次执行完成，将在5分钟后再次执行
[2025-04-12 13:23:01] --------------------------------------------
[2025-04-12 13:28:01] 开始新的迭代 - 2025-04-12 13:28:01
[2025-04-12 13:28:01] ================================================
[2025-04-12 13:28:01]       客服数据处理流程自动化脚本 v2.0 (后台定时版)
[2025-04-12 13:28:01] ================================================
[2025-04-12 13:28:01] 开始执行处理流程
[2025-04-12 13:28:01] === 步骤1: 从MySQL导出数据到TXT ===
[2025-04-12 13:28:01] 执行: python mysql_to_txt.py
开始从MySQL导出数据到文本文件...
连接尝试 1/3...
连接失败: 2003: Can't connect to MySQL server on 'localhost:13306' (61 Connection refused)
等待 5 秒后重试...
连接尝试 2/3...
连接失败: 2003: Can't connect to MySQL server on 'localhost:13306' (61 Connection refused)
等待 5 秒后重试...
连接尝试 3/3...
连接失败: 2003: Can't connect to MySQL server on 'localhost:13306' (61 Connection refused)
达到最大重试次数，放弃连接
Traceback (most recent call last):
  File "/Users/yangsan/Library/Python/3.7/lib/python/site-packages/mysql/connector/network.py", line 600, in open_connection
    self.sock.connect(sockaddr)
ConnectionRefusedError: [Errno 61] Connection refused

The above exception was the direct cause of the following exception:

Traceback (most recent call last):
  File "mysql_to_txt.py", line 215, in <module>
    main()
  File "mysql_to_txt.py", line 178, in main
    connection = connect_to_mysql_with_retry()
  File "mysql_to_txt.py", line 32, in connect_to_mysql_with_retry
    connection = mysql.connector.connect(**DB_CONFIG)
  File "/Users/yangsan/Library/Python/3.7/lib/python/site-packages/mysql/connector/pooling.py", line 294, in connect
    return MySQLConnection(*args, **kwargs)
  File "/Users/yangsan/Library/Python/3.7/lib/python/site-packages/mysql/connector/connection.py", line 164, in __init__
    self.connect(**kwargs)
  File "/Users/yangsan/Library/Python/3.7/lib/python/site-packages/mysql/connector/abstracts.py", line 1181, in connect
    self._open_connection()
  File "/Users/yangsan/Library/Python/3.7/lib/python/site-packages/mysql/connector/connection.py", line 570, in _open_connection
    self._socket.open_connection()
  File "/Users/yangsan/Library/Python/3.7/lib/python/site-packages/mysql/connector/network.py", line 609, in open_connection
    ) from err
mysql.connector.errors.InterfaceError: 2003: Can't connect to MySQL server on 'localhost:13306' (61 Connection refused)
[2025-04-12 13:28:11] ✗ MySQL数据导出失败，错误代码: 1
[2025-04-12 13:28:11] 本次执行完成，将在5分钟后再次执行
[2025-04-12 13:28:11] --------------------------------------------
[2025-04-12 13:33:11] 开始新的迭代 - 2025-04-12 13:33:11
[2025-04-12 13:33:11] ================================================
[2025-04-12 13:33:12]       客服数据处理流程自动化脚本 v2.0 (后台定时版)
[2025-04-12 13:33:12] ================================================
[2025-04-12 13:33:12] 开始执行处理流程
[2025-04-12 13:33:12] === 步骤1: 从MySQL导出数据到TXT ===
[2025-04-12 13:33:12] 执行: python mysql_to_txt.py
开始从MySQL导出数据到文本文件...
连接尝试 1/3...
连接失败: 2003: Can't connect to MySQL server on 'localhost:13306' (61 Connection refused)
等待 5 秒后重试...
连接尝试 2/3...
连接失败: 2003: Can't connect to MySQL server on 'localhost:13306' (61 Connection refused)
等待 5 秒后重试...
连接尝试 3/3...
连接失败: 2003: Can't connect to MySQL server on 'localhost:13306' (61 Connection refused)
达到最大重试次数，放弃连接
Traceback (most recent call last):
  File "/Users/yangsan/Library/Python/3.7/lib/python/site-packages/mysql/connector/network.py", line 600, in open_connection
    self.sock.connect(sockaddr)
ConnectionRefusedError: [Errno 61] Connection refused

The above exception was the direct cause of the following exception:

Traceback (most recent call last):
  File "mysql_to_txt.py", line 215, in <module>
    main()
  File "mysql_to_txt.py", line 178, in main
    connection = connect_to_mysql_with_retry()
  File "mysql_to_txt.py", line 32, in connect_to_mysql_with_retry
    connection = mysql.connector.connect(**DB_CONFIG)
  File "/Users/yangsan/Library/Python/3.7/lib/python/site-packages/mysql/connector/pooling.py", line 294, in connect
    return MySQLConnection(*args, **kwargs)
  File "/Users/yangsan/Library/Python/3.7/lib/python/site-packages/mysql/connector/connection.py", line 164, in __init__
    self.connect(**kwargs)
  File "/Users/yangsan/Library/Python/3.7/lib/python/site-packages/mysql/connector/abstracts.py", line 1181, in connect
    self._open_connection()
  File "/Users/yangsan/Library/Python/3.7/lib/python/site-packages/mysql/connector/connection.py", line 570, in _open_connection
    self._socket.open_connection()
  File "/Users/yangsan/Library/Python/3.7/lib/python/site-packages/mysql/connector/network.py", line 609, in open_connection
    ) from err
mysql.connector.errors.InterfaceError: 2003: Can't connect to MySQL server on 'localhost:13306' (61 Connection refused)
[2025-04-12 13:33:22] ✗ MySQL数据导出失败，错误代码: 1
[2025-04-12 13:33:22] 本次执行完成，将在5分钟后再次执行
[2025-04-12 13:33:22] --------------------------------------------
[2025-04-12 13:38:22] 开始新的迭代 - 2025-04-12 13:38:22
[2025-04-12 13:38:22] ================================================
[2025-04-12 13:38:22]       客服数据处理流程自动化脚本 v2.0 (后台定时版)
[2025-04-12 13:38:22] ================================================
[2025-04-12 13:38:22] 开始执行处理流程
[2025-04-12 13:38:22] === 步骤1: 从MySQL导出数据到TXT ===
[2025-04-12 13:38:22] 执行: python mysql_to_txt.py
开始从MySQL导出数据到文本文件...
连接尝试 1/3...
连接失败: 2003: Can't connect to MySQL server on 'localhost:13306' (61 Connection refused)
等待 5 秒后重试...
连接尝试 2/3...
连接失败: 2003: Can't connect to MySQL server on 'localhost:13306' (61 Connection refused)
等待 5 秒后重试...
连接尝试 3/3...
连接失败: 2003: Can't connect to MySQL server on 'localhost:13306' (61 Connection refused)
达到最大重试次数，放弃连接
Traceback (most recent call last):
  File "/Users/yangsan/Library/Python/3.7/lib/python/site-packages/mysql/connector/network.py", line 600, in open_connection
    self.sock.connect(sockaddr)
ConnectionRefusedError: [Errno 61] Connection refused

The above exception was the direct cause of the following exception:

Traceback (most recent call last):
  File "mysql_to_txt.py", line 215, in <module>
    main()
  File "mysql_to_txt.py", line 178, in main
    connection = connect_to_mysql_with_retry()
  File "mysql_to_txt.py", line 32, in connect_to_mysql_with_retry
    connection = mysql.connector.connect(**DB_CONFIG)
  File "/Users/yangsan/Library/Python/3.7/lib/python/site-packages/mysql/connector/pooling.py", line 294, in connect
    return MySQLConnection(*args, **kwargs)
  File "/Users/yangsan/Library/Python/3.7/lib/python/site-packages/mysql/connector/connection.py", line 164, in __init__
    self.connect(**kwargs)
  File "/Users/yangsan/Library/Python/3.7/lib/python/site-packages/mysql/connector/abstracts.py", line 1181, in connect
    self._open_connection()
  File "/Users/yangsan/Library/Python/3.7/lib/python/site-packages/mysql/connector/connection.py", line 570, in _open_connection
    self._socket.open_connection()
  File "/Users/yangsan/Library/Python/3.7/lib/python/site-packages/mysql/connector/network.py", line 609, in open_connection
    ) from err
mysql.connector.errors.InterfaceError: 2003: Can't connect to MySQL server on 'localhost:13306' (61 Connection refused)
[2025-04-12 13:38:32] ✗ MySQL数据导出失败，错误代码: 1
[2025-04-12 13:38:32] 本次执行完成，将在5分钟后再次执行
[2025-04-12 13:38:32] --------------------------------------------
[2025-04-12 13:43:32] 开始新的迭代 - 2025-04-12 13:43:32
[2025-04-12 13:43:33] ================================================
[2025-04-12 13:43:33]       客服数据处理流程自动化脚本 v2.0 (后台定时版)
[2025-04-12 13:43:33] ================================================
[2025-04-12 13:43:33] 开始执行处理流程
[2025-04-12 13:43:33] === 步骤1: 从MySQL导出数据到TXT ===
[2025-04-12 13:43:33] 执行: python mysql_to_txt.py
开始从MySQL导出数据到文本文件...
连接尝试 1/3...
连接失败: 2003: Can't connect to MySQL server on 'localhost:13306' (61 Connection refused)
等待 5 秒后重试...
连接尝试 2/3...
连接失败: 2003: Can't connect to MySQL server on 'localhost:13306' (61 Connection refused)
等待 5 秒后重试...
连接尝试 3/3...
连接失败: 2003: Can't connect to MySQL server on 'localhost:13306' (61 Connection refused)
达到最大重试次数，放弃连接
Traceback (most recent call last):
  File "/Users/yangsan/Library/Python/3.7/lib/python/site-packages/mysql/connector/network.py", line 600, in open_connection
    self.sock.connect(sockaddr)
ConnectionRefusedError: [Errno 61] Connection refused

The above exception was the direct cause of the following exception:

Traceback (most recent call last):
  File "mysql_to_txt.py", line 215, in <module>
    main()
  File "mysql_to_txt.py", line 178, in main
    connection = connect_to_mysql_with_retry()
  File "mysql_to_txt.py", line 32, in connect_to_mysql_with_retry
    connection = mysql.connector.connect(**DB_CONFIG)
  File "/Users/yangsan/Library/Python/3.7/lib/python/site-packages/mysql/connector/pooling.py", line 294, in connect
    return MySQLConnection(*args, **kwargs)
  File "/Users/yangsan/Library/Python/3.7/lib/python/site-packages/mysql/connector/connection.py", line 164, in __init__
    self.connect(**kwargs)
  File "/Users/yangsan/Library/Python/3.7/lib/python/site-packages/mysql/connector/abstracts.py", line 1181, in connect
    self._open_connection()
  File "/Users/yangsan/Library/Python/3.7/lib/python/site-packages/mysql/connector/connection.py", line 570, in _open_connection
    self._socket.open_connection()
  File "/Users/yangsan/Library/Python/3.7/lib/python/site-packages/mysql/connector/network.py", line 609, in open_connection
    ) from err
mysql.connector.errors.InterfaceError: 2003: Can't connect to MySQL server on 'localhost:13306' (61 Connection refused)
[2025-04-12 13:43:43] ✗ MySQL数据导出失败，错误代码: 1
[2025-04-12 13:43:43] 本次执行完成，将在5分钟后再次执行
[2025-04-12 13:43:43] --------------------------------------------
[2025-04-12 13:48:43] 开始新的迭代 - 2025-04-12 13:48:43
[2025-04-12 13:48:43] ================================================
[2025-04-12 13:48:43]       客服数据处理流程自动化脚本 v2.0 (后台定时版)
[2025-04-12 13:48:43] ================================================
[2025-04-12 13:48:43] 开始执行处理流程
[2025-04-12 13:48:43] === 步骤1: 从MySQL导出数据到TXT ===
[2025-04-12 13:48:43] 执行: python mysql_to_txt.py
开始从MySQL导出数据到文本文件...
连接尝试 1/3...
连接失败: 2003: Can't connect to MySQL server on 'localhost:13306' (61 Connection refused)
等待 5 秒后重试...
连接尝试 2/3...
连接失败: 2003: Can't connect to MySQL server on 'localhost:13306' (61 Connection refused)
等待 5 秒后重试...
连接尝试 3/3...
连接失败: 2003: Can't connect to MySQL server on 'localhost:13306' (61 Connection refused)
达到最大重试次数，放弃连接
Traceback (most recent call last):
  File "/Users/yangsan/Library/Python/3.7/lib/python/site-packages/mysql/connector/network.py", line 600, in open_connection
    self.sock.connect(sockaddr)
ConnectionRefusedError: [Errno 61] Connection refused

The above exception was the direct cause of the following exception:

Traceback (most recent call last):
  File "mysql_to_txt.py", line 215, in <module>
    main()
  File "mysql_to_txt.py", line 178, in main
    connection = connect_to_mysql_with_retry()
  File "mysql_to_txt.py", line 32, in connect_to_mysql_with_retry
    connection = mysql.connector.connect(**DB_CONFIG)
  File "/Users/yangsan/Library/Python/3.7/lib/python/site-packages/mysql/connector/pooling.py", line 294, in connect
    return MySQLConnection(*args, **kwargs)
  File "/Users/yangsan/Library/Python/3.7/lib/python/site-packages/mysql/connector/connection.py", line 164, in __init__
    self.connect(**kwargs)
  File "/Users/yangsan/Library/Python/3.7/lib/python/site-packages/mysql/connector/abstracts.py", line 1181, in connect
    self._open_connection()
  File "/Users/yangsan/Library/Python/3.7/lib/python/site-packages/mysql/connector/connection.py", line 570, in _open_connection
    self._socket.open_connection()
  File "/Users/yangsan/Library/Python/3.7/lib/python/site-packages/mysql/connector/network.py", line 609, in open_connection
    ) from err
mysql.connector.errors.InterfaceError: 2003: Can't connect to MySQL server on 'localhost:13306' (61 Connection refused)
[2025-04-12 13:48:53] ✗ MySQL数据导出失败，错误代码: 1
[2025-04-12 13:48:53] 本次执行完成，将在5分钟后再次执行
[2025-04-12 13:48:53] --------------------------------------------
[2025-04-12 13:53:53] 开始新的迭代 - 2025-04-12 13:53:53
[2025-04-12 13:53:53] ================================================
[2025-04-12 13:53:53]       客服数据处理流程自动化脚本 v2.0 (后台定时版)
[2025-04-12 13:53:53] ================================================
[2025-04-12 13:53:53] 开始执行处理流程
[2025-04-12 13:53:53] === 步骤1: 从MySQL导出数据到TXT ===
[2025-04-12 13:53:53] 执行: python mysql_to_txt.py
开始从MySQL导出数据到文本文件...
连接尝试 1/3...
连接失败: 2003: Can't connect to MySQL server on 'localhost:13306' (61 Connection refused)
等待 5 秒后重试...
连接尝试 2/3...
连接失败: 2003: Can't connect to MySQL server on 'localhost:13306' (61 Connection refused)
等待 5 秒后重试...
连接尝试 3/3...
连接失败: 2003: Can't connect to MySQL server on 'localhost:13306' (61 Connection refused)
达到最大重试次数，放弃连接
Traceback (most recent call last):
  File "/Users/yangsan/Library/Python/3.7/lib/python/site-packages/mysql/connector/network.py", line 600, in open_connection
    self.sock.connect(sockaddr)
ConnectionRefusedError: [Errno 61] Connection refused

The above exception was the direct cause of the following exception:

Traceback (most recent call last):
  File "mysql_to_txt.py", line 215, in <module>
    main()
  File "mysql_to_txt.py", line 178, in main
    connection = connect_to_mysql_with_retry()
  File "mysql_to_txt.py", line 32, in connect_to_mysql_with_retry
    connection = mysql.connector.connect(**DB_CONFIG)
  File "/Users/yangsan/Library/Python/3.7/lib/python/site-packages/mysql/connector/pooling.py", line 294, in connect
    return MySQLConnection(*args, **kwargs)
  File "/Users/yangsan/Library/Python/3.7/lib/python/site-packages/mysql/connector/connection.py", line 164, in __init__
    self.connect(**kwargs)
  File "/Users/yangsan/Library/Python/3.7/lib/python/site-packages/mysql/connector/abstracts.py", line 1181, in connect
    self._open_connection()
  File "/Users/yangsan/Library/Python/3.7/lib/python/site-packages/mysql/connector/connection.py", line 570, in _open_connection
    self._socket.open_connection()
  File "/Users/yangsan/Library/Python/3.7/lib/python/site-packages/mysql/connector/network.py", line 609, in open_connection
    ) from err
mysql.connector.errors.InterfaceError: 2003: Can't connect to MySQL server on 'localhost:13306' (61 Connection refused)
[2025-04-12 13:54:04] ✗ MySQL数据导出失败，错误代码: 1
[2025-04-12 13:54:04] 本次执行完成，将在5分钟后再次执行
[2025-04-12 13:54:04] --------------------------------------------
[2025-04-12 13:59:04] 开始新的迭代 - 2025-04-12 13:59:04
[2025-04-12 13:59:04] ================================================
[2025-04-12 13:59:04]       客服数据处理流程自动化脚本 v2.0 (后台定时版)
[2025-04-12 13:59:04] ================================================
[2025-04-12 13:59:04] 开始执行处理流程
[2025-04-12 13:59:04] === 步骤1: 从MySQL导出数据到TXT ===
[2025-04-12 13:59:04] 执行: python mysql_to_txt.py
开始从MySQL导出数据到文本文件...
连接尝试 1/3...
连接失败: 2003: Can't connect to MySQL server on 'localhost:13306' (61 Connection refused)
等待 5 秒后重试...
连接尝试 2/3...
连接失败: 2003: Can't connect to MySQL server on 'localhost:13306' (61 Connection refused)
等待 5 秒后重试...
连接尝试 3/3...
连接失败: 2003: Can't connect to MySQL server on 'localhost:13306' (61 Connection refused)
达到最大重试次数，放弃连接
Traceback (most recent call last):
  File "/Users/yangsan/Library/Python/3.7/lib/python/site-packages/mysql/connector/network.py", line 600, in open_connection
    self.sock.connect(sockaddr)
ConnectionRefusedError: [Errno 61] Connection refused

The above exception was the direct cause of the following exception:

Traceback (most recent call last):
  File "mysql_to_txt.py", line 215, in <module>
    main()
  File "mysql_to_txt.py", line 178, in main
    connection = connect_to_mysql_with_retry()
  File "mysql_to_txt.py", line 32, in connect_to_mysql_with_retry
    connection = mysql.connector.connect(**DB_CONFIG)
  File "/Users/yangsan/Library/Python/3.7/lib/python/site-packages/mysql/connector/pooling.py", line 294, in connect
    return MySQLConnection(*args, **kwargs)
  File "/Users/yangsan/Library/Python/3.7/lib/python/site-packages/mysql/connector/connection.py", line 164, in __init__
    self.connect(**kwargs)
  File "/Users/yangsan/Library/Python/3.7/lib/python/site-packages/mysql/connector/abstracts.py", line 1181, in connect
    self._open_connection()
  File "/Users/yangsan/Library/Python/3.7/lib/python/site-packages/mysql/connector/connection.py", line 570, in _open_connection
    self._socket.open_connection()
  File "/Users/yangsan/Library/Python/3.7/lib/python/site-packages/mysql/connector/network.py", line 609, in open_connection
    ) from err
mysql.connector.errors.InterfaceError: 2003: Can't connect to MySQL server on 'localhost:13306' (61 Connection refused)
[2025-04-12 13:59:14] ✗ MySQL数据导出失败，错误代码: 1
[2025-04-12 13:59:14] 本次执行完成，将在5分钟后再次执行
[2025-04-12 13:59:14] --------------------------------------------
[2025-04-12 14:04:14] 开始新的迭代 - 2025-04-12 14:04:14
[2025-04-12 14:04:14] ================================================
[2025-04-12 14:04:14]       客服数据处理流程自动化脚本 v2.0 (后台定时版)
[2025-04-12 14:04:14] ================================================
[2025-04-12 14:04:14] 开始执行处理流程
[2025-04-12 14:04:14] === 步骤1: 从MySQL导出数据到TXT ===
[2025-04-12 14:04:14] 执行: python mysql_to_txt.py
开始从MySQL导出数据到文本文件...
连接尝试 1/3...
连接失败: 2003: Can't connect to MySQL server on 'localhost:13306' (61 Connection refused)
等待 5 秒后重试...
连接尝试 2/3...
连接失败: 2003: Can't connect to MySQL server on 'localhost:13306' (61 Connection refused)
等待 5 秒后重试...
连接尝试 3/3...
连接失败: 2003: Can't connect to MySQL server on 'localhost:13306' (61 Connection refused)
达到最大重试次数，放弃连接
Traceback (most recent call last):
  File "/Users/yangsan/Library/Python/3.7/lib/python/site-packages/mysql/connector/network.py", line 600, in open_connection
    self.sock.connect(sockaddr)
ConnectionRefusedError: [Errno 61] Connection refused

The above exception was the direct cause of the following exception:

Traceback (most recent call last):
  File "mysql_to_txt.py", line 215, in <module>
    main()
  File "mysql_to_txt.py", line 178, in main
    connection = connect_to_mysql_with_retry()
  File "mysql_to_txt.py", line 32, in connect_to_mysql_with_retry
    connection = mysql.connector.connect(**DB_CONFIG)
  File "/Users/yangsan/Library/Python/3.7/lib/python/site-packages/mysql/connector/pooling.py", line 294, in connect
    return MySQLConnection(*args, **kwargs)
  File "/Users/yangsan/Library/Python/3.7/lib/python/site-packages/mysql/connector/connection.py", line 164, in __init__
    self.connect(**kwargs)
  File "/Users/yangsan/Library/Python/3.7/lib/python/site-packages/mysql/connector/abstracts.py", line 1181, in connect
    self._open_connection()
  File "/Users/yangsan/Library/Python/3.7/lib/python/site-packages/mysql/connector/connection.py", line 570, in _open_connection
    self._socket.open_connection()
  File "/Users/yangsan/Library/Python/3.7/lib/python/site-packages/mysql/connector/network.py", line 609, in open_connection
    ) from err
mysql.connector.errors.InterfaceError: 2003: Can't connect to MySQL server on 'localhost:13306' (61 Connection refused)
[2025-04-12 14:04:25] ✗ MySQL数据导出失败，错误代码: 1
[2025-04-12 14:04:25] 本次执行完成，将在5分钟后再次执行
[2025-04-12 14:04:25] --------------------------------------------
[2025-04-12 14:09:25] 开始新的迭代 - 2025-04-12 14:09:25
[2025-04-12 14:09:25] ================================================
[2025-04-12 14:09:25]       客服数据处理流程自动化脚本 v2.0 (后台定时版)
[2025-04-12 14:09:25] ================================================
[2025-04-12 14:09:25] 开始执行处理流程
[2025-04-12 14:09:25] === 步骤1: 从MySQL导出数据到TXT ===
[2025-04-12 14:09:25] 执行: python mysql_to_txt.py
开始从MySQL导出数据到文本文件...
连接尝试 1/3...
连接失败: 2003: Can't connect to MySQL server on 'localhost:13306' (61 Connection refused)
等待 5 秒后重试...
连接尝试 2/3...
连接失败: 2003: Can't connect to MySQL server on 'localhost:13306' (61 Connection refused)
等待 5 秒后重试...
连接尝试 3/3...
连接失败: 2003: Can't connect to MySQL server on 'localhost:13306' (61 Connection refused)
达到最大重试次数，放弃连接
Traceback (most recent call last):
  File "/Users/yangsan/Library/Python/3.7/lib/python/site-packages/mysql/connector/network.py", line 600, in open_connection
    self.sock.connect(sockaddr)
ConnectionRefusedError: [Errno 61] Connection refused

The above exception was the direct cause of the following exception:

Traceback (most recent call last):
  File "mysql_to_txt.py", line 215, in <module>
    main()
  File "mysql_to_txt.py", line 178, in main
    connection = connect_to_mysql_with_retry()
  File "mysql_to_txt.py", line 32, in connect_to_mysql_with_retry
    connection = mysql.connector.connect(**DB_CONFIG)
  File "/Users/yangsan/Library/Python/3.7/lib/python/site-packages/mysql/connector/pooling.py", line 294, in connect
    return MySQLConnection(*args, **kwargs)
  File "/Users/yangsan/Library/Python/3.7/lib/python/site-packages/mysql/connector/connection.py", line 164, in __init__
    self.connect(**kwargs)
  File "/Users/yangsan/Library/Python/3.7/lib/python/site-packages/mysql/connector/abstracts.py", line 1181, in connect
    self._open_connection()
  File "/Users/yangsan/Library/Python/3.7/lib/python/site-packages/mysql/connector/connection.py", line 570, in _open_connection
    self._socket.open_connection()
  File "/Users/yangsan/Library/Python/3.7/lib/python/site-packages/mysql/connector/network.py", line 609, in open_connection
    ) from err
mysql.connector.errors.InterfaceError: 2003: Can't connect to MySQL server on 'localhost:13306' (61 Connection refused)
[2025-04-12 14:09:35] ✗ MySQL数据导出失败，错误代码: 1
[2025-04-12 14:09:35] 本次执行完成，将在5分钟后再次执行
[2025-04-12 14:09:35] --------------------------------------------
[2025-04-12 14:14:35] 开始新的迭代 - 2025-04-12 14:14:35
[2025-04-12 14:14:35] ================================================
[2025-04-12 14:14:35]       客服数据处理流程自动化脚本 v2.0 (后台定时版)
[2025-04-12 14:14:35] ================================================
[2025-04-12 14:14:35] 开始执行处理流程
[2025-04-12 14:14:35] === 步骤1: 从MySQL导出数据到TXT ===
[2025-04-12 14:14:35] 执行: python mysql_to_txt.py
开始从MySQL导出数据到文本文件...
连接尝试 1/3...
连接失败: 2003: Can't connect to MySQL server on 'localhost:13306' (61 Connection refused)
等待 5 秒后重试...
连接尝试 2/3...
连接失败: 2003: Can't connect to MySQL server on 'localhost:13306' (61 Connection refused)
等待 5 秒后重试...
连接尝试 3/3...
连接失败: 2003: Can't connect to MySQL server on 'localhost:13306' (61 Connection refused)
达到最大重试次数，放弃连接
Traceback (most recent call last):
  File "/Users/yangsan/Library/Python/3.7/lib/python/site-packages/mysql/connector/network.py", line 600, in open_connection
    self.sock.connect(sockaddr)
ConnectionRefusedError: [Errno 61] Connection refused

The above exception was the direct cause of the following exception:

Traceback (most recent call last):
  File "mysql_to_txt.py", line 215, in <module>
    main()
  File "mysql_to_txt.py", line 178, in main
    connection = connect_to_mysql_with_retry()
  File "mysql_to_txt.py", line 32, in connect_to_mysql_with_retry
    connection = mysql.connector.connect(**DB_CONFIG)
  File "/Users/yangsan/Library/Python/3.7/lib/python/site-packages/mysql/connector/pooling.py", line 294, in connect
    return MySQLConnection(*args, **kwargs)
  File "/Users/yangsan/Library/Python/3.7/lib/python/site-packages/mysql/connector/connection.py", line 164, in __init__
    self.connect(**kwargs)
  File "/Users/yangsan/Library/Python/3.7/lib/python/site-packages/mysql/connector/abstracts.py", line 1181, in connect
    self._open_connection()
  File "/Users/yangsan/Library/Python/3.7/lib/python/site-packages/mysql/connector/connection.py", line 570, in _open_connection
    self._socket.open_connection()
  File "/Users/yangsan/Library/Python/3.7/lib/python/site-packages/mysql/connector/network.py", line 609, in open_connection
    ) from err
mysql.connector.errors.InterfaceError: 2003: Can't connect to MySQL server on 'localhost:13306' (61 Connection refused)
[2025-04-12 14:14:46] ✗ MySQL数据导出失败，错误代码: 1
[2025-04-12 14:14:46] 本次执行完成，将在5分钟后再次执行
[2025-04-12 14:14:46] --------------------------------------------
[2025-04-12 14:19:46] 开始新的迭代 - 2025-04-12 14:19:46
[2025-04-12 14:19:46] ================================================
[2025-04-12 14:19:46]       客服数据处理流程自动化脚本 v2.0 (后台定时版)
[2025-04-12 14:19:46] ================================================
[2025-04-12 14:19:46] 开始执行处理流程
[2025-04-12 14:19:46] === 步骤1: 从MySQL导出数据到TXT ===
[2025-04-12 14:19:46] 执行: python mysql_to_txt.py
开始从MySQL导出数据到文本文件...
连接尝试 1/3...
连接失败: 2003: Can't connect to MySQL server on 'localhost:13306' (61 Connection refused)
等待 5 秒后重试...
连接尝试 2/3...
连接失败: 2003: Can't connect to MySQL server on 'localhost:13306' (61 Connection refused)
等待 5 秒后重试...
连接尝试 3/3...
连接失败: 2003: Can't connect to MySQL server on 'localhost:13306' (61 Connection refused)
达到最大重试次数，放弃连接
Traceback (most recent call last):
  File "/Users/yangsan/Library/Python/3.7/lib/python/site-packages/mysql/connector/network.py", line 600, in open_connection
    self.sock.connect(sockaddr)
ConnectionRefusedError: [Errno 61] Connection refused

The above exception was the direct cause of the following exception:

Traceback (most recent call last):
  File "mysql_to_txt.py", line 215, in <module>
    main()
  File "mysql_to_txt.py", line 178, in main
    connection = connect_to_mysql_with_retry()
  File "mysql_to_txt.py", line 32, in connect_to_mysql_with_retry
    connection = mysql.connector.connect(**DB_CONFIG)
  File "/Users/yangsan/Library/Python/3.7/lib/python/site-packages/mysql/connector/pooling.py", line 294, in connect
    return MySQLConnection(*args, **kwargs)
  File "/Users/yangsan/Library/Python/3.7/lib/python/site-packages/mysql/connector/connection.py", line 164, in __init__
    self.connect(**kwargs)
  File "/Users/yangsan/Library/Python/3.7/lib/python/site-packages/mysql/connector/abstracts.py", line 1181, in connect
    self._open_connection()
  File "/Users/yangsan/Library/Python/3.7/lib/python/site-packages/mysql/connector/connection.py", line 570, in _open_connection
    self._socket.open_connection()
  File "/Users/yangsan/Library/Python/3.7/lib/python/site-packages/mysql/connector/network.py", line 609, in open_connection
    ) from err
mysql.connector.errors.InterfaceError: 2003: Can't connect to MySQL server on 'localhost:13306' (61 Connection refused)
[2025-04-12 14:19:56] ✗ MySQL数据导出失败，错误代码: 1
[2025-04-12 14:19:56] 本次执行完成，将在5分钟后再次执行
[2025-04-12 14:19:56] --------------------------------------------
[2025-04-12 14:24:56] 开始新的迭代 - 2025-04-12 14:24:56
[2025-04-12 14:24:56] ================================================
[2025-04-12 14:24:56]       客服数据处理流程自动化脚本 v2.0 (后台定时版)
[2025-04-12 14:24:56] ================================================
[2025-04-12 14:24:56] 开始执行处理流程
[2025-04-12 14:24:56] === 步骤1: 从MySQL导出数据到TXT ===
[2025-04-12 14:24:56] 执行: python mysql_to_txt.py
开始从MySQL导出数据到文本文件...
连接尝试 1/3...
连接失败: 2003: Can't connect to MySQL server on 'localhost:13306' (61 Connection refused)
等待 5 秒后重试...
连接尝试 2/3...
连接失败: 2003: Can't connect to MySQL server on 'localhost:13306' (61 Connection refused)
等待 5 秒后重试...
连接尝试 3/3...
连接失败: 2003: Can't connect to MySQL server on 'localhost:13306' (61 Connection refused)
达到最大重试次数，放弃连接
Traceback (most recent call last):
  File "/Users/yangsan/Library/Python/3.7/lib/python/site-packages/mysql/connector/network.py", line 600, in open_connection
    self.sock.connect(sockaddr)
ConnectionRefusedError: [Errno 61] Connection refused

The above exception was the direct cause of the following exception:

Traceback (most recent call last):
  File "mysql_to_txt.py", line 215, in <module>
    main()
  File "mysql_to_txt.py", line 178, in main
    connection = connect_to_mysql_with_retry()
  File "mysql_to_txt.py", line 32, in connect_to_mysql_with_retry
    connection = mysql.connector.connect(**DB_CONFIG)
  File "/Users/yangsan/Library/Python/3.7/lib/python/site-packages/mysql/connector/pooling.py", line 294, in connect
    return MySQLConnection(*args, **kwargs)
  File "/Users/yangsan/Library/Python/3.7/lib/python/site-packages/mysql/connector/connection.py", line 164, in __init__
    self.connect(**kwargs)
  File "/Users/yangsan/Library/Python/3.7/lib/python/site-packages/mysql/connector/abstracts.py", line 1181, in connect
    self._open_connection()
  File "/Users/yangsan/Library/Python/3.7/lib/python/site-packages/mysql/connector/connection.py", line 570, in _open_connection
    self._socket.open_connection()
  File "/Users/yangsan/Library/Python/3.7/lib/python/site-packages/mysql/connector/network.py", line 609, in open_connection
    ) from err
mysql.connector.errors.InterfaceError: 2003: Can't connect to MySQL server on 'localhost:13306' (61 Connection refused)
[2025-04-12 14:25:07] ✗ MySQL数据导出失败，错误代码: 1
[2025-04-12 14:25:07] 本次执行完成，将在5分钟后再次执行
[2025-04-12 14:25:07] --------------------------------------------
[2025-04-12 14:30:07] 开始新的迭代 - 2025-04-12 14:30:07
[2025-04-12 14:30:07] ================================================
[2025-04-12 14:30:07]       客服数据处理流程自动化脚本 v2.0 (后台定时版)
[2025-04-12 14:30:07] ================================================
[2025-04-12 14:30:07] 开始执行处理流程
[2025-04-12 14:30:07] === 步骤1: 从MySQL导出数据到TXT ===
[2025-04-12 14:30:07] 执行: python mysql_to_txt.py
开始从MySQL导出数据到文本文件...
连接尝试 1/3...
连接失败: 2003: Can't connect to MySQL server on 'localhost:13306' (61 Connection refused)
等待 5 秒后重试...
连接尝试 2/3...
连接失败: 2003: Can't connect to MySQL server on 'localhost:13306' (61 Connection refused)
等待 5 秒后重试...
连接尝试 3/3...
连接失败: 2003: Can't connect to MySQL server on 'localhost:13306' (61 Connection refused)
达到最大重试次数，放弃连接
Traceback (most recent call last):
  File "/Users/yangsan/Library/Python/3.7/lib/python/site-packages/mysql/connector/network.py", line 600, in open_connection
    self.sock.connect(sockaddr)
ConnectionRefusedError: [Errno 61] Connection refused

The above exception was the direct cause of the following exception:

Traceback (most recent call last):
  File "mysql_to_txt.py", line 215, in <module>
    main()
  File "mysql_to_txt.py", line 178, in main
    connection = connect_to_mysql_with_retry()
  File "mysql_to_txt.py", line 32, in connect_to_mysql_with_retry
    connection = mysql.connector.connect(**DB_CONFIG)
  File "/Users/yangsan/Library/Python/3.7/lib/python/site-packages/mysql/connector/pooling.py", line 294, in connect
    return MySQLConnection(*args, **kwargs)
  File "/Users/yangsan/Library/Python/3.7/lib/python/site-packages/mysql/connector/connection.py", line 164, in __init__
    self.connect(**kwargs)
  File "/Users/yangsan/Library/Python/3.7/lib/python/site-packages/mysql/connector/abstracts.py", line 1181, in connect
    self._open_connection()
  File "/Users/yangsan/Library/Python/3.7/lib/python/site-packages/mysql/connector/connection.py", line 570, in _open_connection
    self._socket.open_connection()
  File "/Users/yangsan/Library/Python/3.7/lib/python/site-packages/mysql/connector/network.py", line 609, in open_connection
    ) from err
mysql.connector.errors.InterfaceError: 2003: Can't connect to MySQL server on 'localhost:13306' (61 Connection refused)
[2025-04-12 14:30:17] ✗ MySQL数据导出失败，错误代码: 1
[2025-04-12 14:30:17] 本次执行完成，将在5分钟后再次执行
[2025-04-12 14:30:17] --------------------------------------------
[2025-04-12 14:35:17] 开始新的迭代 - 2025-04-12 14:35:17
[2025-04-12 14:35:17] ================================================
[2025-04-12 14:35:17]       客服数据处理流程自动化脚本 v2.0 (后台定时版)
[2025-04-12 14:35:17] ================================================
[2025-04-12 14:35:17] 开始执行处理流程
[2025-04-12 14:35:17] === 步骤1: 从MySQL导出数据到TXT ===
[2025-04-12 14:35:17] 执行: python mysql_to_txt.py
开始从MySQL导出数据到文本文件...
连接尝试 1/3...
连接失败: 2003: Can't connect to MySQL server on 'localhost:13306' (61 Connection refused)
等待 5 秒后重试...
连接尝试 2/3...
连接失败: 2003: Can't connect to MySQL server on 'localhost:13306' (61 Connection refused)
等待 5 秒后重试...
连接尝试 3/3...
连接失败: 2003: Can't connect to MySQL server on 'localhost:13306' (61 Connection refused)
达到最大重试次数，放弃连接
Traceback (most recent call last):
  File "/Users/yangsan/Library/Python/3.7/lib/python/site-packages/mysql/connector/network.py", line 600, in open_connection
    self.sock.connect(sockaddr)
ConnectionRefusedError: [Errno 61] Connection refused

The above exception was the direct cause of the following exception:

Traceback (most recent call last):
  File "mysql_to_txt.py", line 215, in <module>
    main()
  File "mysql_to_txt.py", line 178, in main
    connection = connect_to_mysql_with_retry()
  File "mysql_to_txt.py", line 32, in connect_to_mysql_with_retry
    connection = mysql.connector.connect(**DB_CONFIG)
  File "/Users/yangsan/Library/Python/3.7/lib/python/site-packages/mysql/connector/pooling.py", line 294, in connect
    return MySQLConnection(*args, **kwargs)
  File "/Users/yangsan/Library/Python/3.7/lib/python/site-packages/mysql/connector/connection.py", line 164, in __init__
    self.connect(**kwargs)
  File "/Users/yangsan/Library/Python/3.7/lib/python/site-packages/mysql/connector/abstracts.py", line 1181, in connect
    self._open_connection()
  File "/Users/yangsan/Library/Python/3.7/lib/python/site-packages/mysql/connector/connection.py", line 570, in _open_connection
    self._socket.open_connection()
  File "/Users/yangsan/Library/Python/3.7/lib/python/site-packages/mysql/connector/network.py", line 609, in open_connection
    ) from err
mysql.connector.errors.InterfaceError: 2003: Can't connect to MySQL server on 'localhost:13306' (61 Connection refused)
[2025-04-12 14:35:27] ✗ MySQL数据导出失败，错误代码: 1
[2025-04-12 14:35:27] 本次执行完成，将在5分钟后再次执行
[2025-04-12 14:35:27] --------------------------------------------
[2025-04-12 14:40:27] 开始新的迭代 - 2025-04-12 14:40:27
[2025-04-12 14:40:27] ================================================
[2025-04-12 14:40:27]       客服数据处理流程自动化脚本 v2.0 (后台定时版)
[2025-04-12 14:40:27] ================================================
[2025-04-12 14:40:27] 开始执行处理流程
[2025-04-12 14:40:27] === 步骤1: 从MySQL导出数据到TXT ===
[2025-04-12 14:40:27] 执行: python mysql_to_txt.py
开始从MySQL导出数据到文本文件...
连接尝试 1/3...
连接失败: 2003: Can't connect to MySQL server on 'localhost:13306' (61 Connection refused)
等待 5 秒后重试...
连接尝试 2/3...
连接失败: 2003: Can't connect to MySQL server on 'localhost:13306' (61 Connection refused)
等待 5 秒后重试...
连接尝试 3/3...
连接失败: 2003: Can't connect to MySQL server on 'localhost:13306' (61 Connection refused)
达到最大重试次数，放弃连接
Traceback (most recent call last):
  File "/Users/yangsan/Library/Python/3.7/lib/python/site-packages/mysql/connector/network.py", line 600, in open_connection
    self.sock.connect(sockaddr)
ConnectionRefusedError: [Errno 61] Connection refused

The above exception was the direct cause of the following exception:

Traceback (most recent call last):
  File "mysql_to_txt.py", line 215, in <module>
    main()
  File "mysql_to_txt.py", line 178, in main
    connection = connect_to_mysql_with_retry()
  File "mysql_to_txt.py", line 32, in connect_to_mysql_with_retry
    connection = mysql.connector.connect(**DB_CONFIG)
  File "/Users/yangsan/Library/Python/3.7/lib/python/site-packages/mysql/connector/pooling.py", line 294, in connect
    return MySQLConnection(*args, **kwargs)
  File "/Users/yangsan/Library/Python/3.7/lib/python/site-packages/mysql/connector/connection.py", line 164, in __init__
    self.connect(**kwargs)
  File "/Users/yangsan/Library/Python/3.7/lib/python/site-packages/mysql/connector/abstracts.py", line 1181, in connect
    self._open_connection()
  File "/Users/yangsan/Library/Python/3.7/lib/python/site-packages/mysql/connector/connection.py", line 570, in _open_connection
    self._socket.open_connection()
  File "/Users/yangsan/Library/Python/3.7/lib/python/site-packages/mysql/connector/network.py", line 609, in open_connection
    ) from err
mysql.connector.errors.InterfaceError: 2003: Can't connect to MySQL server on 'localhost:13306' (61 Connection refused)
[2025-04-12 14:40:38] ✗ MySQL数据导出失败，错误代码: 1
[2025-04-12 14:40:38] 本次执行完成，将在5分钟后再次执行
[2025-04-12 14:40:38] --------------------------------------------
[2025-04-12 14:45:38] 开始新的迭代 - 2025-04-12 14:45:38
[2025-04-12 14:45:38] ================================================
[2025-04-12 14:45:38]       客服数据处理流程自动化脚本 v2.0 (后台定时版)
[2025-04-12 14:45:38] ================================================
[2025-04-12 14:45:38] 开始执行处理流程
[2025-04-12 14:45:38] === 步骤1: 从MySQL导出数据到TXT ===
[2025-04-12 14:45:38] 执行: python mysql_to_txt.py
开始从MySQL导出数据到文本文件...
连接尝试 1/3...
连接失败: 2003: Can't connect to MySQL server on 'localhost:13306' (61 Connection refused)
等待 5 秒后重试...
连接尝试 2/3...
连接失败: 2003: Can't connect to MySQL server on 'localhost:13306' (61 Connection refused)
等待 5 秒后重试...
连接尝试 3/3...
连接失败: 2003: Can't connect to MySQL server on 'localhost:13306' (61 Connection refused)
达到最大重试次数，放弃连接
Traceback (most recent call last):
  File "/Users/yangsan/Library/Python/3.7/lib/python/site-packages/mysql/connector/network.py", line 600, in open_connection
    self.sock.connect(sockaddr)
ConnectionRefusedError: [Errno 61] Connection refused

The above exception was the direct cause of the following exception:

Traceback (most recent call last):
  File "mysql_to_txt.py", line 215, in <module>
    main()
  File "mysql_to_txt.py", line 178, in main
    connection = connect_to_mysql_with_retry()
  File "mysql_to_txt.py", line 32, in connect_to_mysql_with_retry
    connection = mysql.connector.connect(**DB_CONFIG)
  File "/Users/yangsan/Library/Python/3.7/lib/python/site-packages/mysql/connector/pooling.py", line 294, in connect
    return MySQLConnection(*args, **kwargs)
  File "/Users/yangsan/Library/Python/3.7/lib/python/site-packages/mysql/connector/connection.py", line 164, in __init__
    self.connect(**kwargs)
  File "/Users/yangsan/Library/Python/3.7/lib/python/site-packages/mysql/connector/abstracts.py", line 1181, in connect
    self._open_connection()
  File "/Users/yangsan/Library/Python/3.7/lib/python/site-packages/mysql/connector/connection.py", line 570, in _open_connection
    self._socket.open_connection()
  File "/Users/yangsan/Library/Python/3.7/lib/python/site-packages/mysql/connector/network.py", line 609, in open_connection
    ) from err
mysql.connector.errors.InterfaceError: 2003: Can't connect to MySQL server on 'localhost:13306' (61 Connection refused)
[2025-04-12 14:45:48] ✗ MySQL数据导出失败，错误代码: 1
[2025-04-12 14:45:48] 本次执行完成，将在5分钟后再次执行
[2025-04-12 14:45:48] --------------------------------------------
[2025-04-12 14:50:48] 开始新的迭代 - 2025-04-12 14:50:48
[2025-04-12 14:50:48] ================================================
[2025-04-12 14:50:48]       客服数据处理流程自动化脚本 v2.0 (后台定时版)
[2025-04-12 14:50:48] ================================================
[2025-04-12 14:50:48] 开始执行处理流程
[2025-04-12 14:50:48] === 步骤1: 从MySQL导出数据到TXT ===
[2025-04-12 14:50:48] 执行: python mysql_to_txt.py
开始从MySQL导出数据到文本文件...
连接尝试 1/3...
连接失败: 2003: Can't connect to MySQL server on 'localhost:13306' (61 Connection refused)
等待 5 秒后重试...
连接尝试 2/3...
连接失败: 2003: Can't connect to MySQL server on 'localhost:13306' (61 Connection refused)
等待 5 秒后重试...
连接尝试 3/3...
连接失败: 2003: Can't connect to MySQL server on 'localhost:13306' (61 Connection refused)
达到最大重试次数，放弃连接
Traceback (most recent call last):
  File "/Users/yangsan/Library/Python/3.7/lib/python/site-packages/mysql/connector/network.py", line 600, in open_connection
    self.sock.connect(sockaddr)
ConnectionRefusedError: [Errno 61] Connection refused

The above exception was the direct cause of the following exception:

Traceback (most recent call last):
  File "mysql_to_txt.py", line 215, in <module>
    main()
  File "mysql_to_txt.py", line 178, in main
    connection = connect_to_mysql_with_retry()
  File "mysql_to_txt.py", line 32, in connect_to_mysql_with_retry
    connection = mysql.connector.connect(**DB_CONFIG)
  File "/Users/yangsan/Library/Python/3.7/lib/python/site-packages/mysql/connector/pooling.py", line 294, in connect
    return MySQLConnection(*args, **kwargs)
  File "/Users/yangsan/Library/Python/3.7/lib/python/site-packages/mysql/connector/connection.py", line 164, in __init__
    self.connect(**kwargs)
  File "/Users/yangsan/Library/Python/3.7/lib/python/site-packages/mysql/connector/abstracts.py", line 1181, in connect
    self._open_connection()
  File "/Users/yangsan/Library/Python/3.7/lib/python/site-packages/mysql/connector/connection.py", line 570, in _open_connection
    self._socket.open_connection()
  File "/Users/yangsan/Library/Python/3.7/lib/python/site-packages/mysql/connector/network.py", line 609, in open_connection
    ) from err
mysql.connector.errors.InterfaceError: 2003: Can't connect to MySQL server on 'localhost:13306' (61 Connection refused)
[2025-04-12 14:50:59] ✗ MySQL数据导出失败，错误代码: 1
[2025-04-12 14:50:59] 本次执行完成，将在5分钟后再次执行
[2025-04-12 14:50:59] --------------------------------------------
[2025-04-12 14:55:57] 开始新的迭代 - 2025-04-12 14:55:57
[2025-04-12 14:55:57] ================================================
[2025-04-12 14:55:57]       客服数据处理流程自动化脚本 v2.0 (后台定时版)
[2025-04-12 14:55:57] ================================================
[2025-04-12 14:55:57] 开始执行处理流程
[2025-04-12 14:55:57] === 步骤1: 从MySQL导出数据到TXT ===
[2025-04-12 14:55:57] 执行: python mysql_to_txt.py
开始从MySQL导出数据到文本文件...
连接尝试 1/3...
连接失败: 2003: Can't connect to MySQL server on 'localhost:13306' (61 Connection refused)
等待 5 秒后重试...
连接尝试 2/3...
连接失败: 2003: Can't connect to MySQL server on 'localhost:13306' (61 Connection refused)
等待 5 秒后重试...
连接尝试 3/3...
连接失败: 2003: Can't connect to MySQL server on 'localhost:13306' (61 Connection refused)
达到最大重试次数，放弃连接
Traceback (most recent call last):
  File "/Users/yangsan/Library/Python/3.7/lib/python/site-packages/mysql/connector/network.py", line 600, in open_connection
    self.sock.connect(sockaddr)
ConnectionRefusedError: [Errno 61] Connection refused

The above exception was the direct cause of the following exception:

Traceback (most recent call last):
  File "mysql_to_txt.py", line 215, in <module>
    main()
  File "mysql_to_txt.py", line 178, in main
    connection = connect_to_mysql_with_retry()
  File "mysql_to_txt.py", line 32, in connect_to_mysql_with_retry
    connection = mysql.connector.connect(**DB_CONFIG)
  File "/Users/yangsan/Library/Python/3.7/lib/python/site-packages/mysql/connector/pooling.py", line 294, in connect
    return MySQLConnection(*args, **kwargs)
  File "/Users/yangsan/Library/Python/3.7/lib/python/site-packages/mysql/connector/connection.py", line 164, in __init__
    self.connect(**kwargs)
  File "/Users/yangsan/Library/Python/3.7/lib/python/site-packages/mysql/connector/abstracts.py", line 1181, in connect
    self._open_connection()
  File "/Users/yangsan/Library/Python/3.7/lib/python/site-packages/mysql/connector/connection.py", line 570, in _open_connection
    self._socket.open_connection()
  File "/Users/yangsan/Library/Python/3.7/lib/python/site-packages/mysql/connector/network.py", line 609, in open_connection
    ) from err
mysql.connector.errors.InterfaceError: 2003: Can't connect to MySQL server on 'localhost:13306' (61 Connection refused)
[2025-04-12 14:56:08] ✗ MySQL数据导出失败，错误代码: 1
[2025-04-12 14:56:08] 本次执行完成，将在5分钟后再次执行
[2025-04-12 14:56:08] --------------------------------------------
[2025-04-12 15:01:08] 开始新的迭代 - 2025-04-12 15:01:08
[2025-04-12 15:01:08] ================================================
[2025-04-12 15:01:08]       客服数据处理流程自动化脚本 v2.0 (后台定时版)
[2025-04-12 15:01:08] ================================================
[2025-04-12 15:01:08] 开始执行处理流程
[2025-04-12 15:01:08] === 步骤1: 从MySQL导出数据到TXT ===
[2025-04-12 15:01:08] 执行: python mysql_to_txt.py
开始从MySQL导出数据到文本文件...
连接尝试 1/3...
连接失败: 2003: Can't connect to MySQL server on 'localhost:13306' (61 Connection refused)
等待 5 秒后重试...
连接尝试 2/3...
连接失败: 2003: Can't connect to MySQL server on 'localhost:13306' (61 Connection refused)
等待 5 秒后重试...
连接尝试 3/3...
连接失败: 2003: Can't connect to MySQL server on 'localhost:13306' (61 Connection refused)
达到最大重试次数，放弃连接
Traceback (most recent call last):
  File "/Users/yangsan/Library/Python/3.7/lib/python/site-packages/mysql/connector/network.py", line 600, in open_connection
    self.sock.connect(sockaddr)
ConnectionRefusedError: [Errno 61] Connection refused

The above exception was the direct cause of the following exception:

Traceback (most recent call last):
  File "mysql_to_txt.py", line 215, in <module>
    main()
  File "mysql_to_txt.py", line 178, in main
    connection = connect_to_mysql_with_retry()
  File "mysql_to_txt.py", line 32, in connect_to_mysql_with_retry
    connection = mysql.connector.connect(**DB_CONFIG)
  File "/Users/yangsan/Library/Python/3.7/lib/python/site-packages/mysql/connector/pooling.py", line 294, in connect
    return MySQLConnection(*args, **kwargs)
  File "/Users/yangsan/Library/Python/3.7/lib/python/site-packages/mysql/connector/connection.py", line 164, in __init__
    self.connect(**kwargs)
  File "/Users/yangsan/Library/Python/3.7/lib/python/site-packages/mysql/connector/abstracts.py", line 1181, in connect
    self._open_connection()
  File "/Users/yangsan/Library/Python/3.7/lib/python/site-packages/mysql/connector/connection.py", line 570, in _open_connection
    self._socket.open_connection()
  File "/Users/yangsan/Library/Python/3.7/lib/python/site-packages/mysql/connector/network.py", line 609, in open_connection
    ) from err
mysql.connector.errors.InterfaceError: 2003: Can't connect to MySQL server on 'localhost:13306' (61 Connection refused)
[2025-04-12 15:01:18] ✗ MySQL数据导出失败，错误代码: 1
[2025-04-12 15:01:18] 本次执行完成，将在5分钟后再次执行
[2025-04-12 15:01:18] --------------------------------------------
[2025-04-12 15:35:46] 开始新的迭代 - 2025-04-12 15:35:46
[2025-04-12 15:35:46] ================================================
[2025-04-12 15:35:46]       客服数据处理流程自动化脚本 v2.0 (后台定时版)
[2025-04-12 15:35:46] ================================================
[2025-04-12 15:35:46] 开始执行处理流程
[2025-04-12 15:35:46] === 步骤1: 从MySQL导出数据到TXT ===
[2025-04-12 15:35:46] 执行: python mysql_to_txt.py
开始从MySQL导出数据到文本文件...
连接尝试 1/3...
连接失败: 2003: Can't connect to MySQL server on 'localhost:13306' (61 Connection refused)
等待 5 秒后重试...
连接尝试 2/3...
连接失败: 2003: Can't connect to MySQL server on 'localhost:13306' (61 Connection refused)
等待 5 秒后重试...
连接尝试 3/3...
连接失败: 2003: Can't connect to MySQL server on 'localhost:13306' (61 Connection refused)
达到最大重试次数，放弃连接
Traceback (most recent call last):
  File "/Users/yangsan/Library/Python/3.7/lib/python/site-packages/mysql/connector/network.py", line 600, in open_connection
    self.sock.connect(sockaddr)
ConnectionRefusedError: [Errno 61] Connection refused

The above exception was the direct cause of the following exception:

Traceback (most recent call last):
  File "mysql_to_txt.py", line 215, in <module>
    main()
  File "mysql_to_txt.py", line 178, in main
    connection = connect_to_mysql_with_retry()
  File "mysql_to_txt.py", line 32, in connect_to_mysql_with_retry
    connection = mysql.connector.connect(**DB_CONFIG)
  File "/Users/yangsan/Library/Python/3.7/lib/python/site-packages/mysql/connector/pooling.py", line 294, in connect
    return MySQLConnection(*args, **kwargs)
  File "/Users/yangsan/Library/Python/3.7/lib/python/site-packages/mysql/connector/connection.py", line 164, in __init__
    self.connect(**kwargs)
  File "/Users/yangsan/Library/Python/3.7/lib/python/site-packages/mysql/connector/abstracts.py", line 1181, in connect
    self._open_connection()
  File "/Users/yangsan/Library/Python/3.7/lib/python/site-packages/mysql/connector/connection.py", line 570, in _open_connection
    self._socket.open_connection()
  File "/Users/yangsan/Library/Python/3.7/lib/python/site-packages/mysql/connector/network.py", line 609, in open_connection
    ) from err
mysql.connector.errors.InterfaceError: 2003: Can't connect to MySQL server on 'localhost:13306' (61 Connection refused)
[2025-04-12 15:35:57] ✗ MySQL数据导出失败，错误代码: 1
[2025-04-12 15:35:57] 本次执行完成，将在5分钟后再次执行
[2025-04-12 15:35:57] --------------------------------------------
[2025-04-12 15:56:54] 开始新的迭代 - 2025-04-12 15:56:54
[2025-04-12 15:56:54] ================================================
[2025-04-12 15:56:54]       客服数据处理流程自动化脚本 v2.0 (后台定时版)
[2025-04-12 15:56:54] ================================================
[2025-04-12 15:56:54] 开始执行处理流程
[2025-04-12 15:56:54] === 步骤1: 从MySQL导出数据到TXT ===
[2025-04-12 15:56:54] 执行: python mysql_to_txt.py
开始从MySQL导出数据到文本文件...
连接尝试 1/3...
连接失败: 2003: Can't connect to MySQL server on 'localhost:13306' (61 Connection refused)
等待 5 秒后重试...
连接尝试 2/3...
连接失败: 2003: Can't connect to MySQL server on 'localhost:13306' (61 Connection refused)
等待 5 秒后重试...
连接尝试 3/3...
连接失败: 2003: Can't connect to MySQL server on 'localhost:13306' (61 Connection refused)
达到最大重试次数，放弃连接
Traceback (most recent call last):
  File "/Users/yangsan/Library/Python/3.7/lib/python/site-packages/mysql/connector/network.py", line 600, in open_connection
    self.sock.connect(sockaddr)
ConnectionRefusedError: [Errno 61] Connection refused

The above exception was the direct cause of the following exception:

Traceback (most recent call last):
  File "mysql_to_txt.py", line 215, in <module>
    main()
  File "mysql_to_txt.py", line 178, in main
    connection = connect_to_mysql_with_retry()
  File "mysql_to_txt.py", line 32, in connect_to_mysql_with_retry
    connection = mysql.connector.connect(**DB_CONFIG)
  File "/Users/yangsan/Library/Python/3.7/lib/python/site-packages/mysql/connector/pooling.py", line 294, in connect
    return MySQLConnection(*args, **kwargs)
  File "/Users/yangsan/Library/Python/3.7/lib/python/site-packages/mysql/connector/connection.py", line 164, in __init__
    self.connect(**kwargs)
  File "/Users/yangsan/Library/Python/3.7/lib/python/site-packages/mysql/connector/abstracts.py", line 1181, in connect
    self._open_connection()
  File "/Users/yangsan/Library/Python/3.7/lib/python/site-packages/mysql/connector/connection.py", line 570, in _open_connection
    self._socket.open_connection()
  File "/Users/yangsan/Library/Python/3.7/lib/python/site-packages/mysql/connector/network.py", line 609, in open_connection
    ) from err
mysql.connector.errors.InterfaceError: 2003: Can't connect to MySQL server on 'localhost:13306' (61 Connection refused)
[2025-04-12 15:57:04] ✗ MySQL数据导出失败，错误代码: 1
[2025-04-12 15:57:04] 本次执行完成，将在5分钟后再次执行
[2025-04-12 15:57:04] --------------------------------------------
[2025-04-12 16:02:04] 开始新的迭代 - 2025-04-12 16:02:04
[2025-04-12 16:02:04] ================================================
[2025-04-12 16:02:04]       客服数据处理流程自动化脚本 v2.0 (后台定时版)
[2025-04-12 16:02:04] ================================================
[2025-04-12 16:02:04] 开始执行处理流程
[2025-04-12 16:02:04] === 步骤1: 从MySQL导出数据到TXT ===
[2025-04-12 16:02:04] 执行: python mysql_to_txt.py
开始从MySQL导出数据到文本文件...
连接尝试 1/3...
连接失败: 2003: Can't connect to MySQL server on 'localhost:13306' (61 Connection refused)
等待 5 秒后重试...
连接尝试 2/3...
连接失败: 2003: Can't connect to MySQL server on 'localhost:13306' (61 Connection refused)
等待 5 秒后重试...
连接尝试 3/3...
连接失败: 2003: Can't connect to MySQL server on 'localhost:13306' (61 Connection refused)
达到最大重试次数，放弃连接
Traceback (most recent call last):
  File "/Users/yangsan/Library/Python/3.7/lib/python/site-packages/mysql/connector/network.py", line 600, in open_connection
    self.sock.connect(sockaddr)
ConnectionRefusedError: [Errno 61] Connection refused

The above exception was the direct cause of the following exception:

Traceback (most recent call last):
  File "mysql_to_txt.py", line 215, in <module>
    main()
  File "mysql_to_txt.py", line 178, in main
    connection = connect_to_mysql_with_retry()
  File "mysql_to_txt.py", line 32, in connect_to_mysql_with_retry
    connection = mysql.connector.connect(**DB_CONFIG)
  File "/Users/yangsan/Library/Python/3.7/lib/python/site-packages/mysql/connector/pooling.py", line 294, in connect
    return MySQLConnection(*args, **kwargs)
  File "/Users/yangsan/Library/Python/3.7/lib/python/site-packages/mysql/connector/connection.py", line 164, in __init__
    self.connect(**kwargs)
  File "/Users/yangsan/Library/Python/3.7/lib/python/site-packages/mysql/connector/abstracts.py", line 1181, in connect
    self._open_connection()
  File "/Users/yangsan/Library/Python/3.7/lib/python/site-packages/mysql/connector/connection.py", line 570, in _open_connection
    self._socket.open_connection()
  File "/Users/yangsan/Library/Python/3.7/lib/python/site-packages/mysql/connector/network.py", line 609, in open_connection
    ) from err
mysql.connector.errors.InterfaceError: 2003: Can't connect to MySQL server on 'localhost:13306' (61 Connection refused)
[2025-04-12 16:02:15] ✗ MySQL数据导出失败，错误代码: 1
[2025-04-12 16:02:15] 本次执行完成，将在5分钟后再次执行
[2025-04-12 16:02:15] --------------------------------------------
[2025-04-12 16:07:15] 开始新的迭代 - 2025-04-12 16:07:15
[2025-04-12 16:07:15] ================================================
[2025-04-12 16:07:15]       客服数据处理流程自动化脚本 v2.0 (后台定时版)
[2025-04-12 16:07:15] ================================================
[2025-04-12 16:07:15] 开始执行处理流程
[2025-04-12 16:07:15] === 步骤1: 从MySQL导出数据到TXT ===
[2025-04-12 16:07:15] 执行: python mysql_to_txt.py
开始从MySQL导出数据到文本文件...
连接尝试 1/3...
连接失败: 2003: Can't connect to MySQL server on 'localhost:13306' (61 Connection refused)
等待 5 秒后重试...
连接尝试 2/3...
连接失败: 2003: Can't connect to MySQL server on 'localhost:13306' (61 Connection refused)
等待 5 秒后重试...
连接尝试 3/3...
连接失败: 2003: Can't connect to MySQL server on 'localhost:13306' (61 Connection refused)
达到最大重试次数，放弃连接
Traceback (most recent call last):
  File "/Users/yangsan/Library/Python/3.7/lib/python/site-packages/mysql/connector/network.py", line 600, in open_connection
    self.sock.connect(sockaddr)
ConnectionRefusedError: [Errno 61] Connection refused

The above exception was the direct cause of the following exception:

Traceback (most recent call last):
  File "mysql_to_txt.py", line 215, in <module>
    main()
  File "mysql_to_txt.py", line 178, in main
    connection = connect_to_mysql_with_retry()
  File "mysql_to_txt.py", line 32, in connect_to_mysql_with_retry
    connection = mysql.connector.connect(**DB_CONFIG)
  File "/Users/yangsan/Library/Python/3.7/lib/python/site-packages/mysql/connector/pooling.py", line 294, in connect
    return MySQLConnection(*args, **kwargs)
  File "/Users/yangsan/Library/Python/3.7/lib/python/site-packages/mysql/connector/connection.py", line 164, in __init__
    self.connect(**kwargs)
  File "/Users/yangsan/Library/Python/3.7/lib/python/site-packages/mysql/connector/abstracts.py", line 1181, in connect
    self._open_connection()
  File "/Users/yangsan/Library/Python/3.7/lib/python/site-packages/mysql/connector/connection.py", line 570, in _open_connection
    self._socket.open_connection()
  File "/Users/yangsan/Library/Python/3.7/lib/python/site-packages/mysql/connector/network.py", line 609, in open_connection
    ) from err
mysql.connector.errors.InterfaceError: 2003: Can't connect to MySQL server on 'localhost:13306' (61 Connection refused)
[2025-04-12 16:07:25] ✗ MySQL数据导出失败，错误代码: 1
[2025-04-12 16:07:25] 本次执行完成，将在5分钟后再次执行
[2025-04-12 16:07:25] --------------------------------------------
[2025-04-12 16:12:25] 开始新的迭代 - 2025-04-12 16:12:25
[2025-04-12 16:12:25] ================================================
[2025-04-12 16:12:25]       客服数据处理流程自动化脚本 v2.0 (后台定时版)
[2025-04-12 16:12:25] ================================================
[2025-04-12 16:12:25] 开始执行处理流程
[2025-04-12 16:12:25] === 步骤1: 从MySQL导出数据到TXT ===
[2025-04-12 16:12:25] 执行: python mysql_to_txt.py
开始从MySQL导出数据到文本文件...
连接尝试 1/3...
连接失败: 2003: Can't connect to MySQL server on 'localhost:13306' (61 Connection refused)
等待 5 秒后重试...
连接尝试 2/3...
连接失败: 2003: Can't connect to MySQL server on 'localhost:13306' (61 Connection refused)
等待 5 秒后重试...
连接尝试 3/3...
连接失败: 2003: Can't connect to MySQL server on 'localhost:13306' (61 Connection refused)
达到最大重试次数，放弃连接
Traceback (most recent call last):
  File "/Users/yangsan/Library/Python/3.7/lib/python/site-packages/mysql/connector/network.py", line 600, in open_connection
    self.sock.connect(sockaddr)
ConnectionRefusedError: [Errno 61] Connection refused

The above exception was the direct cause of the following exception:

Traceback (most recent call last):
  File "mysql_to_txt.py", line 215, in <module>
    main()
  File "mysql_to_txt.py", line 178, in main
    connection = connect_to_mysql_with_retry()
  File "mysql_to_txt.py", line 32, in connect_to_mysql_with_retry
    connection = mysql.connector.connect(**DB_CONFIG)
  File "/Users/yangsan/Library/Python/3.7/lib/python/site-packages/mysql/connector/pooling.py", line 294, in connect
    return MySQLConnection(*args, **kwargs)
  File "/Users/yangsan/Library/Python/3.7/lib/python/site-packages/mysql/connector/connection.py", line 164, in __init__
    self.connect(**kwargs)
  File "/Users/yangsan/Library/Python/3.7/lib/python/site-packages/mysql/connector/abstracts.py", line 1181, in connect
    self._open_connection()
  File "/Users/yangsan/Library/Python/3.7/lib/python/site-packages/mysql/connector/connection.py", line 570, in _open_connection
    self._socket.open_connection()
  File "/Users/yangsan/Library/Python/3.7/lib/python/site-packages/mysql/connector/network.py", line 609, in open_connection
    ) from err
mysql.connector.errors.InterfaceError: 2003: Can't connect to MySQL server on 'localhost:13306' (61 Connection refused)
[2025-04-12 16:12:36] ✗ MySQL数据导出失败，错误代码: 1
[2025-04-12 16:12:36] 本次执行完成，将在5分钟后再次执行
[2025-04-12 16:12:36] --------------------------------------------
[2025-04-12 16:17:36] 开始新的迭代 - 2025-04-12 16:17:36
[2025-04-12 16:17:36] ================================================
[2025-04-12 16:17:36]       客服数据处理流程自动化脚本 v2.0 (后台定时版)
[2025-04-12 16:17:36] ================================================
[2025-04-12 16:17:36] 开始执行处理流程
[2025-04-12 16:17:36] === 步骤1: 从MySQL导出数据到TXT ===
[2025-04-12 16:17:36] 执行: python mysql_to_txt.py
开始从MySQL导出数据到文本文件...
连接尝试 1/3...
连接失败: 2003: Can't connect to MySQL server on 'localhost:13306' (61 Connection refused)
等待 5 秒后重试...
连接尝试 2/3...
连接失败: 2003: Can't connect to MySQL server on 'localhost:13306' (61 Connection refused)
等待 5 秒后重试...
连接尝试 3/3...
连接失败: 2003: Can't connect to MySQL server on 'localhost:13306' (61 Connection refused)
达到最大重试次数，放弃连接
Traceback (most recent call last):
  File "/Users/yangsan/Library/Python/3.7/lib/python/site-packages/mysql/connector/network.py", line 600, in open_connection
    self.sock.connect(sockaddr)
ConnectionRefusedError: [Errno 61] Connection refused

The above exception was the direct cause of the following exception:

Traceback (most recent call last):
  File "mysql_to_txt.py", line 215, in <module>
    main()
  File "mysql_to_txt.py", line 178, in main
    connection = connect_to_mysql_with_retry()
  File "mysql_to_txt.py", line 32, in connect_to_mysql_with_retry
    connection = mysql.connector.connect(**DB_CONFIG)
  File "/Users/yangsan/Library/Python/3.7/lib/python/site-packages/mysql/connector/pooling.py", line 294, in connect
    return MySQLConnection(*args, **kwargs)
  File "/Users/yangsan/Library/Python/3.7/lib/python/site-packages/mysql/connector/connection.py", line 164, in __init__
    self.connect(**kwargs)
  File "/Users/yangsan/Library/Python/3.7/lib/python/site-packages/mysql/connector/abstracts.py", line 1181, in connect
    self._open_connection()
  File "/Users/yangsan/Library/Python/3.7/lib/python/site-packages/mysql/connector/connection.py", line 570, in _open_connection
    self._socket.open_connection()
  File "/Users/yangsan/Library/Python/3.7/lib/python/site-packages/mysql/connector/network.py", line 609, in open_connection
    ) from err
mysql.connector.errors.InterfaceError: 2003: Can't connect to MySQL server on 'localhost:13306' (61 Connection refused)
[2025-04-12 16:17:46] ✗ MySQL数据导出失败，错误代码: 1
[2025-04-12 16:17:46] 本次执行完成，将在5分钟后再次执行
[2025-04-12 16:17:46] --------------------------------------------
[2025-04-12 16:52:43] 开始新的迭代 - 2025-04-12 16:52:43
[2025-04-12 16:52:43] ================================================
[2025-04-12 16:52:43]       客服数据处理流程自动化脚本 v2.0 (后台定时版)
[2025-04-12 16:52:43] ================================================
[2025-04-12 16:52:43] 开始执行处理流程
[2025-04-12 16:52:43] === 步骤1: 从MySQL导出数据到TXT ===
[2025-04-12 16:52:43] 执行: python mysql_to_txt.py
开始从MySQL导出数据到文本文件...
连接尝试 1/3...
连接失败: 2003: Can't connect to MySQL server on 'localhost:13306' (61 Connection refused)
等待 5 秒后重试...
连接尝试 2/3...
连接失败: 2003: Can't connect to MySQL server on 'localhost:13306' (61 Connection refused)
等待 5 秒后重试...
连接尝试 3/3...
连接失败: 2003: Can't connect to MySQL server on 'localhost:13306' (61 Connection refused)
达到最大重试次数，放弃连接
Traceback (most recent call last):
  File "/Users/yangsan/Library/Python/3.7/lib/python/site-packages/mysql/connector/network.py", line 600, in open_connection
    self.sock.connect(sockaddr)
ConnectionRefusedError: [Errno 61] Connection refused

The above exception was the direct cause of the following exception:

Traceback (most recent call last):
  File "mysql_to_txt.py", line 215, in <module>
    main()
  File "mysql_to_txt.py", line 178, in main
    connection = connect_to_mysql_with_retry()
  File "mysql_to_txt.py", line 32, in connect_to_mysql_with_retry
    connection = mysql.connector.connect(**DB_CONFIG)
  File "/Users/yangsan/Library/Python/3.7/lib/python/site-packages/mysql/connector/pooling.py", line 294, in connect
    return MySQLConnection(*args, **kwargs)
  File "/Users/yangsan/Library/Python/3.7/lib/python/site-packages/mysql/connector/connection.py", line 164, in __init__
    self.connect(**kwargs)
  File "/Users/yangsan/Library/Python/3.7/lib/python/site-packages/mysql/connector/abstracts.py", line 1181, in connect
    self._open_connection()
  File "/Users/yangsan/Library/Python/3.7/lib/python/site-packages/mysql/connector/connection.py", line 570, in _open_connection
    self._socket.open_connection()
  File "/Users/yangsan/Library/Python/3.7/lib/python/site-packages/mysql/connector/network.py", line 609, in open_connection
    ) from err
mysql.connector.errors.InterfaceError: 2003: Can't connect to MySQL server on 'localhost:13306' (61 Connection refused)
[2025-04-12 16:52:53] ✗ MySQL数据导出失败，错误代码: 1
[2025-04-12 16:52:53] 本次执行完成，将在5分钟后再次执行
[2025-04-12 16:52:53] --------------------------------------------
[2025-04-12 18:07:46] 开始新的迭代 - 2025-04-12 18:07:46
[2025-04-12 18:07:46] ================================================
[2025-04-12 18:07:46]       客服数据处理流程自动化脚本 v2.0 (后台定时版)
[2025-04-12 18:07:46] ================================================
[2025-04-12 18:07:46] 开始执行处理流程
[2025-04-12 18:07:46] === 步骤1: 从MySQL导出数据到TXT ===
[2025-04-12 18:07:46] 执行: python mysql_to_txt.py
开始从MySQL导出数据到文本文件...
连接尝试 1/3...
连接失败: 2003: Can't connect to MySQL server on 'localhost:13306' (61 Connection refused)
等待 5 秒后重试...
连接尝试 2/3...
连接失败: 2003: Can't connect to MySQL server on 'localhost:13306' (61 Connection refused)
等待 5 秒后重试...
连接尝试 3/3...
连接失败: 2003: Can't connect to MySQL server on 'localhost:13306' (61 Connection refused)
达到最大重试次数，放弃连接
Traceback (most recent call last):
  File "/Users/yangsan/Library/Python/3.7/lib/python/site-packages/mysql/connector/network.py", line 600, in open_connection
    self.sock.connect(sockaddr)
ConnectionRefusedError: [Errno 61] Connection refused

The above exception was the direct cause of the following exception:

Traceback (most recent call last):
  File "mysql_to_txt.py", line 215, in <module>
    main()
  File "mysql_to_txt.py", line 178, in main
    connection = connect_to_mysql_with_retry()
  File "mysql_to_txt.py", line 32, in connect_to_mysql_with_retry
    connection = mysql.connector.connect(**DB_CONFIG)
  File "/Users/yangsan/Library/Python/3.7/lib/python/site-packages/mysql/connector/pooling.py", line 294, in connect
    return MySQLConnection(*args, **kwargs)
  File "/Users/yangsan/Library/Python/3.7/lib/python/site-packages/mysql/connector/connection.py", line 164, in __init__
    self.connect(**kwargs)
  File "/Users/yangsan/Library/Python/3.7/lib/python/site-packages/mysql/connector/abstracts.py", line 1181, in connect
    self._open_connection()
  File "/Users/yangsan/Library/Python/3.7/lib/python/site-packages/mysql/connector/connection.py", line 570, in _open_connection
    self._socket.open_connection()
  File "/Users/yangsan/Library/Python/3.7/lib/python/site-packages/mysql/connector/network.py", line 609, in open_connection
    ) from err
mysql.connector.errors.InterfaceError: 2003: Can't connect to MySQL server on 'localhost:13306' (61 Connection refused)
[2025-04-12 18:07:57] ✗ MySQL数据导出失败，错误代码: 1
[2025-04-12 18:07:57] 本次执行完成，将在5分钟后再次执行
[2025-04-12 18:07:57] --------------------------------------------
[2025-04-12 18:12:57] 开始新的迭代 - 2025-04-12 18:12:57
[2025-04-12 18:12:57] ================================================
[2025-04-12 18:12:57]       客服数据处理流程自动化脚本 v2.0 (后台定时版)
[2025-04-12 18:12:57] ================================================
[2025-04-12 18:12:57] 开始执行处理流程
[2025-04-12 18:12:57] === 步骤1: 从MySQL导出数据到TXT ===
[2025-04-12 18:12:57] 执行: python mysql_to_txt.py
开始从MySQL导出数据到文本文件...
连接尝试 1/3...
连接失败: 2003: Can't connect to MySQL server on 'localhost:13306' (61 Connection refused)
等待 5 秒后重试...
连接尝试 2/3...
连接失败: 2003: Can't connect to MySQL server on 'localhost:13306' (61 Connection refused)
等待 5 秒后重试...
连接尝试 3/3...
连接失败: 2003: Can't connect to MySQL server on 'localhost:13306' (61 Connection refused)
达到最大重试次数，放弃连接
Traceback (most recent call last):
  File "/Users/yangsan/Library/Python/3.7/lib/python/site-packages/mysql/connector/network.py", line 600, in open_connection
    self.sock.connect(sockaddr)
ConnectionRefusedError: [Errno 61] Connection refused

The above exception was the direct cause of the following exception:

Traceback (most recent call last):
  File "mysql_to_txt.py", line 215, in <module>
    main()
  File "mysql_to_txt.py", line 178, in main
    connection = connect_to_mysql_with_retry()
  File "mysql_to_txt.py", line 32, in connect_to_mysql_with_retry
    connection = mysql.connector.connect(**DB_CONFIG)
  File "/Users/yangsan/Library/Python/3.7/lib/python/site-packages/mysql/connector/pooling.py", line 294, in connect
    return MySQLConnection(*args, **kwargs)
  File "/Users/yangsan/Library/Python/3.7/lib/python/site-packages/mysql/connector/connection.py", line 164, in __init__
    self.connect(**kwargs)
  File "/Users/yangsan/Library/Python/3.7/lib/python/site-packages/mysql/connector/abstracts.py", line 1181, in connect
    self._open_connection()
  File "/Users/yangsan/Library/Python/3.7/lib/python/site-packages/mysql/connector/connection.py", line 570, in _open_connection
    self._socket.open_connection()
  File "/Users/yangsan/Library/Python/3.7/lib/python/site-packages/mysql/connector/network.py", line 609, in open_connection
    ) from err
mysql.connector.errors.InterfaceError: 2003: Can't connect to MySQL server on 'localhost:13306' (61 Connection refused)
[2025-04-12 18:13:07] ✗ MySQL数据导出失败，错误代码: 1
[2025-04-12 18:13:07] 本次执行完成，将在5分钟后再次执行
[2025-04-12 18:13:07] --------------------------------------------
[2025-04-12 18:18:07] 开始新的迭代 - 2025-04-12 18:18:07
[2025-04-12 18:18:07] ================================================
[2025-04-12 18:18:07]       客服数据处理流程自动化脚本 v2.0 (后台定时版)
[2025-04-12 18:18:07] ================================================
[2025-04-12 18:18:07] 开始执行处理流程
[2025-04-12 18:18:07] === 步骤1: 从MySQL导出数据到TXT ===
[2025-04-12 18:18:07] 执行: python mysql_to_txt.py
开始从MySQL导出数据到文本文件...
连接尝试 1/3...
连接失败: 2003: Can't connect to MySQL server on 'localhost:13306' (61 Connection refused)
等待 5 秒后重试...
连接尝试 2/3...
连接失败: 2003: Can't connect to MySQL server on 'localhost:13306' (61 Connection refused)
等待 5 秒后重试...
连接尝试 3/3...
连接失败: 2003: Can't connect to MySQL server on 'localhost:13306' (61 Connection refused)
达到最大重试次数，放弃连接
Traceback (most recent call last):
  File "/Users/yangsan/Library/Python/3.7/lib/python/site-packages/mysql/connector/network.py", line 600, in open_connection
    self.sock.connect(sockaddr)
ConnectionRefusedError: [Errno 61] Connection refused

The above exception was the direct cause of the following exception:

Traceback (most recent call last):
  File "mysql_to_txt.py", line 215, in <module>
    main()
  File "mysql_to_txt.py", line 178, in main
    connection = connect_to_mysql_with_retry()
  File "mysql_to_txt.py", line 32, in connect_to_mysql_with_retry
    connection = mysql.connector.connect(**DB_CONFIG)
  File "/Users/yangsan/Library/Python/3.7/lib/python/site-packages/mysql/connector/pooling.py", line 294, in connect
    return MySQLConnection(*args, **kwargs)
  File "/Users/yangsan/Library/Python/3.7/lib/python/site-packages/mysql/connector/connection.py", line 164, in __init__
    self.connect(**kwargs)
  File "/Users/yangsan/Library/Python/3.7/lib/python/site-packages/mysql/connector/abstracts.py", line 1181, in connect
    self._open_connection()
  File "/Users/yangsan/Library/Python/3.7/lib/python/site-packages/mysql/connector/connection.py", line 570, in _open_connection
    self._socket.open_connection()
  File "/Users/yangsan/Library/Python/3.7/lib/python/site-packages/mysql/connector/network.py", line 609, in open_connection
    ) from err
mysql.connector.errors.InterfaceError: 2003: Can't connect to MySQL server on 'localhost:13306' (61 Connection refused)
[2025-04-12 18:18:18] ✗ MySQL数据导出失败，错误代码: 1
[2025-04-12 18:18:18] 本次执行完成，将在5分钟后再次执行
[2025-04-12 18:18:18] --------------------------------------------
[2025-04-12 18:23:18] 开始新的迭代 - 2025-04-12 18:23:18
[2025-04-12 18:23:18] ================================================
[2025-04-12 18:23:18]       客服数据处理流程自动化脚本 v2.0 (后台定时版)
[2025-04-12 18:23:18] ================================================
[2025-04-12 18:23:18] 开始执行处理流程
[2025-04-12 18:23:18] === 步骤1: 从MySQL导出数据到TXT ===
[2025-04-12 18:23:18] 执行: python mysql_to_txt.py
开始从MySQL导出数据到文本文件...
连接尝试 1/3...
连接失败: 2003: Can't connect to MySQL server on 'localhost:13306' (61 Connection refused)
等待 5 秒后重试...
连接尝试 2/3...
连接失败: 2003: Can't connect to MySQL server on 'localhost:13306' (61 Connection refused)
等待 5 秒后重试...
连接尝试 3/3...
连接失败: 2003: Can't connect to MySQL server on 'localhost:13306' (61 Connection refused)
达到最大重试次数，放弃连接
Traceback (most recent call last):
  File "/Users/yangsan/Library/Python/3.7/lib/python/site-packages/mysql/connector/network.py", line 600, in open_connection
    self.sock.connect(sockaddr)
ConnectionRefusedError: [Errno 61] Connection refused

The above exception was the direct cause of the following exception:

Traceback (most recent call last):
  File "mysql_to_txt.py", line 215, in <module>
    main()
  File "mysql_to_txt.py", line 178, in main
    connection = connect_to_mysql_with_retry()
  File "mysql_to_txt.py", line 32, in connect_to_mysql_with_retry
    connection = mysql.connector.connect(**DB_CONFIG)
  File "/Users/yangsan/Library/Python/3.7/lib/python/site-packages/mysql/connector/pooling.py", line 294, in connect
    return MySQLConnection(*args, **kwargs)
  File "/Users/yangsan/Library/Python/3.7/lib/python/site-packages/mysql/connector/connection.py", line 164, in __init__
    self.connect(**kwargs)
  File "/Users/yangsan/Library/Python/3.7/lib/python/site-packages/mysql/connector/abstracts.py", line 1181, in connect
    self._open_connection()
  File "/Users/yangsan/Library/Python/3.7/lib/python/site-packages/mysql/connector/connection.py", line 570, in _open_connection
    self._socket.open_connection()
  File "/Users/yangsan/Library/Python/3.7/lib/python/site-packages/mysql/connector/network.py", line 609, in open_connection
    ) from err
mysql.connector.errors.InterfaceError: 2003: Can't connect to MySQL server on 'localhost:13306' (61 Connection refused)
[2025-04-12 18:23:28] ✗ MySQL数据导出失败，错误代码: 1
[2025-04-12 18:23:28] 本次执行完成，将在5分钟后再次执行
[2025-04-12 18:23:28] --------------------------------------------
[2025-04-12 18:28:28] 开始新的迭代 - 2025-04-12 18:28:28
[2025-04-12 18:28:28] ================================================
[2025-04-12 18:28:28]       客服数据处理流程自动化脚本 v2.0 (后台定时版)
[2025-04-12 18:28:28] ================================================
[2025-04-12 18:28:28] 开始执行处理流程
[2025-04-12 18:28:28] === 步骤1: 从MySQL导出数据到TXT ===
[2025-04-12 18:28:28] 执行: python mysql_to_txt.py
开始从MySQL导出数据到文本文件...
连接尝试 1/3...
连接失败: 2003: Can't connect to MySQL server on 'localhost:13306' (61 Connection refused)
等待 5 秒后重试...
连接尝试 2/3...
连接失败: 2003: Can't connect to MySQL server on 'localhost:13306' (61 Connection refused)
等待 5 秒后重试...
连接尝试 3/3...
连接失败: 2003: Can't connect to MySQL server on 'localhost:13306' (61 Connection refused)
达到最大重试次数，放弃连接
Traceback (most recent call last):
  File "/Users/yangsan/Library/Python/3.7/lib/python/site-packages/mysql/connector/network.py", line 600, in open_connection
    self.sock.connect(sockaddr)
ConnectionRefusedError: [Errno 61] Connection refused

The above exception was the direct cause of the following exception:

Traceback (most recent call last):
  File "mysql_to_txt.py", line 215, in <module>
    main()
  File "mysql_to_txt.py", line 178, in main
    connection = connect_to_mysql_with_retry()
  File "mysql_to_txt.py", line 32, in connect_to_mysql_with_retry
    connection = mysql.connector.connect(**DB_CONFIG)
  File "/Users/yangsan/Library/Python/3.7/lib/python/site-packages/mysql/connector/pooling.py", line 294, in connect
    return MySQLConnection(*args, **kwargs)
  File "/Users/yangsan/Library/Python/3.7/lib/python/site-packages/mysql/connector/connection.py", line 164, in __init__
    self.connect(**kwargs)
  File "/Users/yangsan/Library/Python/3.7/lib/python/site-packages/mysql/connector/abstracts.py", line 1181, in connect
    self._open_connection()
  File "/Users/yangsan/Library/Python/3.7/lib/python/site-packages/mysql/connector/connection.py", line 570, in _open_connection
    self._socket.open_connection()
  File "/Users/yangsan/Library/Python/3.7/lib/python/site-packages/mysql/connector/network.py", line 609, in open_connection
    ) from err
mysql.connector.errors.InterfaceError: 2003: Can't connect to MySQL server on 'localhost:13306' (61 Connection refused)
[2025-04-12 18:28:38] ✗ MySQL数据导出失败，错误代码: 1
[2025-04-12 18:28:38] 本次执行完成，将在5分钟后再次执行
[2025-04-12 18:28:38] --------------------------------------------
[2025-04-12 18:33:38] 开始新的迭代 - 2025-04-12 18:33:38
[2025-04-12 18:33:38] ================================================
[2025-04-12 18:33:38]       客服数据处理流程自动化脚本 v2.0 (后台定时版)
[2025-04-12 18:33:38] ================================================
[2025-04-12 18:33:38] 开始执行处理流程
[2025-04-12 18:33:38] === 步骤1: 从MySQL导出数据到TXT ===
[2025-04-12 18:33:38] 执行: python mysql_to_txt.py
开始从MySQL导出数据到文本文件...
连接尝试 1/3...
连接失败: 2003: Can't connect to MySQL server on 'localhost:13306' (61 Connection refused)
等待 5 秒后重试...
连接尝试 2/3...
连接失败: 2003: Can't connect to MySQL server on 'localhost:13306' (61 Connection refused)
等待 5 秒后重试...
连接尝试 3/3...
连接失败: 2003: Can't connect to MySQL server on 'localhost:13306' (61 Connection refused)
达到最大重试次数，放弃连接
Traceback (most recent call last):
  File "/Users/yangsan/Library/Python/3.7/lib/python/site-packages/mysql/connector/network.py", line 600, in open_connection
    self.sock.connect(sockaddr)
ConnectionRefusedError: [Errno 61] Connection refused

The above exception was the direct cause of the following exception:

Traceback (most recent call last):
  File "mysql_to_txt.py", line 215, in <module>
    main()
  File "mysql_to_txt.py", line 178, in main
    connection = connect_to_mysql_with_retry()
  File "mysql_to_txt.py", line 32, in connect_to_mysql_with_retry
    connection = mysql.connector.connect(**DB_CONFIG)
  File "/Users/yangsan/Library/Python/3.7/lib/python/site-packages/mysql/connector/pooling.py", line 294, in connect
    return MySQLConnection(*args, **kwargs)
  File "/Users/yangsan/Library/Python/3.7/lib/python/site-packages/mysql/connector/connection.py", line 164, in __init__
    self.connect(**kwargs)
  File "/Users/yangsan/Library/Python/3.7/lib/python/site-packages/mysql/connector/abstracts.py", line 1181, in connect
    self._open_connection()
  File "/Users/yangsan/Library/Python/3.7/lib/python/site-packages/mysql/connector/connection.py", line 570, in _open_connection
    self._socket.open_connection()
  File "/Users/yangsan/Library/Python/3.7/lib/python/site-packages/mysql/connector/network.py", line 609, in open_connection
    ) from err
mysql.connector.errors.InterfaceError: 2003: Can't connect to MySQL server on 'localhost:13306' (61 Connection refused)
[2025-04-12 18:33:49] ✗ MySQL数据导出失败，错误代码: 1
[2025-04-12 18:33:49] 本次执行完成，将在5分钟后再次执行
[2025-04-12 18:33:49] --------------------------------------------
[2025-04-12 18:38:49] 开始新的迭代 - 2025-04-12 18:38:49
[2025-04-12 18:38:49] ================================================
[2025-04-12 18:38:49]       客服数据处理流程自动化脚本 v2.0 (后台定时版)
[2025-04-12 18:38:49] ================================================
[2025-04-12 18:38:49] 开始执行处理流程
[2025-04-12 18:38:49] === 步骤1: 从MySQL导出数据到TXT ===
[2025-04-12 18:38:49] 执行: python mysql_to_txt.py
开始从MySQL导出数据到文本文件...
连接尝试 1/3...
连接失败: 2003: Can't connect to MySQL server on 'localhost:13306' (61 Connection refused)
等待 5 秒后重试...
连接尝试 2/3...
连接失败: 2003: Can't connect to MySQL server on 'localhost:13306' (61 Connection refused)
等待 5 秒后重试...
连接尝试 3/3...
连接失败: 2003: Can't connect to MySQL server on 'localhost:13306' (61 Connection refused)
达到最大重试次数，放弃连接
Traceback (most recent call last):
  File "/Users/yangsan/Library/Python/3.7/lib/python/site-packages/mysql/connector/network.py", line 600, in open_connection
    self.sock.connect(sockaddr)
ConnectionRefusedError: [Errno 61] Connection refused

The above exception was the direct cause of the following exception:

Traceback (most recent call last):
  File "mysql_to_txt.py", line 215, in <module>
    main()
  File "mysql_to_txt.py", line 178, in main
    connection = connect_to_mysql_with_retry()
  File "mysql_to_txt.py", line 32, in connect_to_mysql_with_retry
    connection = mysql.connector.connect(**DB_CONFIG)
  File "/Users/yangsan/Library/Python/3.7/lib/python/site-packages/mysql/connector/pooling.py", line 294, in connect
    return MySQLConnection(*args, **kwargs)
  File "/Users/yangsan/Library/Python/3.7/lib/python/site-packages/mysql/connector/connection.py", line 164, in __init__
    self.connect(**kwargs)
  File "/Users/yangsan/Library/Python/3.7/lib/python/site-packages/mysql/connector/abstracts.py", line 1181, in connect
    self._open_connection()
  File "/Users/yangsan/Library/Python/3.7/lib/python/site-packages/mysql/connector/connection.py", line 570, in _open_connection
    self._socket.open_connection()
  File "/Users/yangsan/Library/Python/3.7/lib/python/site-packages/mysql/connector/network.py", line 609, in open_connection
    ) from err
mysql.connector.errors.InterfaceError: 2003: Can't connect to MySQL server on 'localhost:13306' (61 Connection refused)
[2025-04-12 18:38:59] ✗ MySQL数据导出失败，错误代码: 1
[2025-04-12 18:38:59] 本次执行完成，将在5分钟后再次执行
[2025-04-12 18:38:59] --------------------------------------------
[2025-04-12 18:43:59] 开始新的迭代 - 2025-04-12 18:43:59
[2025-04-12 18:43:59] ================================================
[2025-04-12 18:43:59]       客服数据处理流程自动化脚本 v2.0 (后台定时版)
[2025-04-12 18:43:59] ================================================
[2025-04-12 18:43:59] 开始执行处理流程
[2025-04-12 18:43:59] === 步骤1: 从MySQL导出数据到TXT ===
[2025-04-12 18:43:59] 执行: python mysql_to_txt.py
开始从MySQL导出数据到文本文件...
连接尝试 1/3...
连接失败: 2003: Can't connect to MySQL server on 'localhost:13306' (61 Connection refused)
等待 5 秒后重试...
连接尝试 2/3...
连接失败: 2003: Can't connect to MySQL server on 'localhost:13306' (61 Connection refused)
等待 5 秒后重试...
连接尝试 3/3...
连接失败: 2003: Can't connect to MySQL server on 'localhost:13306' (61 Connection refused)
达到最大重试次数，放弃连接
Traceback (most recent call last):
  File "/Users/yangsan/Library/Python/3.7/lib/python/site-packages/mysql/connector/network.py", line 600, in open_connection
    self.sock.connect(sockaddr)
ConnectionRefusedError: [Errno 61] Connection refused

The above exception was the direct cause of the following exception:

Traceback (most recent call last):
  File "mysql_to_txt.py", line 215, in <module>
    main()
  File "mysql_to_txt.py", line 178, in main
    connection = connect_to_mysql_with_retry()
  File "mysql_to_txt.py", line 32, in connect_to_mysql_with_retry
    connection = mysql.connector.connect(**DB_CONFIG)
  File "/Users/yangsan/Library/Python/3.7/lib/python/site-packages/mysql/connector/pooling.py", line 294, in connect
    return MySQLConnection(*args, **kwargs)
  File "/Users/yangsan/Library/Python/3.7/lib/python/site-packages/mysql/connector/connection.py", line 164, in __init__
    self.connect(**kwargs)
  File "/Users/yangsan/Library/Python/3.7/lib/python/site-packages/mysql/connector/abstracts.py", line 1181, in connect
    self._open_connection()
  File "/Users/yangsan/Library/Python/3.7/lib/python/site-packages/mysql/connector/connection.py", line 570, in _open_connection
    self._socket.open_connection()
  File "/Users/yangsan/Library/Python/3.7/lib/python/site-packages/mysql/connector/network.py", line 609, in open_connection
    ) from err
mysql.connector.errors.InterfaceError: 2003: Can't connect to MySQL server on 'localhost:13306' (61 Connection refused)
[2025-04-12 18:44:10] ✗ MySQL数据导出失败，错误代码: 1
[2025-04-12 18:44:10] 本次执行完成，将在5分钟后再次执行
[2025-04-12 18:44:10] --------------------------------------------
[2025-04-12 18:49:10] 开始新的迭代 - 2025-04-12 18:49:10
[2025-04-12 18:49:10] ================================================
[2025-04-12 18:49:10]       客服数据处理流程自动化脚本 v2.0 (后台定时版)
[2025-04-12 18:49:10] ================================================
[2025-04-12 18:49:10] 开始执行处理流程
[2025-04-12 18:49:10] === 步骤1: 从MySQL导出数据到TXT ===
[2025-04-12 18:49:10] 执行: python mysql_to_txt.py
开始从MySQL导出数据到文本文件...
连接尝试 1/3...
连接失败: 2003: Can't connect to MySQL server on 'localhost:13306' (61 Connection refused)
等待 5 秒后重试...
连接尝试 2/3...
连接失败: 2003: Can't connect to MySQL server on 'localhost:13306' (61 Connection refused)
等待 5 秒后重试...
连接尝试 3/3...
连接失败: 2003: Can't connect to MySQL server on 'localhost:13306' (61 Connection refused)
达到最大重试次数，放弃连接
Traceback (most recent call last):
  File "/Users/yangsan/Library/Python/3.7/lib/python/site-packages/mysql/connector/network.py", line 600, in open_connection
    self.sock.connect(sockaddr)
ConnectionRefusedError: [Errno 61] Connection refused

The above exception was the direct cause of the following exception:

Traceback (most recent call last):
  File "mysql_to_txt.py", line 215, in <module>
    main()
  File "mysql_to_txt.py", line 178, in main
    connection = connect_to_mysql_with_retry()
  File "mysql_to_txt.py", line 32, in connect_to_mysql_with_retry
    connection = mysql.connector.connect(**DB_CONFIG)
  File "/Users/yangsan/Library/Python/3.7/lib/python/site-packages/mysql/connector/pooling.py", line 294, in connect
    return MySQLConnection(*args, **kwargs)
  File "/Users/yangsan/Library/Python/3.7/lib/python/site-packages/mysql/connector/connection.py", line 164, in __init__
    self.connect(**kwargs)
  File "/Users/yangsan/Library/Python/3.7/lib/python/site-packages/mysql/connector/abstracts.py", line 1181, in connect
    self._open_connection()
  File "/Users/yangsan/Library/Python/3.7/lib/python/site-packages/mysql/connector/connection.py", line 570, in _open_connection
    self._socket.open_connection()
  File "/Users/yangsan/Library/Python/3.7/lib/python/site-packages/mysql/connector/network.py", line 609, in open_connection
    ) from err
mysql.connector.errors.InterfaceError: 2003: Can't connect to MySQL server on 'localhost:13306' (61 Connection refused)
[2025-04-12 18:49:20] ✗ MySQL数据导出失败，错误代码: 1
[2025-04-12 18:49:20] 本次执行完成，将在5分钟后再次执行
[2025-04-12 18:49:20] --------------------------------------------
[2025-04-12 18:54:20] 开始新的迭代 - 2025-04-12 18:54:20
[2025-04-12 18:54:20] ================================================
[2025-04-12 18:54:20]       客服数据处理流程自动化脚本 v2.0 (后台定时版)
[2025-04-12 18:54:20] ================================================
[2025-04-12 18:54:20] 开始执行处理流程
[2025-04-12 18:54:20] === 步骤1: 从MySQL导出数据到TXT ===
[2025-04-12 18:54:20] 执行: python mysql_to_txt.py
开始从MySQL导出数据到文本文件...
连接尝试 1/3...
连接失败: 2003: Can't connect to MySQL server on 'localhost:13306' (61 Connection refused)
等待 5 秒后重试...
连接尝试 2/3...
连接失败: 2003: Can't connect to MySQL server on 'localhost:13306' (61 Connection refused)
等待 5 秒后重试...
连接尝试 3/3...
连接失败: 2003: Can't connect to MySQL server on 'localhost:13306' (61 Connection refused)
达到最大重试次数，放弃连接
Traceback (most recent call last):
  File "/Users/yangsan/Library/Python/3.7/lib/python/site-packages/mysql/connector/network.py", line 600, in open_connection
    self.sock.connect(sockaddr)
ConnectionRefusedError: [Errno 61] Connection refused

The above exception was the direct cause of the following exception:

Traceback (most recent call last):
  File "mysql_to_txt.py", line 215, in <module>
    main()
  File "mysql_to_txt.py", line 178, in main
    connection = connect_to_mysql_with_retry()
  File "mysql_to_txt.py", line 32, in connect_to_mysql_with_retry
    connection = mysql.connector.connect(**DB_CONFIG)
  File "/Users/yangsan/Library/Python/3.7/lib/python/site-packages/mysql/connector/pooling.py", line 294, in connect
    return MySQLConnection(*args, **kwargs)
  File "/Users/yangsan/Library/Python/3.7/lib/python/site-packages/mysql/connector/connection.py", line 164, in __init__
    self.connect(**kwargs)
  File "/Users/yangsan/Library/Python/3.7/lib/python/site-packages/mysql/connector/abstracts.py", line 1181, in connect
    self._open_connection()
  File "/Users/yangsan/Library/Python/3.7/lib/python/site-packages/mysql/connector/connection.py", line 570, in _open_connection
    self._socket.open_connection()
  File "/Users/yangsan/Library/Python/3.7/lib/python/site-packages/mysql/connector/network.py", line 609, in open_connection
    ) from err
mysql.connector.errors.InterfaceError: 2003: Can't connect to MySQL server on 'localhost:13306' (61 Connection refused)
[2025-04-12 18:54:30] ✗ MySQL数据导出失败，错误代码: 1
[2025-04-12 18:54:30] 本次执行完成，将在5分钟后再次执行
[2025-04-12 18:54:30] --------------------------------------------
[2025-04-12 18:59:30] 开始新的迭代 - 2025-04-12 18:59:30
[2025-04-12 18:59:30] ================================================
[2025-04-12 18:59:30]       客服数据处理流程自动化脚本 v2.0 (后台定时版)
[2025-04-12 18:59:30] ================================================
[2025-04-12 18:59:30] 开始执行处理流程
[2025-04-12 18:59:30] === 步骤1: 从MySQL导出数据到TXT ===
[2025-04-12 18:59:30] 执行: python mysql_to_txt.py
开始从MySQL导出数据到文本文件...
连接尝试 1/3...
连接失败: 2003: Can't connect to MySQL server on 'localhost:13306' (61 Connection refused)
等待 5 秒后重试...
连接尝试 2/3...
连接失败: 2003: Can't connect to MySQL server on 'localhost:13306' (61 Connection refused)
等待 5 秒后重试...
连接尝试 3/3...
连接失败: 2003: Can't connect to MySQL server on 'localhost:13306' (61 Connection refused)
达到最大重试次数，放弃连接
Traceback (most recent call last):
  File "/Users/yangsan/Library/Python/3.7/lib/python/site-packages/mysql/connector/network.py", line 600, in open_connection
    self.sock.connect(sockaddr)
ConnectionRefusedError: [Errno 61] Connection refused

The above exception was the direct cause of the following exception:

Traceback (most recent call last):
  File "mysql_to_txt.py", line 215, in <module>
    main()
  File "mysql_to_txt.py", line 178, in main
    connection = connect_to_mysql_with_retry()
  File "mysql_to_txt.py", line 32, in connect_to_mysql_with_retry
    connection = mysql.connector.connect(**DB_CONFIG)
  File "/Users/yangsan/Library/Python/3.7/lib/python/site-packages/mysql/connector/pooling.py", line 294, in connect
    return MySQLConnection(*args, **kwargs)
  File "/Users/yangsan/Library/Python/3.7/lib/python/site-packages/mysql/connector/connection.py", line 164, in __init__
    self.connect(**kwargs)
  File "/Users/yangsan/Library/Python/3.7/lib/python/site-packages/mysql/connector/abstracts.py", line 1181, in connect
    self._open_connection()
  File "/Users/yangsan/Library/Python/3.7/lib/python/site-packages/mysql/connector/connection.py", line 570, in _open_connection
    self._socket.open_connection()
  File "/Users/yangsan/Library/Python/3.7/lib/python/site-packages/mysql/connector/network.py", line 609, in open_connection
    ) from err
mysql.connector.errors.InterfaceError: 2003: Can't connect to MySQL server on 'localhost:13306' (61 Connection refused)
[2025-04-12 18:59:41] ✗ MySQL数据导出失败，错误代码: 1
[2025-04-12 18:59:41] 本次执行完成，将在5分钟后再次执行
[2025-04-12 18:59:41] --------------------------------------------
[2025-04-12 19:04:41] 开始新的迭代 - 2025-04-12 19:04:41
[2025-04-12 19:04:41] ================================================
[2025-04-12 19:04:41]       客服数据处理流程自动化脚本 v2.0 (后台定时版)
[2025-04-12 19:04:41] ================================================
[2025-04-12 19:04:41] 开始执行处理流程
[2025-04-12 19:04:41] === 步骤1: 从MySQL导出数据到TXT ===
[2025-04-12 19:04:41] 执行: python mysql_to_txt.py
开始从MySQL导出数据到文本文件...
连接尝试 1/3...
连接失败: 2003: Can't connect to MySQL server on 'localhost:13306' (61 Connection refused)
等待 5 秒后重试...
连接尝试 2/3...
连接失败: 2003: Can't connect to MySQL server on 'localhost:13306' (61 Connection refused)
等待 5 秒后重试...
连接尝试 3/3...
连接失败: 2003: Can't connect to MySQL server on 'localhost:13306' (61 Connection refused)
达到最大重试次数，放弃连接
Traceback (most recent call last):
  File "/Users/yangsan/Library/Python/3.7/lib/python/site-packages/mysql/connector/network.py", line 600, in open_connection
    self.sock.connect(sockaddr)
ConnectionRefusedError: [Errno 61] Connection refused

The above exception was the direct cause of the following exception:

Traceback (most recent call last):
  File "mysql_to_txt.py", line 215, in <module>
    main()
  File "mysql_to_txt.py", line 178, in main
    connection = connect_to_mysql_with_retry()
  File "mysql_to_txt.py", line 32, in connect_to_mysql_with_retry
    connection = mysql.connector.connect(**DB_CONFIG)
  File "/Users/yangsan/Library/Python/3.7/lib/python/site-packages/mysql/connector/pooling.py", line 294, in connect
    return MySQLConnection(*args, **kwargs)
  File "/Users/yangsan/Library/Python/3.7/lib/python/site-packages/mysql/connector/connection.py", line 164, in __init__
    self.connect(**kwargs)
  File "/Users/yangsan/Library/Python/3.7/lib/python/site-packages/mysql/connector/abstracts.py", line 1181, in connect
    self._open_connection()
  File "/Users/yangsan/Library/Python/3.7/lib/python/site-packages/mysql/connector/connection.py", line 570, in _open_connection
    self._socket.open_connection()
  File "/Users/yangsan/Library/Python/3.7/lib/python/site-packages/mysql/connector/network.py", line 609, in open_connection
    ) from err
mysql.connector.errors.InterfaceError: 2003: Can't connect to MySQL server on 'localhost:13306' (61 Connection refused)
[2025-04-12 19:04:51] ✗ MySQL数据导出失败，错误代码: 1
[2025-04-12 19:04:51] 本次执行完成，将在5分钟后再次执行
[2025-04-12 19:04:51] --------------------------------------------
[2025-04-12 19:09:51] 开始新的迭代 - 2025-04-12 19:09:51
[2025-04-12 19:09:51] ================================================
[2025-04-12 19:09:51]       客服数据处理流程自动化脚本 v2.0 (后台定时版)
[2025-04-12 19:09:51] ================================================
[2025-04-12 19:09:51] 开始执行处理流程
[2025-04-12 19:09:51] === 步骤1: 从MySQL导出数据到TXT ===
[2025-04-12 19:09:51] 执行: python mysql_to_txt.py
开始从MySQL导出数据到文本文件...
连接尝试 1/3...
连接失败: 2003: Can't connect to MySQL server on 'localhost:13306' (61 Connection refused)
等待 5 秒后重试...
连接尝试 2/3...
连接失败: 2003: Can't connect to MySQL server on 'localhost:13306' (61 Connection refused)
等待 5 秒后重试...
连接尝试 3/3...
连接失败: 2003: Can't connect to MySQL server on 'localhost:13306' (61 Connection refused)
达到最大重试次数，放弃连接
Traceback (most recent call last):
  File "/Users/yangsan/Library/Python/3.7/lib/python/site-packages/mysql/connector/network.py", line 600, in open_connection
    self.sock.connect(sockaddr)
ConnectionRefusedError: [Errno 61] Connection refused

The above exception was the direct cause of the following exception:

Traceback (most recent call last):
  File "mysql_to_txt.py", line 215, in <module>
    main()
  File "mysql_to_txt.py", line 178, in main
    connection = connect_to_mysql_with_retry()
  File "mysql_to_txt.py", line 32, in connect_to_mysql_with_retry
    connection = mysql.connector.connect(**DB_CONFIG)
  File "/Users/yangsan/Library/Python/3.7/lib/python/site-packages/mysql/connector/pooling.py", line 294, in connect
    return MySQLConnection(*args, **kwargs)
  File "/Users/yangsan/Library/Python/3.7/lib/python/site-packages/mysql/connector/connection.py", line 164, in __init__
    self.connect(**kwargs)
  File "/Users/yangsan/Library/Python/3.7/lib/python/site-packages/mysql/connector/abstracts.py", line 1181, in connect
    self._open_connection()
  File "/Users/yangsan/Library/Python/3.7/lib/python/site-packages/mysql/connector/connection.py", line 570, in _open_connection
    self._socket.open_connection()
  File "/Users/yangsan/Library/Python/3.7/lib/python/site-packages/mysql/connector/network.py", line 609, in open_connection
    ) from err
mysql.connector.errors.InterfaceError: 2003: Can't connect to MySQL server on 'localhost:13306' (61 Connection refused)
[2025-04-12 19:10:02] ✗ MySQL数据导出失败，错误代码: 1
[2025-04-12 19:10:02] 本次执行完成，将在5分钟后再次执行
[2025-04-12 19:10:02] --------------------------------------------
[2025-04-12 19:15:02] 开始新的迭代 - 2025-04-12 19:15:02
[2025-04-12 19:15:02] ================================================
[2025-04-12 19:15:02]       客服数据处理流程自动化脚本 v2.0 (后台定时版)
[2025-04-12 19:15:02] ================================================
[2025-04-12 19:15:02] 开始执行处理流程
[2025-04-12 19:15:02] === 步骤1: 从MySQL导出数据到TXT ===
[2025-04-12 19:15:02] 执行: python mysql_to_txt.py
开始从MySQL导出数据到文本文件...
连接尝试 1/3...
连接失败: 2003: Can't connect to MySQL server on 'localhost:13306' (61 Connection refused)
等待 5 秒后重试...
连接尝试 2/3...
连接失败: 2003: Can't connect to MySQL server on 'localhost:13306' (61 Connection refused)
等待 5 秒后重试...
连接尝试 3/3...
连接失败: 2003: Can't connect to MySQL server on 'localhost:13306' (61 Connection refused)
达到最大重试次数，放弃连接
Traceback (most recent call last):
  File "/Users/yangsan/Library/Python/3.7/lib/python/site-packages/mysql/connector/network.py", line 600, in open_connection
    self.sock.connect(sockaddr)
ConnectionRefusedError: [Errno 61] Connection refused

The above exception was the direct cause of the following exception:

Traceback (most recent call last):
  File "mysql_to_txt.py", line 215, in <module>
    main()
  File "mysql_to_txt.py", line 178, in main
    connection = connect_to_mysql_with_retry()
  File "mysql_to_txt.py", line 32, in connect_to_mysql_with_retry
    connection = mysql.connector.connect(**DB_CONFIG)
  File "/Users/yangsan/Library/Python/3.7/lib/python/site-packages/mysql/connector/pooling.py", line 294, in connect
    return MySQLConnection(*args, **kwargs)
  File "/Users/yangsan/Library/Python/3.7/lib/python/site-packages/mysql/connector/connection.py", line 164, in __init__
    self.connect(**kwargs)
  File "/Users/yangsan/Library/Python/3.7/lib/python/site-packages/mysql/connector/abstracts.py", line 1181, in connect
    self._open_connection()
  File "/Users/yangsan/Library/Python/3.7/lib/python/site-packages/mysql/connector/connection.py", line 570, in _open_connection
    self._socket.open_connection()
  File "/Users/yangsan/Library/Python/3.7/lib/python/site-packages/mysql/connector/network.py", line 609, in open_connection
    ) from err
mysql.connector.errors.InterfaceError: 2003: Can't connect to MySQL server on 'localhost:13306' (61 Connection refused)
[2025-04-12 19:15:12] ✗ MySQL数据导出失败，错误代码: 1
[2025-04-12 19:15:12] 本次执行完成，将在5分钟后再次执行
[2025-04-12 19:15:12] --------------------------------------------
[2025-04-12 19:20:12] 开始新的迭代 - 2025-04-12 19:20:12
[2025-04-12 19:20:12] ================================================
[2025-04-12 19:20:12]       客服数据处理流程自动化脚本 v2.0 (后台定时版)
[2025-04-12 19:20:12] ================================================
[2025-04-12 19:20:12] 开始执行处理流程
[2025-04-12 19:20:12] === 步骤1: 从MySQL导出数据到TXT ===
[2025-04-12 19:20:12] 执行: python mysql_to_txt.py
开始从MySQL导出数据到文本文件...
连接尝试 1/3...
连接失败: 2003: Can't connect to MySQL server on 'localhost:13306' (61 Connection refused)
等待 5 秒后重试...
连接尝试 2/3...
连接失败: 2003: Can't connect to MySQL server on 'localhost:13306' (61 Connection refused)
等待 5 秒后重试...
连接尝试 3/3...
连接失败: 2003: Can't connect to MySQL server on 'localhost:13306' (61 Connection refused)
达到最大重试次数，放弃连接
Traceback (most recent call last):
  File "/Users/yangsan/Library/Python/3.7/lib/python/site-packages/mysql/connector/network.py", line 600, in open_connection
    self.sock.connect(sockaddr)
ConnectionRefusedError: [Errno 61] Connection refused

The above exception was the direct cause of the following exception:

Traceback (most recent call last):
  File "mysql_to_txt.py", line 215, in <module>
    main()
  File "mysql_to_txt.py", line 178, in main
    connection = connect_to_mysql_with_retry()
  File "mysql_to_txt.py", line 32, in connect_to_mysql_with_retry
    connection = mysql.connector.connect(**DB_CONFIG)
  File "/Users/yangsan/Library/Python/3.7/lib/python/site-packages/mysql/connector/pooling.py", line 294, in connect
    return MySQLConnection(*args, **kwargs)
  File "/Users/yangsan/Library/Python/3.7/lib/python/site-packages/mysql/connector/connection.py", line 164, in __init__
    self.connect(**kwargs)
  File "/Users/yangsan/Library/Python/3.7/lib/python/site-packages/mysql/connector/abstracts.py", line 1181, in connect
    self._open_connection()
  File "/Users/yangsan/Library/Python/3.7/lib/python/site-packages/mysql/connector/connection.py", line 570, in _open_connection
    self._socket.open_connection()
  File "/Users/yangsan/Library/Python/3.7/lib/python/site-packages/mysql/connector/network.py", line 609, in open_connection
    ) from err
mysql.connector.errors.InterfaceError: 2003: Can't connect to MySQL server on 'localhost:13306' (61 Connection refused)
[2025-04-12 19:20:23] ✗ MySQL数据导出失败，错误代码: 1
[2025-04-12 19:20:23] 本次执行完成，将在5分钟后再次执行
[2025-04-12 19:20:23] --------------------------------------------
[2025-04-12 19:25:23] 开始新的迭代 - 2025-04-12 19:25:23
[2025-04-12 19:25:23] ================================================
[2025-04-12 19:25:23]       客服数据处理流程自动化脚本 v2.0 (后台定时版)
[2025-04-12 19:25:23] ================================================
[2025-04-12 19:25:23] 开始执行处理流程
[2025-04-12 19:25:23] === 步骤1: 从MySQL导出数据到TXT ===
[2025-04-12 19:25:23] 执行: python mysql_to_txt.py
开始从MySQL导出数据到文本文件...
连接尝试 1/3...
连接失败: 2003: Can't connect to MySQL server on 'localhost:13306' (61 Connection refused)
等待 5 秒后重试...
连接尝试 2/3...
连接失败: 2003: Can't connect to MySQL server on 'localhost:13306' (61 Connection refused)
等待 5 秒后重试...
连接尝试 3/3...
连接失败: 2003: Can't connect to MySQL server on 'localhost:13306' (61 Connection refused)
达到最大重试次数，放弃连接
Traceback (most recent call last):
  File "/Users/yangsan/Library/Python/3.7/lib/python/site-packages/mysql/connector/network.py", line 600, in open_connection
    self.sock.connect(sockaddr)
ConnectionRefusedError: [Errno 61] Connection refused

The above exception was the direct cause of the following exception:

Traceback (most recent call last):
  File "mysql_to_txt.py", line 215, in <module>
    main()
  File "mysql_to_txt.py", line 178, in main
    connection = connect_to_mysql_with_retry()
  File "mysql_to_txt.py", line 32, in connect_to_mysql_with_retry
    connection = mysql.connector.connect(**DB_CONFIG)
  File "/Users/yangsan/Library/Python/3.7/lib/python/site-packages/mysql/connector/pooling.py", line 294, in connect
    return MySQLConnection(*args, **kwargs)
  File "/Users/yangsan/Library/Python/3.7/lib/python/site-packages/mysql/connector/connection.py", line 164, in __init__
    self.connect(**kwargs)
  File "/Users/yangsan/Library/Python/3.7/lib/python/site-packages/mysql/connector/abstracts.py", line 1181, in connect
    self._open_connection()
  File "/Users/yangsan/Library/Python/3.7/lib/python/site-packages/mysql/connector/connection.py", line 570, in _open_connection
    self._socket.open_connection()
  File "/Users/yangsan/Library/Python/3.7/lib/python/site-packages/mysql/connector/network.py", line 609, in open_connection
    ) from err
mysql.connector.errors.InterfaceError: 2003: Can't connect to MySQL server on 'localhost:13306' (61 Connection refused)
[2025-04-12 19:25:33] ✗ MySQL数据导出失败，错误代码: 1
[2025-04-12 19:25:33] 本次执行完成，将在5分钟后再次执行
[2025-04-12 19:25:33] --------------------------------------------
[2025-04-12 19:30:33] 开始新的迭代 - 2025-04-12 19:30:33
[2025-04-12 19:30:33] ================================================
[2025-04-12 19:30:33]       客服数据处理流程自动化脚本 v2.0 (后台定时版)
[2025-04-12 19:30:33] ================================================
[2025-04-12 19:30:33] 开始执行处理流程
[2025-04-12 19:30:33] === 步骤1: 从MySQL导出数据到TXT ===
[2025-04-12 19:30:33] 执行: python mysql_to_txt.py
开始从MySQL导出数据到文本文件...
连接尝试 1/3...
连接失败: 2003: Can't connect to MySQL server on 'localhost:13306' (61 Connection refused)
等待 5 秒后重试...
连接尝试 2/3...
连接失败: 2003: Can't connect to MySQL server on 'localhost:13306' (61 Connection refused)
等待 5 秒后重试...
连接尝试 3/3...
连接失败: 2003: Can't connect to MySQL server on 'localhost:13306' (61 Connection refused)
达到最大重试次数，放弃连接
Traceback (most recent call last):
  File "/Users/yangsan/Library/Python/3.7/lib/python/site-packages/mysql/connector/network.py", line 600, in open_connection
    self.sock.connect(sockaddr)
ConnectionRefusedError: [Errno 61] Connection refused

The above exception was the direct cause of the following exception:

Traceback (most recent call last):
  File "mysql_to_txt.py", line 215, in <module>
    main()
  File "mysql_to_txt.py", line 178, in main
    connection = connect_to_mysql_with_retry()
  File "mysql_to_txt.py", line 32, in connect_to_mysql_with_retry
    connection = mysql.connector.connect(**DB_CONFIG)
  File "/Users/yangsan/Library/Python/3.7/lib/python/site-packages/mysql/connector/pooling.py", line 294, in connect
    return MySQLConnection(*args, **kwargs)
  File "/Users/yangsan/Library/Python/3.7/lib/python/site-packages/mysql/connector/connection.py", line 164, in __init__
    self.connect(**kwargs)
  File "/Users/yangsan/Library/Python/3.7/lib/python/site-packages/mysql/connector/abstracts.py", line 1181, in connect
    self._open_connection()
  File "/Users/yangsan/Library/Python/3.7/lib/python/site-packages/mysql/connector/connection.py", line 570, in _open_connection
    self._socket.open_connection()
  File "/Users/yangsan/Library/Python/3.7/lib/python/site-packages/mysql/connector/network.py", line 609, in open_connection
    ) from err
mysql.connector.errors.InterfaceError: 2003: Can't connect to MySQL server on 'localhost:13306' (61 Connection refused)
[2025-04-12 19:30:43] ✗ MySQL数据导出失败，错误代码: 1
[2025-04-12 19:30:43] 本次执行完成，将在5分钟后再次执行
[2025-04-12 19:30:43] --------------------------------------------
[2025-04-12 19:35:43] 开始新的迭代 - 2025-04-12 19:35:43
[2025-04-12 19:35:43] ================================================
[2025-04-12 19:35:43]       客服数据处理流程自动化脚本 v2.0 (后台定时版)
[2025-04-12 19:35:43] ================================================
[2025-04-12 19:35:43] 开始执行处理流程
[2025-04-12 19:35:43] === 步骤1: 从MySQL导出数据到TXT ===
[2025-04-12 19:35:43] 执行: python mysql_to_txt.py
开始从MySQL导出数据到文本文件...
连接尝试 1/3...
连接失败: 2003: Can't connect to MySQL server on 'localhost:13306' (61 Connection refused)
等待 5 秒后重试...
连接尝试 2/3...
连接失败: 2003: Can't connect to MySQL server on 'localhost:13306' (61 Connection refused)
等待 5 秒后重试...
连接尝试 3/3...
连接失败: 2003: Can't connect to MySQL server on 'localhost:13306' (61 Connection refused)
达到最大重试次数，放弃连接
Traceback (most recent call last):
  File "/Users/yangsan/Library/Python/3.7/lib/python/site-packages/mysql/connector/network.py", line 600, in open_connection
    self.sock.connect(sockaddr)
ConnectionRefusedError: [Errno 61] Connection refused

The above exception was the direct cause of the following exception:

Traceback (most recent call last):
  File "mysql_to_txt.py", line 215, in <module>
    main()
  File "mysql_to_txt.py", line 178, in main
    connection = connect_to_mysql_with_retry()
  File "mysql_to_txt.py", line 32, in connect_to_mysql_with_retry
    connection = mysql.connector.connect(**DB_CONFIG)
  File "/Users/yangsan/Library/Python/3.7/lib/python/site-packages/mysql/connector/pooling.py", line 294, in connect
    return MySQLConnection(*args, **kwargs)
  File "/Users/yangsan/Library/Python/3.7/lib/python/site-packages/mysql/connector/connection.py", line 164, in __init__
    self.connect(**kwargs)
  File "/Users/yangsan/Library/Python/3.7/lib/python/site-packages/mysql/connector/abstracts.py", line 1181, in connect
    self._open_connection()
  File "/Users/yangsan/Library/Python/3.7/lib/python/site-packages/mysql/connector/connection.py", line 570, in _open_connection
    self._socket.open_connection()
  File "/Users/yangsan/Library/Python/3.7/lib/python/site-packages/mysql/connector/network.py", line 609, in open_connection
    ) from err
mysql.connector.errors.InterfaceError: 2003: Can't connect to MySQL server on 'localhost:13306' (61 Connection refused)
[2025-04-12 19:35:54] ✗ MySQL数据导出失败，错误代码: 1
[2025-04-12 19:35:54] 本次执行完成，将在5分钟后再次执行
[2025-04-12 19:35:54] --------------------------------------------
[2025-04-12 19:40:54] 开始新的迭代 - 2025-04-12 19:40:54
[2025-04-12 19:40:54] ================================================
[2025-04-12 19:40:54]       客服数据处理流程自动化脚本 v2.0 (后台定时版)
[2025-04-12 19:40:54] ================================================
[2025-04-12 19:40:54] 开始执行处理流程
[2025-04-12 19:40:54] === 步骤1: 从MySQL导出数据到TXT ===
[2025-04-12 19:40:54] 执行: python mysql_to_txt.py
开始从MySQL导出数据到文本文件...
连接尝试 1/3...
连接失败: 2003: Can't connect to MySQL server on 'localhost:13306' (61 Connection refused)
等待 5 秒后重试...
连接尝试 2/3...
连接失败: 2003: Can't connect to MySQL server on 'localhost:13306' (61 Connection refused)
等待 5 秒后重试...
连接尝试 3/3...
连接失败: 2003: Can't connect to MySQL server on 'localhost:13306' (61 Connection refused)
达到最大重试次数，放弃连接
Traceback (most recent call last):
  File "/Users/yangsan/Library/Python/3.7/lib/python/site-packages/mysql/connector/network.py", line 600, in open_connection
    self.sock.connect(sockaddr)
ConnectionRefusedError: [Errno 61] Connection refused

The above exception was the direct cause of the following exception:

Traceback (most recent call last):
  File "mysql_to_txt.py", line 215, in <module>
    main()
  File "mysql_to_txt.py", line 178, in main
    connection = connect_to_mysql_with_retry()
  File "mysql_to_txt.py", line 32, in connect_to_mysql_with_retry
    connection = mysql.connector.connect(**DB_CONFIG)
  File "/Users/yangsan/Library/Python/3.7/lib/python/site-packages/mysql/connector/pooling.py", line 294, in connect
    return MySQLConnection(*args, **kwargs)
  File "/Users/yangsan/Library/Python/3.7/lib/python/site-packages/mysql/connector/connection.py", line 164, in __init__
    self.connect(**kwargs)
  File "/Users/yangsan/Library/Python/3.7/lib/python/site-packages/mysql/connector/abstracts.py", line 1181, in connect
    self._open_connection()
  File "/Users/yangsan/Library/Python/3.7/lib/python/site-packages/mysql/connector/connection.py", line 570, in _open_connection
    self._socket.open_connection()
  File "/Users/yangsan/Library/Python/3.7/lib/python/site-packages/mysql/connector/network.py", line 609, in open_connection
    ) from err
mysql.connector.errors.InterfaceError: 2003: Can't connect to MySQL server on 'localhost:13306' (61 Connection refused)
[2025-04-12 19:41:04] ✗ MySQL数据导出失败，错误代码: 1
[2025-04-12 19:41:05] 本次执行完成，将在5分钟后再次执行
[2025-04-12 19:41:05] --------------------------------------------
[2025-04-12 19:46:05] 开始新的迭代 - 2025-04-12 19:46:05
[2025-04-12 19:46:05] ================================================
[2025-04-12 19:46:05]       客服数据处理流程自动化脚本 v2.0 (后台定时版)
[2025-04-12 19:46:05] ================================================
[2025-04-12 19:46:05] 开始执行处理流程
[2025-04-12 19:46:05] === 步骤1: 从MySQL导出数据到TXT ===
[2025-04-12 19:46:05] 执行: python mysql_to_txt.py
开始从MySQL导出数据到文本文件...
连接尝试 1/3...
连接失败: 2003: Can't connect to MySQL server on 'localhost:13306' (61 Connection refused)
等待 5 秒后重试...
连接尝试 2/3...
连接失败: 2003: Can't connect to MySQL server on 'localhost:13306' (61 Connection refused)
等待 5 秒后重试...
连接尝试 3/3...
连接失败: 2003: Can't connect to MySQL server on 'localhost:13306' (61 Connection refused)
达到最大重试次数，放弃连接
Traceback (most recent call last):
  File "/Users/yangsan/Library/Python/3.7/lib/python/site-packages/mysql/connector/network.py", line 600, in open_connection
    self.sock.connect(sockaddr)
ConnectionRefusedError: [Errno 61] Connection refused

The above exception was the direct cause of the following exception:

Traceback (most recent call last):
  File "mysql_to_txt.py", line 215, in <module>
    main()
  File "mysql_to_txt.py", line 178, in main
    connection = connect_to_mysql_with_retry()
  File "mysql_to_txt.py", line 32, in connect_to_mysql_with_retry
    connection = mysql.connector.connect(**DB_CONFIG)
  File "/Users/yangsan/Library/Python/3.7/lib/python/site-packages/mysql/connector/pooling.py", line 294, in connect
    return MySQLConnection(*args, **kwargs)
  File "/Users/yangsan/Library/Python/3.7/lib/python/site-packages/mysql/connector/connection.py", line 164, in __init__
    self.connect(**kwargs)
  File "/Users/yangsan/Library/Python/3.7/lib/python/site-packages/mysql/connector/abstracts.py", line 1181, in connect
    self._open_connection()
  File "/Users/yangsan/Library/Python/3.7/lib/python/site-packages/mysql/connector/connection.py", line 570, in _open_connection
    self._socket.open_connection()
  File "/Users/yangsan/Library/Python/3.7/lib/python/site-packages/mysql/connector/network.py", line 609, in open_connection
    ) from err
mysql.connector.errors.InterfaceError: 2003: Can't connect to MySQL server on 'localhost:13306' (61 Connection refused)
[2025-04-12 19:46:15] ✗ MySQL数据导出失败，错误代码: 1
[2025-04-12 19:46:15] 本次执行完成，将在5分钟后再次执行
[2025-04-12 19:46:15] --------------------------------------------
[2025-04-12 20:11:15] 开始新的迭代 - 2025-04-12 20:11:15
[2025-04-12 20:11:15] ================================================
[2025-04-12 20:11:15]       客服数据处理流程自动化脚本 v2.0 (后台定时版)
[2025-04-12 20:11:15] ================================================
[2025-04-12 20:11:15] 开始执行处理流程
[2025-04-12 20:11:15] === 步骤1: 从MySQL导出数据到TXT ===
[2025-04-12 20:11:15] 执行: python mysql_to_txt.py
开始从MySQL导出数据到文本文件...
连接尝试 1/3...
连接失败: 2003: Can't connect to MySQL server on 'localhost:13306' (61 Connection refused)
等待 5 秒后重试...
连接尝试 2/3...
连接失败: 2003: Can't connect to MySQL server on 'localhost:13306' (61 Connection refused)
等待 5 秒后重试...
连接尝试 3/3...
连接失败: 2003: Can't connect to MySQL server on 'localhost:13306' (61 Connection refused)
达到最大重试次数，放弃连接
Traceback (most recent call last):
  File "/Users/yangsan/Library/Python/3.7/lib/python/site-packages/mysql/connector/network.py", line 600, in open_connection
    self.sock.connect(sockaddr)
ConnectionRefusedError: [Errno 61] Connection refused

The above exception was the direct cause of the following exception:

Traceback (most recent call last):
  File "mysql_to_txt.py", line 215, in <module>
    main()
  File "mysql_to_txt.py", line 178, in main
    connection = connect_to_mysql_with_retry()
  File "mysql_to_txt.py", line 32, in connect_to_mysql_with_retry
    connection = mysql.connector.connect(**DB_CONFIG)
  File "/Users/yangsan/Library/Python/3.7/lib/python/site-packages/mysql/connector/pooling.py", line 294, in connect
    return MySQLConnection(*args, **kwargs)
  File "/Users/yangsan/Library/Python/3.7/lib/python/site-packages/mysql/connector/connection.py", line 164, in __init__
    self.connect(**kwargs)
  File "/Users/yangsan/Library/Python/3.7/lib/python/site-packages/mysql/connector/abstracts.py", line 1181, in connect
    self._open_connection()
  File "/Users/yangsan/Library/Python/3.7/lib/python/site-packages/mysql/connector/connection.py", line 570, in _open_connection
    self._socket.open_connection()
  File "/Users/yangsan/Library/Python/3.7/lib/python/site-packages/mysql/connector/network.py", line 609, in open_connection
    ) from err
mysql.connector.errors.InterfaceError: 2003: Can't connect to MySQL server on 'localhost:13306' (61 Connection refused)
[2025-04-12 20:11:25] ✗ MySQL数据导出失败，错误代码: 1
[2025-04-12 20:11:25] 本次执行完成，将在5分钟后再次执行
[2025-04-12 20:11:25] --------------------------------------------
[2025-04-12 20:16:25] 开始新的迭代 - 2025-04-12 20:16:25
[2025-04-12 20:16:25] ================================================
[2025-04-12 20:16:25]       客服数据处理流程自动化脚本 v2.0 (后台定时版)
[2025-04-12 20:16:25] ================================================
[2025-04-12 20:16:25] 开始执行处理流程
[2025-04-12 20:16:25] === 步骤1: 从MySQL导出数据到TXT ===
[2025-04-12 20:16:25] 执行: python mysql_to_txt.py
开始从MySQL导出数据到文本文件...
连接尝试 1/3...
连接失败: 2003: Can't connect to MySQL server on 'localhost:13306' (61 Connection refused)
等待 5 秒后重试...
连接尝试 2/3...
连接失败: 2003: Can't connect to MySQL server on 'localhost:13306' (61 Connection refused)
等待 5 秒后重试...
连接尝试 3/3...
连接失败: 2003: Can't connect to MySQL server on 'localhost:13306' (61 Connection refused)
达到最大重试次数，放弃连接
Traceback (most recent call last):
  File "/Users/yangsan/Library/Python/3.7/lib/python/site-packages/mysql/connector/network.py", line 600, in open_connection
    self.sock.connect(sockaddr)
ConnectionRefusedError: [Errno 61] Connection refused

The above exception was the direct cause of the following exception:

Traceback (most recent call last):
  File "mysql_to_txt.py", line 215, in <module>
    main()
  File "mysql_to_txt.py", line 178, in main
    connection = connect_to_mysql_with_retry()
  File "mysql_to_txt.py", line 32, in connect_to_mysql_with_retry
    connection = mysql.connector.connect(**DB_CONFIG)
  File "/Users/yangsan/Library/Python/3.7/lib/python/site-packages/mysql/connector/pooling.py", line 294, in connect
    return MySQLConnection(*args, **kwargs)
  File "/Users/yangsan/Library/Python/3.7/lib/python/site-packages/mysql/connector/connection.py", line 164, in __init__
    self.connect(**kwargs)
  File "/Users/yangsan/Library/Python/3.7/lib/python/site-packages/mysql/connector/abstracts.py", line 1181, in connect
    self._open_connection()
  File "/Users/yangsan/Library/Python/3.7/lib/python/site-packages/mysql/connector/connection.py", line 570, in _open_connection
    self._socket.open_connection()
  File "/Users/yangsan/Library/Python/3.7/lib/python/site-packages/mysql/connector/network.py", line 609, in open_connection
    ) from err
mysql.connector.errors.InterfaceError: 2003: Can't connect to MySQL server on 'localhost:13306' (61 Connection refused)
[2025-04-12 20:16:35] ✗ MySQL数据导出失败，错误代码: 1
[2025-04-12 20:16:35] 本次执行完成，将在5分钟后再次执行
[2025-04-12 20:16:35] --------------------------------------------
[2025-04-12 20:21:35] 开始新的迭代 - 2025-04-12 20:21:35
[2025-04-12 20:21:35] ================================================
[2025-04-12 20:21:35]       客服数据处理流程自动化脚本 v2.0 (后台定时版)
[2025-04-12 20:21:35] ================================================
[2025-04-12 20:21:35] 开始执行处理流程
[2025-04-12 20:21:36] === 步骤1: 从MySQL导出数据到TXT ===
[2025-04-12 20:21:36] 执行: python mysql_to_txt.py
开始从MySQL导出数据到文本文件...
连接尝试 1/3...
连接失败: 2003: Can't connect to MySQL server on 'localhost:13306' (61 Connection refused)
等待 5 秒后重试...
连接尝试 2/3...
连接失败: 2003: Can't connect to MySQL server on 'localhost:13306' (61 Connection refused)
等待 5 秒后重试...
连接尝试 3/3...
连接失败: 2003: Can't connect to MySQL server on 'localhost:13306' (61 Connection refused)
达到最大重试次数，放弃连接
Traceback (most recent call last):
  File "/Users/yangsan/Library/Python/3.7/lib/python/site-packages/mysql/connector/network.py", line 600, in open_connection
    self.sock.connect(sockaddr)
ConnectionRefusedError: [Errno 61] Connection refused

The above exception was the direct cause of the following exception:

Traceback (most recent call last):
  File "mysql_to_txt.py", line 215, in <module>
    main()
  File "mysql_to_txt.py", line 178, in main
    connection = connect_to_mysql_with_retry()
  File "mysql_to_txt.py", line 32, in connect_to_mysql_with_retry
    connection = mysql.connector.connect(**DB_CONFIG)
  File "/Users/yangsan/Library/Python/3.7/lib/python/site-packages/mysql/connector/pooling.py", line 294, in connect
    return MySQLConnection(*args, **kwargs)
  File "/Users/yangsan/Library/Python/3.7/lib/python/site-packages/mysql/connector/connection.py", line 164, in __init__
    self.connect(**kwargs)
  File "/Users/yangsan/Library/Python/3.7/lib/python/site-packages/mysql/connector/abstracts.py", line 1181, in connect
    self._open_connection()
  File "/Users/yangsan/Library/Python/3.7/lib/python/site-packages/mysql/connector/connection.py", line 570, in _open_connection
    self._socket.open_connection()
  File "/Users/yangsan/Library/Python/3.7/lib/python/site-packages/mysql/connector/network.py", line 609, in open_connection
    ) from err
mysql.connector.errors.InterfaceError: 2003: Can't connect to MySQL server on 'localhost:13306' (61 Connection refused)
[2025-04-12 20:21:46] ✗ MySQL数据导出失败，错误代码: 1
[2025-04-12 20:21:46] 本次执行完成，将在5分钟后再次执行
[2025-04-12 20:21:46] --------------------------------------------
[2025-04-12 20:26:46] 开始新的迭代 - 2025-04-12 20:26:46
[2025-04-12 20:26:46] ================================================
[2025-04-12 20:26:46]       客服数据处理流程自动化脚本 v2.0 (后台定时版)
[2025-04-12 20:26:46] ================================================
[2025-04-12 20:26:46] 开始执行处理流程
[2025-04-12 20:26:46] === 步骤1: 从MySQL导出数据到TXT ===
[2025-04-12 20:26:46] 执行: python mysql_to_txt.py
开始从MySQL导出数据到文本文件...
连接尝试 1/3...
连接失败: 2003: Can't connect to MySQL server on 'localhost:13306' (61 Connection refused)
等待 5 秒后重试...
连接尝试 2/3...
连接失败: 2003: Can't connect to MySQL server on 'localhost:13306' (61 Connection refused)
等待 5 秒后重试...
连接尝试 3/3...
连接失败: 2003: Can't connect to MySQL server on 'localhost:13306' (61 Connection refused)
达到最大重试次数，放弃连接
Traceback (most recent call last):
  File "/Users/yangsan/Library/Python/3.7/lib/python/site-packages/mysql/connector/network.py", line 600, in open_connection
    self.sock.connect(sockaddr)
ConnectionRefusedError: [Errno 61] Connection refused

The above exception was the direct cause of the following exception:

Traceback (most recent call last):
  File "mysql_to_txt.py", line 215, in <module>
    main()
  File "mysql_to_txt.py", line 178, in main
    connection = connect_to_mysql_with_retry()
  File "mysql_to_txt.py", line 32, in connect_to_mysql_with_retry
    connection = mysql.connector.connect(**DB_CONFIG)
  File "/Users/yangsan/Library/Python/3.7/lib/python/site-packages/mysql/connector/pooling.py", line 294, in connect
    return MySQLConnection(*args, **kwargs)
  File "/Users/yangsan/Library/Python/3.7/lib/python/site-packages/mysql/connector/connection.py", line 164, in __init__
    self.connect(**kwargs)
  File "/Users/yangsan/Library/Python/3.7/lib/python/site-packages/mysql/connector/abstracts.py", line 1181, in connect
    self._open_connection()
  File "/Users/yangsan/Library/Python/3.7/lib/python/site-packages/mysql/connector/connection.py", line 570, in _open_connection
    self._socket.open_connection()
  File "/Users/yangsan/Library/Python/3.7/lib/python/site-packages/mysql/connector/network.py", line 609, in open_connection
    ) from err
mysql.connector.errors.InterfaceError: 2003: Can't connect to MySQL server on 'localhost:13306' (61 Connection refused)
[2025-04-12 20:26:56] ✗ MySQL数据导出失败，错误代码: 1
[2025-04-12 20:26:56] 本次执行完成，将在5分钟后再次执行
[2025-04-12 20:26:56] --------------------------------------------
[2025-04-12 20:31:56] 开始新的迭代 - 2025-04-12 20:31:56
[2025-04-12 20:31:56] ================================================
[2025-04-12 20:31:56]       客服数据处理流程自动化脚本 v2.0 (后台定时版)
[2025-04-12 20:31:56] ================================================
[2025-04-12 20:31:56] 开始执行处理流程
[2025-04-12 20:31:56] === 步骤1: 从MySQL导出数据到TXT ===
[2025-04-12 20:31:56] 执行: python mysql_to_txt.py
开始从MySQL导出数据到文本文件...
连接尝试 1/3...
连接失败: 2003: Can't connect to MySQL server on 'localhost:13306' (61 Connection refused)
等待 5 秒后重试...
连接尝试 2/3...
连接失败: 2003: Can't connect to MySQL server on 'localhost:13306' (61 Connection refused)
等待 5 秒后重试...
连接尝试 3/3...
连接失败: 2003: Can't connect to MySQL server on 'localhost:13306' (61 Connection refused)
达到最大重试次数，放弃连接
Traceback (most recent call last):
  File "/Users/yangsan/Library/Python/3.7/lib/python/site-packages/mysql/connector/network.py", line 600, in open_connection
    self.sock.connect(sockaddr)
ConnectionRefusedError: [Errno 61] Connection refused

The above exception was the direct cause of the following exception:

Traceback (most recent call last):
  File "mysql_to_txt.py", line 215, in <module>
    main()
  File "mysql_to_txt.py", line 178, in main
    connection = connect_to_mysql_with_retry()
  File "mysql_to_txt.py", line 32, in connect_to_mysql_with_retry
    connection = mysql.connector.connect(**DB_CONFIG)
  File "/Users/yangsan/Library/Python/3.7/lib/python/site-packages/mysql/connector/pooling.py", line 294, in connect
    return MySQLConnection(*args, **kwargs)
  File "/Users/yangsan/Library/Python/3.7/lib/python/site-packages/mysql/connector/connection.py", line 164, in __init__
    self.connect(**kwargs)
  File "/Users/yangsan/Library/Python/3.7/lib/python/site-packages/mysql/connector/abstracts.py", line 1181, in connect
    self._open_connection()
  File "/Users/yangsan/Library/Python/3.7/lib/python/site-packages/mysql/connector/connection.py", line 570, in _open_connection
    self._socket.open_connection()
  File "/Users/yangsan/Library/Python/3.7/lib/python/site-packages/mysql/connector/network.py", line 609, in open_connection
    ) from err
mysql.connector.errors.InterfaceError: 2003: Can't connect to MySQL server on 'localhost:13306' (61 Connection refused)
[2025-04-12 20:32:07] ✗ MySQL数据导出失败，错误代码: 1
[2025-04-12 20:32:07] 本次执行完成，将在5分钟后再次执行
[2025-04-12 20:32:07] --------------------------------------------
[2025-04-12 20:37:07] 开始新的迭代 - 2025-04-12 20:37:07
[2025-04-12 20:37:07] ================================================
[2025-04-12 20:37:07]       客服数据处理流程自动化脚本 v2.0 (后台定时版)
[2025-04-12 20:37:07] ================================================
[2025-04-12 20:37:07] 开始执行处理流程
[2025-04-12 20:37:07] === 步骤1: 从MySQL导出数据到TXT ===
[2025-04-12 20:37:07] 执行: python mysql_to_txt.py
开始从MySQL导出数据到文本文件...
连接尝试 1/3...
连接失败: 2003: Can't connect to MySQL server on 'localhost:13306' (61 Connection refused)
等待 5 秒后重试...
连接尝试 2/3...
连接失败: 2003: Can't connect to MySQL server on 'localhost:13306' (61 Connection refused)
等待 5 秒后重试...
连接尝试 3/3...
连接失败: 2003: Can't connect to MySQL server on 'localhost:13306' (61 Connection refused)
达到最大重试次数，放弃连接
Traceback (most recent call last):
  File "/Users/yangsan/Library/Python/3.7/lib/python/site-packages/mysql/connector/network.py", line 600, in open_connection
    self.sock.connect(sockaddr)
ConnectionRefusedError: [Errno 61] Connection refused

The above exception was the direct cause of the following exception:

Traceback (most recent call last):
  File "mysql_to_txt.py", line 215, in <module>
    main()
  File "mysql_to_txt.py", line 178, in main
    connection = connect_to_mysql_with_retry()
  File "mysql_to_txt.py", line 32, in connect_to_mysql_with_retry
    connection = mysql.connector.connect(**DB_CONFIG)
  File "/Users/yangsan/Library/Python/3.7/lib/python/site-packages/mysql/connector/pooling.py", line 294, in connect
    return MySQLConnection(*args, **kwargs)
  File "/Users/yangsan/Library/Python/3.7/lib/python/site-packages/mysql/connector/connection.py", line 164, in __init__
    self.connect(**kwargs)
  File "/Users/yangsan/Library/Python/3.7/lib/python/site-packages/mysql/connector/abstracts.py", line 1181, in connect
    self._open_connection()
  File "/Users/yangsan/Library/Python/3.7/lib/python/site-packages/mysql/connector/connection.py", line 570, in _open_connection
    self._socket.open_connection()
  File "/Users/yangsan/Library/Python/3.7/lib/python/site-packages/mysql/connector/network.py", line 609, in open_connection
    ) from err
mysql.connector.errors.InterfaceError: 2003: Can't connect to MySQL server on 'localhost:13306' (61 Connection refused)
[2025-04-12 20:37:17] ✗ MySQL数据导出失败，错误代码: 1
[2025-04-12 20:37:17] 本次执行完成，将在5分钟后再次执行
[2025-04-12 20:37:17] --------------------------------------------
[2025-04-12 20:42:17] 开始新的迭代 - 2025-04-12 20:42:17
[2025-04-12 20:42:18] ================================================
[2025-04-12 20:42:18]       客服数据处理流程自动化脚本 v2.0 (后台定时版)
[2025-04-12 20:42:18] ================================================
[2025-04-12 20:42:18] 开始执行处理流程
[2025-04-12 20:42:18] === 步骤1: 从MySQL导出数据到TXT ===
[2025-04-12 20:42:18] 执行: python mysql_to_txt.py
开始从MySQL导出数据到文本文件...
连接尝试 1/3...
连接失败: 2003: Can't connect to MySQL server on 'localhost:13306' (61 Connection refused)
等待 5 秒后重试...
连接尝试 2/3...
连接失败: 2003: Can't connect to MySQL server on 'localhost:13306' (61 Connection refused)
等待 5 秒后重试...
连接尝试 3/3...
连接失败: 2003: Can't connect to MySQL server on 'localhost:13306' (61 Connection refused)
达到最大重试次数，放弃连接
Traceback (most recent call last):
  File "/Users/yangsan/Library/Python/3.7/lib/python/site-packages/mysql/connector/network.py", line 600, in open_connection
    self.sock.connect(sockaddr)
ConnectionRefusedError: [Errno 61] Connection refused

The above exception was the direct cause of the following exception:

Traceback (most recent call last):
  File "mysql_to_txt.py", line 215, in <module>
    main()
  File "mysql_to_txt.py", line 178, in main
    connection = connect_to_mysql_with_retry()
  File "mysql_to_txt.py", line 32, in connect_to_mysql_with_retry
    connection = mysql.connector.connect(**DB_CONFIG)
  File "/Users/yangsan/Library/Python/3.7/lib/python/site-packages/mysql/connector/pooling.py", line 294, in connect
    return MySQLConnection(*args, **kwargs)
  File "/Users/yangsan/Library/Python/3.7/lib/python/site-packages/mysql/connector/connection.py", line 164, in __init__
    self.connect(**kwargs)
  File "/Users/yangsan/Library/Python/3.7/lib/python/site-packages/mysql/connector/abstracts.py", line 1181, in connect
    self._open_connection()
  File "/Users/yangsan/Library/Python/3.7/lib/python/site-packages/mysql/connector/connection.py", line 570, in _open_connection
    self._socket.open_connection()
  File "/Users/yangsan/Library/Python/3.7/lib/python/site-packages/mysql/connector/network.py", line 609, in open_connection
    ) from err
mysql.connector.errors.InterfaceError: 2003: Can't connect to MySQL server on 'localhost:13306' (61 Connection refused)
[2025-04-12 20:42:28] ✗ MySQL数据导出失败，错误代码: 1
[2025-04-12 20:42:28] 本次执行完成，将在5分钟后再次执行
[2025-04-12 20:42:28] --------------------------------------------
[2025-04-12 20:47:28] 开始新的迭代 - 2025-04-12 20:47:28
[2025-04-12 20:47:28] ================================================
[2025-04-12 20:47:28]       客服数据处理流程自动化脚本 v2.0 (后台定时版)
[2025-04-12 20:47:28] ================================================
[2025-04-12 20:47:28] 开始执行处理流程
[2025-04-12 20:47:28] === 步骤1: 从MySQL导出数据到TXT ===
[2025-04-12 20:47:28] 执行: python mysql_to_txt.py
开始从MySQL导出数据到文本文件...
连接尝试 1/3...
连接失败: 2003: Can't connect to MySQL server on 'localhost:13306' (61 Connection refused)
等待 5 秒后重试...
连接尝试 2/3...
连接失败: 2003: Can't connect to MySQL server on 'localhost:13306' (61 Connection refused)
等待 5 秒后重试...
连接尝试 3/3...
连接失败: 2003: Can't connect to MySQL server on 'localhost:13306' (61 Connection refused)
达到最大重试次数，放弃连接
Traceback (most recent call last):
  File "/Users/yangsan/Library/Python/3.7/lib/python/site-packages/mysql/connector/network.py", line 600, in open_connection
    self.sock.connect(sockaddr)
ConnectionRefusedError: [Errno 61] Connection refused

The above exception was the direct cause of the following exception:

Traceback (most recent call last):
  File "mysql_to_txt.py", line 215, in <module>
    main()
  File "mysql_to_txt.py", line 178, in main
    connection = connect_to_mysql_with_retry()
  File "mysql_to_txt.py", line 32, in connect_to_mysql_with_retry
    connection = mysql.connector.connect(**DB_CONFIG)
  File "/Users/yangsan/Library/Python/3.7/lib/python/site-packages/mysql/connector/pooling.py", line 294, in connect
    return MySQLConnection(*args, **kwargs)
  File "/Users/yangsan/Library/Python/3.7/lib/python/site-packages/mysql/connector/connection.py", line 164, in __init__
    self.connect(**kwargs)
  File "/Users/yangsan/Library/Python/3.7/lib/python/site-packages/mysql/connector/abstracts.py", line 1181, in connect
    self._open_connection()
  File "/Users/yangsan/Library/Python/3.7/lib/python/site-packages/mysql/connector/connection.py", line 570, in _open_connection
    self._socket.open_connection()
  File "/Users/yangsan/Library/Python/3.7/lib/python/site-packages/mysql/connector/network.py", line 609, in open_connection
    ) from err
mysql.connector.errors.InterfaceError: 2003: Can't connect to MySQL server on 'localhost:13306' (61 Connection refused)
[2025-04-12 20:47:38] ✗ MySQL数据导出失败，错误代码: 1
[2025-04-12 20:47:38] 本次执行完成，将在5分钟后再次执行
[2025-04-12 20:47:38] --------------------------------------------
[2025-04-12 20:52:38] 开始新的迭代 - 2025-04-12 20:52:38
[2025-04-12 20:52:38] ================================================
[2025-04-12 20:52:38]       客服数据处理流程自动化脚本 v2.0 (后台定时版)
[2025-04-12 20:52:38] ================================================
[2025-04-12 20:52:38] 开始执行处理流程
[2025-04-12 20:52:38] === 步骤1: 从MySQL导出数据到TXT ===
[2025-04-12 20:52:38] 执行: python mysql_to_txt.py
开始从MySQL导出数据到文本文件...
连接尝试 1/3...
连接失败: 2003: Can't connect to MySQL server on 'localhost:13306' (61 Connection refused)
等待 5 秒后重试...
连接尝试 2/3...
连接失败: 2003: Can't connect to MySQL server on 'localhost:13306' (61 Connection refused)
等待 5 秒后重试...
连接尝试 3/3...
连接失败: 2003: Can't connect to MySQL server on 'localhost:13306' (61 Connection refused)
达到最大重试次数，放弃连接
Traceback (most recent call last):
  File "/Users/yangsan/Library/Python/3.7/lib/python/site-packages/mysql/connector/network.py", line 600, in open_connection
    self.sock.connect(sockaddr)
ConnectionRefusedError: [Errno 61] Connection refused

The above exception was the direct cause of the following exception:

Traceback (most recent call last):
  File "mysql_to_txt.py", line 215, in <module>
    main()
  File "mysql_to_txt.py", line 178, in main
    connection = connect_to_mysql_with_retry()
  File "mysql_to_txt.py", line 32, in connect_to_mysql_with_retry
    connection = mysql.connector.connect(**DB_CONFIG)
  File "/Users/yangsan/Library/Python/3.7/lib/python/site-packages/mysql/connector/pooling.py", line 294, in connect
    return MySQLConnection(*args, **kwargs)
  File "/Users/yangsan/Library/Python/3.7/lib/python/site-packages/mysql/connector/connection.py", line 164, in __init__
    self.connect(**kwargs)
  File "/Users/yangsan/Library/Python/3.7/lib/python/site-packages/mysql/connector/abstracts.py", line 1181, in connect
    self._open_connection()
  File "/Users/yangsan/Library/Python/3.7/lib/python/site-packages/mysql/connector/connection.py", line 570, in _open_connection
    self._socket.open_connection()
  File "/Users/yangsan/Library/Python/3.7/lib/python/site-packages/mysql/connector/network.py", line 609, in open_connection
    ) from err
mysql.connector.errors.InterfaceError: 2003: Can't connect to MySQL server on 'localhost:13306' (61 Connection refused)
[2025-04-12 20:52:49] ✗ MySQL数据导出失败，错误代码: 1
[2025-04-12 20:52:49] 本次执行完成，将在5分钟后再次执行
[2025-04-12 20:52:49] --------------------------------------------
[2025-04-12 20:57:49] 开始新的迭代 - 2025-04-12 20:57:49
[2025-04-12 20:57:49] ================================================
[2025-04-12 20:57:49]       客服数据处理流程自动化脚本 v2.0 (后台定时版)
[2025-04-12 20:57:49] ================================================
[2025-04-12 20:57:49] 开始执行处理流程
[2025-04-12 20:57:49] === 步骤1: 从MySQL导出数据到TXT ===
[2025-04-12 20:57:49] 执行: python mysql_to_txt.py
开始从MySQL导出数据到文本文件...
连接尝试 1/3...
连接失败: 2003: Can't connect to MySQL server on 'localhost:13306' (61 Connection refused)
等待 5 秒后重试...
连接尝试 2/3...
连接失败: 2003: Can't connect to MySQL server on 'localhost:13306' (61 Connection refused)
等待 5 秒后重试...
连接尝试 3/3...
连接失败: 2003: Can't connect to MySQL server on 'localhost:13306' (61 Connection refused)
达到最大重试次数，放弃连接
Traceback (most recent call last):
  File "/Users/yangsan/Library/Python/3.7/lib/python/site-packages/mysql/connector/network.py", line 600, in open_connection
    self.sock.connect(sockaddr)
ConnectionRefusedError: [Errno 61] Connection refused

The above exception was the direct cause of the following exception:

Traceback (most recent call last):
  File "mysql_to_txt.py", line 215, in <module>
    main()
  File "mysql_to_txt.py", line 178, in main
    connection = connect_to_mysql_with_retry()
  File "mysql_to_txt.py", line 32, in connect_to_mysql_with_retry
    connection = mysql.connector.connect(**DB_CONFIG)
  File "/Users/yangsan/Library/Python/3.7/lib/python/site-packages/mysql/connector/pooling.py", line 294, in connect
    return MySQLConnection(*args, **kwargs)
  File "/Users/yangsan/Library/Python/3.7/lib/python/site-packages/mysql/connector/connection.py", line 164, in __init__
    self.connect(**kwargs)
  File "/Users/yangsan/Library/Python/3.7/lib/python/site-packages/mysql/connector/abstracts.py", line 1181, in connect
    self._open_connection()
  File "/Users/yangsan/Library/Python/3.7/lib/python/site-packages/mysql/connector/connection.py", line 570, in _open_connection
    self._socket.open_connection()
  File "/Users/yangsan/Library/Python/3.7/lib/python/site-packages/mysql/connector/network.py", line 609, in open_connection
    ) from err
mysql.connector.errors.InterfaceError: 2003: Can't connect to MySQL server on 'localhost:13306' (61 Connection refused)
[2025-04-12 20:57:59] ✗ MySQL数据导出失败，错误代码: 1
[2025-04-12 20:57:59] 本次执行完成，将在5分钟后再次执行
[2025-04-12 20:57:59] --------------------------------------------
[2025-04-12 21:02:59] 开始新的迭代 - 2025-04-12 21:02:59
[2025-04-12 21:02:59] ================================================
[2025-04-12 21:02:59]       客服数据处理流程自动化脚本 v2.0 (后台定时版)
[2025-04-12 21:02:59] ================================================
[2025-04-12 21:02:59] 开始执行处理流程
[2025-04-12 21:02:59] === 步骤1: 从MySQL导出数据到TXT ===
[2025-04-12 21:02:59] 执行: python mysql_to_txt.py
开始从MySQL导出数据到文本文件...
连接尝试 1/3...
连接失败: 2003: Can't connect to MySQL server on 'localhost:13306' (61 Connection refused)
等待 5 秒后重试...
连接尝试 2/3...
连接失败: 2003: Can't connect to MySQL server on 'localhost:13306' (61 Connection refused)
等待 5 秒后重试...
连接尝试 3/3...
连接失败: 2003: Can't connect to MySQL server on 'localhost:13306' (61 Connection refused)
达到最大重试次数，放弃连接
Traceback (most recent call last):
  File "/Users/yangsan/Library/Python/3.7/lib/python/site-packages/mysql/connector/network.py", line 600, in open_connection
    self.sock.connect(sockaddr)
ConnectionRefusedError: [Errno 61] Connection refused

The above exception was the direct cause of the following exception:

Traceback (most recent call last):
  File "mysql_to_txt.py", line 215, in <module>
    main()
  File "mysql_to_txt.py", line 178, in main
    connection = connect_to_mysql_with_retry()
  File "mysql_to_txt.py", line 32, in connect_to_mysql_with_retry
    connection = mysql.connector.connect(**DB_CONFIG)
  File "/Users/yangsan/Library/Python/3.7/lib/python/site-packages/mysql/connector/pooling.py", line 294, in connect
    return MySQLConnection(*args, **kwargs)
  File "/Users/yangsan/Library/Python/3.7/lib/python/site-packages/mysql/connector/connection.py", line 164, in __init__
    self.connect(**kwargs)
  File "/Users/yangsan/Library/Python/3.7/lib/python/site-packages/mysql/connector/abstracts.py", line 1181, in connect
    self._open_connection()
  File "/Users/yangsan/Library/Python/3.7/lib/python/site-packages/mysql/connector/connection.py", line 570, in _open_connection
    self._socket.open_connection()
  File "/Users/yangsan/Library/Python/3.7/lib/python/site-packages/mysql/connector/network.py", line 609, in open_connection
    ) from err
mysql.connector.errors.InterfaceError: 2003: Can't connect to MySQL server on 'localhost:13306' (61 Connection refused)
[2025-04-12 21:03:10] ✗ MySQL数据导出失败，错误代码: 1
[2025-04-12 21:03:10] 本次执行完成，将在5分钟后再次执行
[2025-04-12 21:03:10] --------------------------------------------
[2025-04-12 21:08:10] 开始新的迭代 - 2025-04-12 21:08:10
[2025-04-12 21:08:10] ================================================
[2025-04-12 21:08:10]       客服数据处理流程自动化脚本 v2.0 (后台定时版)
[2025-04-12 21:08:10] ================================================
[2025-04-12 21:08:10] 开始执行处理流程
[2025-04-12 21:08:10] === 步骤1: 从MySQL导出数据到TXT ===
[2025-04-12 21:08:10] 执行: python mysql_to_txt.py
开始从MySQL导出数据到文本文件...
连接尝试 1/3...
连接失败: 2003: Can't connect to MySQL server on 'localhost:13306' (61 Connection refused)
等待 5 秒后重试...
连接尝试 2/3...
连接失败: 2003: Can't connect to MySQL server on 'localhost:13306' (61 Connection refused)
等待 5 秒后重试...
连接尝试 3/3...
连接失败: 2003: Can't connect to MySQL server on 'localhost:13306' (61 Connection refused)
达到最大重试次数，放弃连接
Traceback (most recent call last):
  File "/Users/yangsan/Library/Python/3.7/lib/python/site-packages/mysql/connector/network.py", line 600, in open_connection
    self.sock.connect(sockaddr)
ConnectionRefusedError: [Errno 61] Connection refused

The above exception was the direct cause of the following exception:

Traceback (most recent call last):
  File "mysql_to_txt.py", line 215, in <module>
    main()
  File "mysql_to_txt.py", line 178, in main
    connection = connect_to_mysql_with_retry()
  File "mysql_to_txt.py", line 32, in connect_to_mysql_with_retry
    connection = mysql.connector.connect(**DB_CONFIG)
  File "/Users/yangsan/Library/Python/3.7/lib/python/site-packages/mysql/connector/pooling.py", line 294, in connect
    return MySQLConnection(*args, **kwargs)
  File "/Users/yangsan/Library/Python/3.7/lib/python/site-packages/mysql/connector/connection.py", line 164, in __init__
    self.connect(**kwargs)
  File "/Users/yangsan/Library/Python/3.7/lib/python/site-packages/mysql/connector/abstracts.py", line 1181, in connect
    self._open_connection()
  File "/Users/yangsan/Library/Python/3.7/lib/python/site-packages/mysql/connector/connection.py", line 570, in _open_connection
    self._socket.open_connection()
  File "/Users/yangsan/Library/Python/3.7/lib/python/site-packages/mysql/connector/network.py", line 609, in open_connection
    ) from err
mysql.connector.errors.InterfaceError: 2003: Can't connect to MySQL server on 'localhost:13306' (61 Connection refused)
[2025-04-12 21:08:20] ✗ MySQL数据导出失败，错误代码: 1
[2025-04-12 21:08:20] 本次执行完成，将在5分钟后再次执行
[2025-04-12 21:08:20] --------------------------------------------
[2025-04-12 21:13:20] 开始新的迭代 - 2025-04-12 21:13:20
[2025-04-12 21:13:20] ================================================
[2025-04-12 21:13:20]       客服数据处理流程自动化脚本 v2.0 (后台定时版)
[2025-04-12 21:13:20] ================================================
[2025-04-12 21:13:20] 开始执行处理流程
[2025-04-12 21:13:20] === 步骤1: 从MySQL导出数据到TXT ===
[2025-04-12 21:13:20] 执行: python mysql_to_txt.py
开始从MySQL导出数据到文本文件...
连接尝试 1/3...
连接失败: 2003: Can't connect to MySQL server on 'localhost:13306' (61 Connection refused)
等待 5 秒后重试...
连接尝试 2/3...
连接失败: 2003: Can't connect to MySQL server on 'localhost:13306' (61 Connection refused)
等待 5 秒后重试...
连接尝试 3/3...
连接失败: 2003: Can't connect to MySQL server on 'localhost:13306' (61 Connection refused)
达到最大重试次数，放弃连接
Traceback (most recent call last):
  File "/Users/yangsan/Library/Python/3.7/lib/python/site-packages/mysql/connector/network.py", line 600, in open_connection
    self.sock.connect(sockaddr)
ConnectionRefusedError: [Errno 61] Connection refused

The above exception was the direct cause of the following exception:

Traceback (most recent call last):
  File "mysql_to_txt.py", line 215, in <module>
    main()
  File "mysql_to_txt.py", line 178, in main
    connection = connect_to_mysql_with_retry()
  File "mysql_to_txt.py", line 32, in connect_to_mysql_with_retry
    connection = mysql.connector.connect(**DB_CONFIG)
  File "/Users/yangsan/Library/Python/3.7/lib/python/site-packages/mysql/connector/pooling.py", line 294, in connect
    return MySQLConnection(*args, **kwargs)
  File "/Users/yangsan/Library/Python/3.7/lib/python/site-packages/mysql/connector/connection.py", line 164, in __init__
    self.connect(**kwargs)
  File "/Users/yangsan/Library/Python/3.7/lib/python/site-packages/mysql/connector/abstracts.py", line 1181, in connect
    self._open_connection()
  File "/Users/yangsan/Library/Python/3.7/lib/python/site-packages/mysql/connector/connection.py", line 570, in _open_connection
    self._socket.open_connection()
  File "/Users/yangsan/Library/Python/3.7/lib/python/site-packages/mysql/connector/network.py", line 609, in open_connection
    ) from err
mysql.connector.errors.InterfaceError: 2003: Can't connect to MySQL server on 'localhost:13306' (61 Connection refused)
[2025-04-12 21:13:31] ✗ MySQL数据导出失败，错误代码: 1
[2025-04-12 21:13:31] 本次执行完成，将在5分钟后再次执行
[2025-04-12 21:13:31] --------------------------------------------
[2025-04-12 21:18:31] 开始新的迭代 - 2025-04-12 21:18:31
[2025-04-12 21:18:31] ================================================
[2025-04-12 21:18:31]       客服数据处理流程自动化脚本 v2.0 (后台定时版)
[2025-04-12 21:18:31] ================================================
[2025-04-12 21:18:31] 开始执行处理流程
[2025-04-12 21:18:31] === 步骤1: 从MySQL导出数据到TXT ===
[2025-04-12 21:18:31] 执行: python mysql_to_txt.py
开始从MySQL导出数据到文本文件...
连接尝试 1/3...
连接失败: 2003: Can't connect to MySQL server on 'localhost:13306' (61 Connection refused)
等待 5 秒后重试...
连接尝试 2/3...
连接失败: 2003: Can't connect to MySQL server on 'localhost:13306' (61 Connection refused)
等待 5 秒后重试...
连接尝试 3/3...
连接失败: 2003: Can't connect to MySQL server on 'localhost:13306' (61 Connection refused)
达到最大重试次数，放弃连接
Traceback (most recent call last):
  File "/Users/yangsan/Library/Python/3.7/lib/python/site-packages/mysql/connector/network.py", line 600, in open_connection
    self.sock.connect(sockaddr)
ConnectionRefusedError: [Errno 61] Connection refused

The above exception was the direct cause of the following exception:

Traceback (most recent call last):
  File "mysql_to_txt.py", line 215, in <module>
    main()
  File "mysql_to_txt.py", line 178, in main
    connection = connect_to_mysql_with_retry()
  File "mysql_to_txt.py", line 32, in connect_to_mysql_with_retry
    connection = mysql.connector.connect(**DB_CONFIG)
  File "/Users/yangsan/Library/Python/3.7/lib/python/site-packages/mysql/connector/pooling.py", line 294, in connect
    return MySQLConnection(*args, **kwargs)
  File "/Users/yangsan/Library/Python/3.7/lib/python/site-packages/mysql/connector/connection.py", line 164, in __init__
    self.connect(**kwargs)
  File "/Users/yangsan/Library/Python/3.7/lib/python/site-packages/mysql/connector/abstracts.py", line 1181, in connect
    self._open_connection()
  File "/Users/yangsan/Library/Python/3.7/lib/python/site-packages/mysql/connector/connection.py", line 570, in _open_connection
    self._socket.open_connection()
  File "/Users/yangsan/Library/Python/3.7/lib/python/site-packages/mysql/connector/network.py", line 609, in open_connection
    ) from err
mysql.connector.errors.InterfaceError: 2003: Can't connect to MySQL server on 'localhost:13306' (61 Connection refused)
[2025-04-12 21:18:41] ✗ MySQL数据导出失败，错误代码: 1
[2025-04-12 21:18:41] 本次执行完成，将在5分钟后再次执行
[2025-04-12 21:18:41] --------------------------------------------
[2025-04-12 21:23:41] 开始新的迭代 - 2025-04-12 21:23:41
[2025-04-12 21:23:41] ================================================
[2025-04-12 21:23:41]       客服数据处理流程自动化脚本 v2.0 (后台定时版)
[2025-04-12 21:23:41] ================================================
[2025-04-12 21:23:41] 开始执行处理流程
[2025-04-12 21:23:41] === 步骤1: 从MySQL导出数据到TXT ===
[2025-04-12 21:23:41] 执行: python mysql_to_txt.py
开始从MySQL导出数据到文本文件...
连接尝试 1/3...
连接失败: 2003: Can't connect to MySQL server on 'localhost:13306' (61 Connection refused)
等待 5 秒后重试...
连接尝试 2/3...
连接失败: 2003: Can't connect to MySQL server on 'localhost:13306' (61 Connection refused)
等待 5 秒后重试...
连接尝试 3/3...
连接失败: 2003: Can't connect to MySQL server on 'localhost:13306' (61 Connection refused)
达到最大重试次数，放弃连接
Traceback (most recent call last):
  File "/Users/yangsan/Library/Python/3.7/lib/python/site-packages/mysql/connector/network.py", line 600, in open_connection
    self.sock.connect(sockaddr)
ConnectionRefusedError: [Errno 61] Connection refused

The above exception was the direct cause of the following exception:

Traceback (most recent call last):
  File "mysql_to_txt.py", line 215, in <module>
    main()
  File "mysql_to_txt.py", line 178, in main
    connection = connect_to_mysql_with_retry()
  File "mysql_to_txt.py", line 32, in connect_to_mysql_with_retry
    connection = mysql.connector.connect(**DB_CONFIG)
  File "/Users/yangsan/Library/Python/3.7/lib/python/site-packages/mysql/connector/pooling.py", line 294, in connect
    return MySQLConnection(*args, **kwargs)
  File "/Users/yangsan/Library/Python/3.7/lib/python/site-packages/mysql/connector/connection.py", line 164, in __init__
    self.connect(**kwargs)
  File "/Users/yangsan/Library/Python/3.7/lib/python/site-packages/mysql/connector/abstracts.py", line 1181, in connect
    self._open_connection()
  File "/Users/yangsan/Library/Python/3.7/lib/python/site-packages/mysql/connector/connection.py", line 570, in _open_connection
    self._socket.open_connection()
  File "/Users/yangsan/Library/Python/3.7/lib/python/site-packages/mysql/connector/network.py", line 609, in open_connection
    ) from err
mysql.connector.errors.InterfaceError: 2003: Can't connect to MySQL server on 'localhost:13306' (61 Connection refused)
[2025-04-12 21:23:51] ✗ MySQL数据导出失败，错误代码: 1
[2025-04-12 21:23:51] 本次执行完成，将在5分钟后再次执行
[2025-04-12 21:23:51] --------------------------------------------
[2025-04-12 21:28:51] 开始新的迭代 - 2025-04-12 21:28:51
[2025-04-12 21:28:51] ================================================
[2025-04-12 21:28:51]       客服数据处理流程自动化脚本 v2.0 (后台定时版)
[2025-04-12 21:28:51] ================================================
[2025-04-12 21:28:51] 开始执行处理流程
[2025-04-12 21:28:51] === 步骤1: 从MySQL导出数据到TXT ===
[2025-04-12 21:28:51] 执行: python mysql_to_txt.py
开始从MySQL导出数据到文本文件...
连接尝试 1/3...
连接失败: 2003: Can't connect to MySQL server on 'localhost:13306' (61 Connection refused)
等待 5 秒后重试...
连接尝试 2/3...
连接失败: 2003: Can't connect to MySQL server on 'localhost:13306' (61 Connection refused)
等待 5 秒后重试...
连接尝试 3/3...
连接失败: 2003: Can't connect to MySQL server on 'localhost:13306' (61 Connection refused)
达到最大重试次数，放弃连接
Traceback (most recent call last):
  File "/Users/yangsan/Library/Python/3.7/lib/python/site-packages/mysql/connector/network.py", line 600, in open_connection
    self.sock.connect(sockaddr)
ConnectionRefusedError: [Errno 61] Connection refused

The above exception was the direct cause of the following exception:

Traceback (most recent call last):
  File "mysql_to_txt.py", line 215, in <module>
    main()
  File "mysql_to_txt.py", line 178, in main
    connection = connect_to_mysql_with_retry()
  File "mysql_to_txt.py", line 32, in connect_to_mysql_with_retry
    connection = mysql.connector.connect(**DB_CONFIG)
  File "/Users/yangsan/Library/Python/3.7/lib/python/site-packages/mysql/connector/pooling.py", line 294, in connect
    return MySQLConnection(*args, **kwargs)
  File "/Users/yangsan/Library/Python/3.7/lib/python/site-packages/mysql/connector/connection.py", line 164, in __init__
    self.connect(**kwargs)
  File "/Users/yangsan/Library/Python/3.7/lib/python/site-packages/mysql/connector/abstracts.py", line 1181, in connect
    self._open_connection()
  File "/Users/yangsan/Library/Python/3.7/lib/python/site-packages/mysql/connector/connection.py", line 570, in _open_connection
    self._socket.open_connection()
  File "/Users/yangsan/Library/Python/3.7/lib/python/site-packages/mysql/connector/network.py", line 609, in open_connection
    ) from err
mysql.connector.errors.InterfaceError: 2003: Can't connect to MySQL server on 'localhost:13306' (61 Connection refused)
[2025-04-12 21:29:02] ✗ MySQL数据导出失败，错误代码: 1
[2025-04-12 21:29:02] 本次执行完成，将在5分钟后再次执行
[2025-04-12 21:29:02] --------------------------------------------
[2025-04-12 21:34:02] 开始新的迭代 - 2025-04-12 21:34:02
[2025-04-12 21:34:02] ================================================
[2025-04-12 21:34:02]       客服数据处理流程自动化脚本 v2.0 (后台定时版)
[2025-04-12 21:34:02] ================================================
[2025-04-12 21:34:02] 开始执行处理流程
[2025-04-12 21:34:02] === 步骤1: 从MySQL导出数据到TXT ===
[2025-04-12 21:34:02] 执行: python mysql_to_txt.py
开始从MySQL导出数据到文本文件...
连接尝试 1/3...
连接失败: 2003: Can't connect to MySQL server on 'localhost:13306' (61 Connection refused)
等待 5 秒后重试...
连接尝试 2/3...
连接失败: 2003: Can't connect to MySQL server on 'localhost:13306' (61 Connection refused)
等待 5 秒后重试...
连接尝试 3/3...
连接失败: 2003: Can't connect to MySQL server on 'localhost:13306' (61 Connection refused)
达到最大重试次数，放弃连接
Traceback (most recent call last):
  File "/Users/yangsan/Library/Python/3.7/lib/python/site-packages/mysql/connector/network.py", line 600, in open_connection
    self.sock.connect(sockaddr)
ConnectionRefusedError: [Errno 61] Connection refused

The above exception was the direct cause of the following exception:

Traceback (most recent call last):
  File "mysql_to_txt.py", line 215, in <module>
    main()
  File "mysql_to_txt.py", line 178, in main
    connection = connect_to_mysql_with_retry()
  File "mysql_to_txt.py", line 32, in connect_to_mysql_with_retry
    connection = mysql.connector.connect(**DB_CONFIG)
  File "/Users/yangsan/Library/Python/3.7/lib/python/site-packages/mysql/connector/pooling.py", line 294, in connect
    return MySQLConnection(*args, **kwargs)
  File "/Users/yangsan/Library/Python/3.7/lib/python/site-packages/mysql/connector/connection.py", line 164, in __init__
    self.connect(**kwargs)
  File "/Users/yangsan/Library/Python/3.7/lib/python/site-packages/mysql/connector/abstracts.py", line 1181, in connect
    self._open_connection()
  File "/Users/yangsan/Library/Python/3.7/lib/python/site-packages/mysql/connector/connection.py", line 570, in _open_connection
    self._socket.open_connection()
  File "/Users/yangsan/Library/Python/3.7/lib/python/site-packages/mysql/connector/network.py", line 609, in open_connection
    ) from err
mysql.connector.errors.InterfaceError: 2003: Can't connect to MySQL server on 'localhost:13306' (61 Connection refused)
[2025-04-12 21:34:12] ✗ MySQL数据导出失败，错误代码: 1
[2025-04-12 21:34:12] 本次执行完成，将在5分钟后再次执行
[2025-04-12 21:34:12] --------------------------------------------
[2025-04-12 21:39:12] 开始新的迭代 - 2025-04-12 21:39:12
[2025-04-12 21:39:12] ================================================
[2025-04-12 21:39:12]       客服数据处理流程自动化脚本 v2.0 (后台定时版)
[2025-04-12 21:39:12] ================================================
[2025-04-12 21:39:12] 开始执行处理流程
[2025-04-12 21:39:12] === 步骤1: 从MySQL导出数据到TXT ===
[2025-04-12 21:39:12] 执行: python mysql_to_txt.py
开始从MySQL导出数据到文本文件...
连接尝试 1/3...
连接失败: 2003: Can't connect to MySQL server on 'localhost:13306' (61 Connection refused)
等待 5 秒后重试...
连接尝试 2/3...
连接失败: 2003: Can't connect to MySQL server on 'localhost:13306' (61 Connection refused)
等待 5 秒后重试...
连接尝试 3/3...
连接失败: 2003: Can't connect to MySQL server on 'localhost:13306' (61 Connection refused)
达到最大重试次数，放弃连接
Traceback (most recent call last):
  File "/Users/yangsan/Library/Python/3.7/lib/python/site-packages/mysql/connector/network.py", line 600, in open_connection
    self.sock.connect(sockaddr)
ConnectionRefusedError: [Errno 61] Connection refused

The above exception was the direct cause of the following exception:

Traceback (most recent call last):
  File "mysql_to_txt.py", line 215, in <module>
    main()
  File "mysql_to_txt.py", line 178, in main
    connection = connect_to_mysql_with_retry()
  File "mysql_to_txt.py", line 32, in connect_to_mysql_with_retry
    connection = mysql.connector.connect(**DB_CONFIG)
  File "/Users/yangsan/Library/Python/3.7/lib/python/site-packages/mysql/connector/pooling.py", line 294, in connect
    return MySQLConnection(*args, **kwargs)
  File "/Users/yangsan/Library/Python/3.7/lib/python/site-packages/mysql/connector/connection.py", line 164, in __init__
    self.connect(**kwargs)
  File "/Users/yangsan/Library/Python/3.7/lib/python/site-packages/mysql/connector/abstracts.py", line 1181, in connect
    self._open_connection()
  File "/Users/yangsan/Library/Python/3.7/lib/python/site-packages/mysql/connector/connection.py", line 570, in _open_connection
    self._socket.open_connection()
  File "/Users/yangsan/Library/Python/3.7/lib/python/site-packages/mysql/connector/network.py", line 609, in open_connection
    ) from err
mysql.connector.errors.InterfaceError: 2003: Can't connect to MySQL server on 'localhost:13306' (61 Connection refused)
[2025-04-12 21:39:23] ✗ MySQL数据导出失败，错误代码: 1
[2025-04-12 21:39:23] 本次执行完成，将在5分钟后再次执行
[2025-04-12 21:39:23] --------------------------------------------
[2025-04-12 21:44:23] 开始新的迭代 - 2025-04-12 21:44:23
[2025-04-12 21:44:23] ================================================
[2025-04-12 21:44:23]       客服数据处理流程自动化脚本 v2.0 (后台定时版)
[2025-04-12 21:44:23] ================================================
[2025-04-12 21:44:23] 开始执行处理流程
[2025-04-12 21:44:23] === 步骤1: 从MySQL导出数据到TXT ===
[2025-04-12 21:44:23] 执行: python mysql_to_txt.py
开始从MySQL导出数据到文本文件...
连接尝试 1/3...
连接失败: 2003: Can't connect to MySQL server on 'localhost:13306' (61 Connection refused)
等待 5 秒后重试...
连接尝试 2/3...
连接失败: 2003: Can't connect to MySQL server on 'localhost:13306' (61 Connection refused)
等待 5 秒后重试...
连接尝试 3/3...
连接失败: 2003: Can't connect to MySQL server on 'localhost:13306' (61 Connection refused)
达到最大重试次数，放弃连接
Traceback (most recent call last):
  File "/Users/yangsan/Library/Python/3.7/lib/python/site-packages/mysql/connector/network.py", line 600, in open_connection
    self.sock.connect(sockaddr)
ConnectionRefusedError: [Errno 61] Connection refused

The above exception was the direct cause of the following exception:

Traceback (most recent call last):
  File "mysql_to_txt.py", line 215, in <module>
    main()
  File "mysql_to_txt.py", line 178, in main
    connection = connect_to_mysql_with_retry()
  File "mysql_to_txt.py", line 32, in connect_to_mysql_with_retry
    connection = mysql.connector.connect(**DB_CONFIG)
  File "/Users/yangsan/Library/Python/3.7/lib/python/site-packages/mysql/connector/pooling.py", line 294, in connect
    return MySQLConnection(*args, **kwargs)
  File "/Users/yangsan/Library/Python/3.7/lib/python/site-packages/mysql/connector/connection.py", line 164, in __init__
    self.connect(**kwargs)
  File "/Users/yangsan/Library/Python/3.7/lib/python/site-packages/mysql/connector/abstracts.py", line 1181, in connect
    self._open_connection()
  File "/Users/yangsan/Library/Python/3.7/lib/python/site-packages/mysql/connector/connection.py", line 570, in _open_connection
    self._socket.open_connection()
  File "/Users/yangsan/Library/Python/3.7/lib/python/site-packages/mysql/connector/network.py", line 609, in open_connection
    ) from err
mysql.connector.errors.InterfaceError: 2003: Can't connect to MySQL server on 'localhost:13306' (61 Connection refused)
[2025-04-12 21:44:33] ✗ MySQL数据导出失败，错误代码: 1
[2025-04-12 21:44:33] 本次执行完成，将在5分钟后再次执行
[2025-04-12 21:44:33] --------------------------------------------
[2025-04-12 21:49:33] 开始新的迭代 - 2025-04-12 21:49:33
[2025-04-12 21:49:33] ================================================
[2025-04-12 21:49:33]       客服数据处理流程自动化脚本 v2.0 (后台定时版)
[2025-04-12 21:49:33] ================================================
[2025-04-12 21:49:33] 开始执行处理流程
[2025-04-12 21:49:33] === 步骤1: 从MySQL导出数据到TXT ===
[2025-04-12 21:49:33] 执行: python mysql_to_txt.py
开始从MySQL导出数据到文本文件...
连接尝试 1/3...
连接失败: 2003: Can't connect to MySQL server on 'localhost:13306' (61 Connection refused)
等待 5 秒后重试...
连接尝试 2/3...
连接失败: 2003: Can't connect to MySQL server on 'localhost:13306' (61 Connection refused)
等待 5 秒后重试...
连接尝试 3/3...
连接失败: 2003: Can't connect to MySQL server on 'localhost:13306' (61 Connection refused)
达到最大重试次数，放弃连接
Traceback (most recent call last):
  File "/Users/yangsan/Library/Python/3.7/lib/python/site-packages/mysql/connector/network.py", line 600, in open_connection
    self.sock.connect(sockaddr)
ConnectionRefusedError: [Errno 61] Connection refused

The above exception was the direct cause of the following exception:

Traceback (most recent call last):
  File "mysql_to_txt.py", line 215, in <module>
    main()
  File "mysql_to_txt.py", line 178, in main
    connection = connect_to_mysql_with_retry()
  File "mysql_to_txt.py", line 32, in connect_to_mysql_with_retry
    connection = mysql.connector.connect(**DB_CONFIG)
  File "/Users/yangsan/Library/Python/3.7/lib/python/site-packages/mysql/connector/pooling.py", line 294, in connect
    return MySQLConnection(*args, **kwargs)
  File "/Users/yangsan/Library/Python/3.7/lib/python/site-packages/mysql/connector/connection.py", line 164, in __init__
    self.connect(**kwargs)
  File "/Users/yangsan/Library/Python/3.7/lib/python/site-packages/mysql/connector/abstracts.py", line 1181, in connect
    self._open_connection()
  File "/Users/yangsan/Library/Python/3.7/lib/python/site-packages/mysql/connector/connection.py", line 570, in _open_connection
    self._socket.open_connection()
  File "/Users/yangsan/Library/Python/3.7/lib/python/site-packages/mysql/connector/network.py", line 609, in open_connection
    ) from err
mysql.connector.errors.InterfaceError: 2003: Can't connect to MySQL server on 'localhost:13306' (61 Connection refused)
[2025-04-12 21:49:44] ✗ MySQL数据导出失败，错误代码: 1
[2025-04-12 21:49:44] 本次执行完成，将在5分钟后再次执行
[2025-04-12 21:49:44] --------------------------------------------
[2025-04-12 21:54:44] 开始新的迭代 - 2025-04-12 21:54:44
[2025-04-12 21:54:44] ================================================
[2025-04-12 21:54:44]       客服数据处理流程自动化脚本 v2.0 (后台定时版)
[2025-04-12 21:54:44] ================================================
[2025-04-12 21:54:44] 开始执行处理流程
[2025-04-12 21:54:44] === 步骤1: 从MySQL导出数据到TXT ===
[2025-04-12 21:54:44] 执行: python mysql_to_txt.py
开始从MySQL导出数据到文本文件...
连接尝试 1/3...
连接失败: 2003: Can't connect to MySQL server on 'localhost:13306' (61 Connection refused)
等待 5 秒后重试...
连接尝试 2/3...
连接失败: 2003: Can't connect to MySQL server on 'localhost:13306' (61 Connection refused)
等待 5 秒后重试...
连接尝试 3/3...
连接失败: 2003: Can't connect to MySQL server on 'localhost:13306' (61 Connection refused)
达到最大重试次数，放弃连接
Traceback (most recent call last):
  File "/Users/yangsan/Library/Python/3.7/lib/python/site-packages/mysql/connector/network.py", line 600, in open_connection
    self.sock.connect(sockaddr)
ConnectionRefusedError: [Errno 61] Connection refused

The above exception was the direct cause of the following exception:

Traceback (most recent call last):
  File "mysql_to_txt.py", line 215, in <module>
    main()
  File "mysql_to_txt.py", line 178, in main
    connection = connect_to_mysql_with_retry()
  File "mysql_to_txt.py", line 32, in connect_to_mysql_with_retry
    connection = mysql.connector.connect(**DB_CONFIG)
  File "/Users/yangsan/Library/Python/3.7/lib/python/site-packages/mysql/connector/pooling.py", line 294, in connect
    return MySQLConnection(*args, **kwargs)
  File "/Users/yangsan/Library/Python/3.7/lib/python/site-packages/mysql/connector/connection.py", line 164, in __init__
    self.connect(**kwargs)
  File "/Users/yangsan/Library/Python/3.7/lib/python/site-packages/mysql/connector/abstracts.py", line 1181, in connect
    self._open_connection()
  File "/Users/yangsan/Library/Python/3.7/lib/python/site-packages/mysql/connector/connection.py", line 570, in _open_connection
    self._socket.open_connection()
  File "/Users/yangsan/Library/Python/3.7/lib/python/site-packages/mysql/connector/network.py", line 609, in open_connection
    ) from err
mysql.connector.errors.InterfaceError: 2003: Can't connect to MySQL server on 'localhost:13306' (61 Connection refused)
[2025-04-12 21:54:54] ✗ MySQL数据导出失败，错误代码: 1
[2025-04-12 21:54:54] 本次执行完成，将在5分钟后再次执行
[2025-04-12 21:54:54] --------------------------------------------
[2025-04-12 21:59:54] 开始新的迭代 - 2025-04-12 21:59:54
[2025-04-12 21:59:54] ================================================
[2025-04-12 21:59:54]       客服数据处理流程自动化脚本 v2.0 (后台定时版)
[2025-04-12 21:59:54] ================================================
[2025-04-12 21:59:54] 开始执行处理流程
[2025-04-12 21:59:54] === 步骤1: 从MySQL导出数据到TXT ===
[2025-04-12 21:59:54] 执行: python mysql_to_txt.py
开始从MySQL导出数据到文本文件...
连接尝试 1/3...
连接失败: 2003: Can't connect to MySQL server on 'localhost:13306' (61 Connection refused)
等待 5 秒后重试...
连接尝试 2/3...
连接失败: 2003: Can't connect to MySQL server on 'localhost:13306' (61 Connection refused)
等待 5 秒后重试...
连接尝试 3/3...
连接失败: 2003: Can't connect to MySQL server on 'localhost:13306' (61 Connection refused)
达到最大重试次数，放弃连接
Traceback (most recent call last):
  File "/Users/yangsan/Library/Python/3.7/lib/python/site-packages/mysql/connector/network.py", line 600, in open_connection
    self.sock.connect(sockaddr)
ConnectionRefusedError: [Errno 61] Connection refused

The above exception was the direct cause of the following exception:

Traceback (most recent call last):
  File "mysql_to_txt.py", line 215, in <module>
    main()
  File "mysql_to_txt.py", line 178, in main
    connection = connect_to_mysql_with_retry()
  File "mysql_to_txt.py", line 32, in connect_to_mysql_with_retry
    connection = mysql.connector.connect(**DB_CONFIG)
  File "/Users/yangsan/Library/Python/3.7/lib/python/site-packages/mysql/connector/pooling.py", line 294, in connect
    return MySQLConnection(*args, **kwargs)
  File "/Users/yangsan/Library/Python/3.7/lib/python/site-packages/mysql/connector/connection.py", line 164, in __init__
    self.connect(**kwargs)
  File "/Users/yangsan/Library/Python/3.7/lib/python/site-packages/mysql/connector/abstracts.py", line 1181, in connect
    self._open_connection()
  File "/Users/yangsan/Library/Python/3.7/lib/python/site-packages/mysql/connector/connection.py", line 570, in _open_connection
    self._socket.open_connection()
  File "/Users/yangsan/Library/Python/3.7/lib/python/site-packages/mysql/connector/network.py", line 609, in open_connection
    ) from err
mysql.connector.errors.InterfaceError: 2003: Can't connect to MySQL server on 'localhost:13306' (61 Connection refused)
[2025-04-12 22:00:05] ✗ MySQL数据导出失败，错误代码: 1
[2025-04-12 22:00:05] 本次执行完成，将在5分钟后再次执行
[2025-04-12 22:00:05] --------------------------------------------
[2025-04-12 22:05:05] 开始新的迭代 - 2025-04-12 22:05:05
[2025-04-12 22:05:05] ================================================
[2025-04-12 22:05:05]       客服数据处理流程自动化脚本 v2.0 (后台定时版)
[2025-04-12 22:05:05] ================================================
[2025-04-12 22:05:05] 开始执行处理流程
[2025-04-12 22:05:05] === 步骤1: 从MySQL导出数据到TXT ===
[2025-04-12 22:05:05] 执行: python mysql_to_txt.py
开始从MySQL导出数据到文本文件...
连接尝试 1/3...
连接失败: 2003: Can't connect to MySQL server on 'localhost:13306' (61 Connection refused)
等待 5 秒后重试...
连接尝试 2/3...
连接失败: 2003: Can't connect to MySQL server on 'localhost:13306' (61 Connection refused)
等待 5 秒后重试...
连接尝试 3/3...
连接失败: 2003: Can't connect to MySQL server on 'localhost:13306' (61 Connection refused)
达到最大重试次数，放弃连接
Traceback (most recent call last):
  File "/Users/yangsan/Library/Python/3.7/lib/python/site-packages/mysql/connector/network.py", line 600, in open_connection
    self.sock.connect(sockaddr)
ConnectionRefusedError: [Errno 61] Connection refused

The above exception was the direct cause of the following exception:

Traceback (most recent call last):
  File "mysql_to_txt.py", line 215, in <module>
    main()
  File "mysql_to_txt.py", line 178, in main
    connection = connect_to_mysql_with_retry()
  File "mysql_to_txt.py", line 32, in connect_to_mysql_with_retry
    connection = mysql.connector.connect(**DB_CONFIG)
  File "/Users/yangsan/Library/Python/3.7/lib/python/site-packages/mysql/connector/pooling.py", line 294, in connect
    return MySQLConnection(*args, **kwargs)
  File "/Users/yangsan/Library/Python/3.7/lib/python/site-packages/mysql/connector/connection.py", line 164, in __init__
    self.connect(**kwargs)
  File "/Users/yangsan/Library/Python/3.7/lib/python/site-packages/mysql/connector/abstracts.py", line 1181, in connect
    self._open_connection()
  File "/Users/yangsan/Library/Python/3.7/lib/python/site-packages/mysql/connector/connection.py", line 570, in _open_connection
    self._socket.open_connection()
  File "/Users/yangsan/Library/Python/3.7/lib/python/site-packages/mysql/connector/network.py", line 609, in open_connection
    ) from err
mysql.connector.errors.InterfaceError: 2003: Can't connect to MySQL server on 'localhost:13306' (61 Connection refused)
[2025-04-12 22:05:15] ✗ MySQL数据导出失败，错误代码: 1
[2025-04-12 22:05:15] 本次执行完成，将在5分钟后再次执行
[2025-04-12 22:05:15] --------------------------------------------
[2025-04-12 22:10:15] 开始新的迭代 - 2025-04-12 22:10:15
[2025-04-12 22:10:15] ================================================
[2025-04-12 22:10:15]       客服数据处理流程自动化脚本 v2.0 (后台定时版)
[2025-04-12 22:10:15] ================================================
[2025-04-12 22:10:15] 开始执行处理流程
[2025-04-12 22:10:15] === 步骤1: 从MySQL导出数据到TXT ===
[2025-04-12 22:10:15] 执行: python mysql_to_txt.py
开始从MySQL导出数据到文本文件...
连接尝试 1/3...
连接失败: 2003: Can't connect to MySQL server on 'localhost:13306' (61 Connection refused)
等待 5 秒后重试...
连接尝试 2/3...
连接失败: 2003: Can't connect to MySQL server on 'localhost:13306' (61 Connection refused)
等待 5 秒后重试...
连接尝试 3/3...
连接失败: 2003: Can't connect to MySQL server on 'localhost:13306' (61 Connection refused)
达到最大重试次数，放弃连接
Traceback (most recent call last):
  File "/Users/yangsan/Library/Python/3.7/lib/python/site-packages/mysql/connector/network.py", line 600, in open_connection
    self.sock.connect(sockaddr)
ConnectionRefusedError: [Errno 61] Connection refused

The above exception was the direct cause of the following exception:

Traceback (most recent call last):
  File "mysql_to_txt.py", line 215, in <module>
    main()
  File "mysql_to_txt.py", line 178, in main
    connection = connect_to_mysql_with_retry()
  File "mysql_to_txt.py", line 32, in connect_to_mysql_with_retry
    connection = mysql.connector.connect(**DB_CONFIG)
  File "/Users/yangsan/Library/Python/3.7/lib/python/site-packages/mysql/connector/pooling.py", line 294, in connect
    return MySQLConnection(*args, **kwargs)
  File "/Users/yangsan/Library/Python/3.7/lib/python/site-packages/mysql/connector/connection.py", line 164, in __init__
    self.connect(**kwargs)
  File "/Users/yangsan/Library/Python/3.7/lib/python/site-packages/mysql/connector/abstracts.py", line 1181, in connect
    self._open_connection()
  File "/Users/yangsan/Library/Python/3.7/lib/python/site-packages/mysql/connector/connection.py", line 570, in _open_connection
    self._socket.open_connection()
  File "/Users/yangsan/Library/Python/3.7/lib/python/site-packages/mysql/connector/network.py", line 609, in open_connection
    ) from err
mysql.connector.errors.InterfaceError: 2003: Can't connect to MySQL server on 'localhost:13306' (61 Connection refused)
[2025-04-12 22:10:26] ✗ MySQL数据导出失败，错误代码: 1
[2025-04-12 22:10:26] 本次执行完成，将在5分钟后再次执行
[2025-04-12 22:10:26] --------------------------------------------
[2025-04-12 22:15:26] 开始新的迭代 - 2025-04-12 22:15:26
[2025-04-12 22:15:26] ================================================
[2025-04-12 22:15:26]       客服数据处理流程自动化脚本 v2.0 (后台定时版)
[2025-04-12 22:15:26] ================================================
[2025-04-12 22:15:26] 开始执行处理流程
[2025-04-12 22:15:26] === 步骤1: 从MySQL导出数据到TXT ===
[2025-04-12 22:15:26] 执行: python mysql_to_txt.py
开始从MySQL导出数据到文本文件...
连接尝试 1/3...
连接失败: 2003: Can't connect to MySQL server on 'localhost:13306' (61 Connection refused)
等待 5 秒后重试...
连接尝试 2/3...
连接失败: 2003: Can't connect to MySQL server on 'localhost:13306' (61 Connection refused)
等待 5 秒后重试...
连接尝试 3/3...
连接失败: 2003: Can't connect to MySQL server on 'localhost:13306' (61 Connection refused)
达到最大重试次数，放弃连接
Traceback (most recent call last):
  File "/Users/yangsan/Library/Python/3.7/lib/python/site-packages/mysql/connector/network.py", line 600, in open_connection
    self.sock.connect(sockaddr)
ConnectionRefusedError: [Errno 61] Connection refused

The above exception was the direct cause of the following exception:

Traceback (most recent call last):
  File "mysql_to_txt.py", line 215, in <module>
    main()
  File "mysql_to_txt.py", line 178, in main
    connection = connect_to_mysql_with_retry()
  File "mysql_to_txt.py", line 32, in connect_to_mysql_with_retry
    connection = mysql.connector.connect(**DB_CONFIG)
  File "/Users/yangsan/Library/Python/3.7/lib/python/site-packages/mysql/connector/pooling.py", line 294, in connect
    return MySQLConnection(*args, **kwargs)
  File "/Users/yangsan/Library/Python/3.7/lib/python/site-packages/mysql/connector/connection.py", line 164, in __init__
    self.connect(**kwargs)
  File "/Users/yangsan/Library/Python/3.7/lib/python/site-packages/mysql/connector/abstracts.py", line 1181, in connect
    self._open_connection()
  File "/Users/yangsan/Library/Python/3.7/lib/python/site-packages/mysql/connector/connection.py", line 570, in _open_connection
    self._socket.open_connection()
  File "/Users/yangsan/Library/Python/3.7/lib/python/site-packages/mysql/connector/network.py", line 609, in open_connection
    ) from err
mysql.connector.errors.InterfaceError: 2003: Can't connect to MySQL server on 'localhost:13306' (61 Connection refused)
[2025-04-12 22:15:36] ✗ MySQL数据导出失败，错误代码: 1
[2025-04-12 22:15:36] 本次执行完成，将在5分钟后再次执行
[2025-04-12 22:15:36] --------------------------------------------
[2025-04-12 22:20:36] 开始新的迭代 - 2025-04-12 22:20:36
[2025-04-12 22:20:36] ================================================
[2025-04-12 22:20:36]       客服数据处理流程自动化脚本 v2.0 (后台定时版)
[2025-04-12 22:20:36] ================================================
[2025-04-12 22:20:36] 开始执行处理流程
[2025-04-12 22:20:36] === 步骤1: 从MySQL导出数据到TXT ===
[2025-04-12 22:20:36] 执行: python mysql_to_txt.py
开始从MySQL导出数据到文本文件...
连接尝试 1/3...
连接失败: 2003: Can't connect to MySQL server on 'localhost:13306' (61 Connection refused)
等待 5 秒后重试...
连接尝试 2/3...
连接失败: 2003: Can't connect to MySQL server on 'localhost:13306' (61 Connection refused)
等待 5 秒后重试...
连接尝试 3/3...
连接失败: 2003: Can't connect to MySQL server on 'localhost:13306' (61 Connection refused)
达到最大重试次数，放弃连接
Traceback (most recent call last):
  File "/Users/yangsan/Library/Python/3.7/lib/python/site-packages/mysql/connector/network.py", line 600, in open_connection
    self.sock.connect(sockaddr)
ConnectionRefusedError: [Errno 61] Connection refused

The above exception was the direct cause of the following exception:

Traceback (most recent call last):
  File "mysql_to_txt.py", line 215, in <module>
    main()
  File "mysql_to_txt.py", line 178, in main
    connection = connect_to_mysql_with_retry()
  File "mysql_to_txt.py", line 32, in connect_to_mysql_with_retry
    connection = mysql.connector.connect(**DB_CONFIG)
  File "/Users/yangsan/Library/Python/3.7/lib/python/site-packages/mysql/connector/pooling.py", line 294, in connect
    return MySQLConnection(*args, **kwargs)
  File "/Users/yangsan/Library/Python/3.7/lib/python/site-packages/mysql/connector/connection.py", line 164, in __init__
    self.connect(**kwargs)
  File "/Users/yangsan/Library/Python/3.7/lib/python/site-packages/mysql/connector/abstracts.py", line 1181, in connect
    self._open_connection()
  File "/Users/yangsan/Library/Python/3.7/lib/python/site-packages/mysql/connector/connection.py", line 570, in _open_connection
    self._socket.open_connection()
  File "/Users/yangsan/Library/Python/3.7/lib/python/site-packages/mysql/connector/network.py", line 609, in open_connection
    ) from err
mysql.connector.errors.InterfaceError: 2003: Can't connect to MySQL server on 'localhost:13306' (61 Connection refused)
[2025-04-12 22:20:47] ✗ MySQL数据导出失败，错误代码: 1
[2025-04-12 22:20:47] 本次执行完成，将在5分钟后再次执行
[2025-04-12 22:20:47] --------------------------------------------
[2025-04-12 22:25:47] 开始新的迭代 - 2025-04-12 22:25:47
[2025-04-12 22:25:47] ================================================
[2025-04-12 22:25:47]       客服数据处理流程自动化脚本 v2.0 (后台定时版)
[2025-04-12 22:25:47] ================================================
[2025-04-12 22:25:47] 开始执行处理流程
[2025-04-12 22:25:47] === 步骤1: 从MySQL导出数据到TXT ===
[2025-04-12 22:25:47] 执行: python mysql_to_txt.py
开始从MySQL导出数据到文本文件...
连接尝试 1/3...
连接失败: 2003: Can't connect to MySQL server on 'localhost:13306' (61 Connection refused)
等待 5 秒后重试...
连接尝试 2/3...
连接失败: 2003: Can't connect to MySQL server on 'localhost:13306' (61 Connection refused)
等待 5 秒后重试...
连接尝试 3/3...
连接失败: 2003: Can't connect to MySQL server on 'localhost:13306' (61 Connection refused)
达到最大重试次数，放弃连接
Traceback (most recent call last):
  File "/Users/yangsan/Library/Python/3.7/lib/python/site-packages/mysql/connector/network.py", line 600, in open_connection
    self.sock.connect(sockaddr)
ConnectionRefusedError: [Errno 61] Connection refused

The above exception was the direct cause of the following exception:

Traceback (most recent call last):
  File "mysql_to_txt.py", line 215, in <module>
    main()
  File "mysql_to_txt.py", line 178, in main
    connection = connect_to_mysql_with_retry()
  File "mysql_to_txt.py", line 32, in connect_to_mysql_with_retry
    connection = mysql.connector.connect(**DB_CONFIG)
  File "/Users/yangsan/Library/Python/3.7/lib/python/site-packages/mysql/connector/pooling.py", line 294, in connect
    return MySQLConnection(*args, **kwargs)
  File "/Users/yangsan/Library/Python/3.7/lib/python/site-packages/mysql/connector/connection.py", line 164, in __init__
    self.connect(**kwargs)
  File "/Users/yangsan/Library/Python/3.7/lib/python/site-packages/mysql/connector/abstracts.py", line 1181, in connect
    self._open_connection()
  File "/Users/yangsan/Library/Python/3.7/lib/python/site-packages/mysql/connector/connection.py", line 570, in _open_connection
    self._socket.open_connection()
  File "/Users/yangsan/Library/Python/3.7/lib/python/site-packages/mysql/connector/network.py", line 609, in open_connection
    ) from err
mysql.connector.errors.InterfaceError: 2003: Can't connect to MySQL server on 'localhost:13306' (61 Connection refused)
[2025-04-12 22:25:57] ✗ MySQL数据导出失败，错误代码: 1
[2025-04-12 22:25:57] 本次执行完成，将在5分钟后再次执行
[2025-04-12 22:25:57] --------------------------------------------
[2025-04-12 22:30:57] 开始新的迭代 - 2025-04-12 22:30:57
[2025-04-12 22:30:57] ================================================
[2025-04-12 22:30:57]       客服数据处理流程自动化脚本 v2.0 (后台定时版)
[2025-04-12 22:30:57] ================================================
[2025-04-12 22:30:57] 开始执行处理流程
[2025-04-12 22:30:57] === 步骤1: 从MySQL导出数据到TXT ===
[2025-04-12 22:30:57] 执行: python mysql_to_txt.py
开始从MySQL导出数据到文本文件...
连接尝试 1/3...
连接失败: 2003: Can't connect to MySQL server on 'localhost:13306' (61 Connection refused)
等待 5 秒后重试...
连接尝试 2/3...
连接失败: 2003: Can't connect to MySQL server on 'localhost:13306' (61 Connection refused)
等待 5 秒后重试...
连接尝试 3/3...
连接失败: 2003: Can't connect to MySQL server on 'localhost:13306' (61 Connection refused)
达到最大重试次数，放弃连接
Traceback (most recent call last):
  File "/Users/yangsan/Library/Python/3.7/lib/python/site-packages/mysql/connector/network.py", line 600, in open_connection
    self.sock.connect(sockaddr)
ConnectionRefusedError: [Errno 61] Connection refused

The above exception was the direct cause of the following exception:

Traceback (most recent call last):
  File "mysql_to_txt.py", line 215, in <module>
    main()
  File "mysql_to_txt.py", line 178, in main
    connection = connect_to_mysql_with_retry()
  File "mysql_to_txt.py", line 32, in connect_to_mysql_with_retry
    connection = mysql.connector.connect(**DB_CONFIG)
  File "/Users/yangsan/Library/Python/3.7/lib/python/site-packages/mysql/connector/pooling.py", line 294, in connect
    return MySQLConnection(*args, **kwargs)
  File "/Users/yangsan/Library/Python/3.7/lib/python/site-packages/mysql/connector/connection.py", line 164, in __init__
    self.connect(**kwargs)
  File "/Users/yangsan/Library/Python/3.7/lib/python/site-packages/mysql/connector/abstracts.py", line 1181, in connect
    self._open_connection()
  File "/Users/yangsan/Library/Python/3.7/lib/python/site-packages/mysql/connector/connection.py", line 570, in _open_connection
    self._socket.open_connection()
  File "/Users/yangsan/Library/Python/3.7/lib/python/site-packages/mysql/connector/network.py", line 609, in open_connection
    ) from err
mysql.connector.errors.InterfaceError: 2003: Can't connect to MySQL server on 'localhost:13306' (61 Connection refused)
[2025-04-12 22:31:08] ✗ MySQL数据导出失败，错误代码: 1
[2025-04-12 22:31:08] 本次执行完成，将在5分钟后再次执行
[2025-04-12 22:31:08] --------------------------------------------
[2025-04-12 22:36:08] 开始新的迭代 - 2025-04-12 22:36:08
[2025-04-12 22:36:08] ================================================
[2025-04-12 22:36:08]       客服数据处理流程自动化脚本 v2.0 (后台定时版)
[2025-04-12 22:36:08] ================================================
[2025-04-12 22:36:08] 开始执行处理流程
[2025-04-12 22:36:08] === 步骤1: 从MySQL导出数据到TXT ===
[2025-04-12 22:36:08] 执行: python mysql_to_txt.py
开始从MySQL导出数据到文本文件...
连接尝试 1/3...
连接失败: 2003: Can't connect to MySQL server on 'localhost:13306' (61 Connection refused)
等待 5 秒后重试...
连接尝试 2/3...
连接失败: 2003: Can't connect to MySQL server on 'localhost:13306' (61 Connection refused)
等待 5 秒后重试...
连接尝试 3/3...
连接失败: 2003: Can't connect to MySQL server on 'localhost:13306' (61 Connection refused)
达到最大重试次数，放弃连接
Traceback (most recent call last):
  File "/Users/yangsan/Library/Python/3.7/lib/python/site-packages/mysql/connector/network.py", line 600, in open_connection
    self.sock.connect(sockaddr)
ConnectionRefusedError: [Errno 61] Connection refused

The above exception was the direct cause of the following exception:

Traceback (most recent call last):
  File "mysql_to_txt.py", line 215, in <module>
    main()
  File "mysql_to_txt.py", line 178, in main
    connection = connect_to_mysql_with_retry()
  File "mysql_to_txt.py", line 32, in connect_to_mysql_with_retry
    connection = mysql.connector.connect(**DB_CONFIG)
  File "/Users/yangsan/Library/Python/3.7/lib/python/site-packages/mysql/connector/pooling.py", line 294, in connect
    return MySQLConnection(*args, **kwargs)
  File "/Users/yangsan/Library/Python/3.7/lib/python/site-packages/mysql/connector/connection.py", line 164, in __init__
    self.connect(**kwargs)
  File "/Users/yangsan/Library/Python/3.7/lib/python/site-packages/mysql/connector/abstracts.py", line 1181, in connect
    self._open_connection()
  File "/Users/yangsan/Library/Python/3.7/lib/python/site-packages/mysql/connector/connection.py", line 570, in _open_connection
    self._socket.open_connection()
  File "/Users/yangsan/Library/Python/3.7/lib/python/site-packages/mysql/connector/network.py", line 609, in open_connection
    ) from err
mysql.connector.errors.InterfaceError: 2003: Can't connect to MySQL server on 'localhost:13306' (61 Connection refused)
[2025-04-12 22:36:19] ✗ MySQL数据导出失败，错误代码: 1
[2025-04-12 22:36:19] 本次执行完成，将在5分钟后再次执行
[2025-04-12 22:36:19] --------------------------------------------
[2025-04-12 22:41:18] 开始新的迭代 - 2025-04-12 22:41:18
[2025-04-12 22:41:18] ================================================
[2025-04-12 22:41:18]       客服数据处理流程自动化脚本 v2.0 (后台定时版)
[2025-04-12 22:41:18] ================================================
[2025-04-12 22:41:18] 开始执行处理流程
[2025-04-12 22:41:18] === 步骤1: 从MySQL导出数据到TXT ===
[2025-04-12 22:41:18] 执行: python mysql_to_txt.py
开始从MySQL导出数据到文本文件...
连接尝试 1/3...
连接失败: 2003: Can't connect to MySQL server on 'localhost:13306' (61 Connection refused)
等待 5 秒后重试...
连接尝试 2/3...
连接失败: 2003: Can't connect to MySQL server on 'localhost:13306' (61 Connection refused)
等待 5 秒后重试...
连接尝试 3/3...
连接失败: 2003: Can't connect to MySQL server on 'localhost:13306' (61 Connection refused)
达到最大重试次数，放弃连接
Traceback (most recent call last):
  File "/Users/yangsan/Library/Python/3.7/lib/python/site-packages/mysql/connector/network.py", line 600, in open_connection
    self.sock.connect(sockaddr)
ConnectionRefusedError: [Errno 61] Connection refused

The above exception was the direct cause of the following exception:

Traceback (most recent call last):
  File "mysql_to_txt.py", line 215, in <module>
    main()
  File "mysql_to_txt.py", line 178, in main
    connection = connect_to_mysql_with_retry()
  File "mysql_to_txt.py", line 32, in connect_to_mysql_with_retry
    connection = mysql.connector.connect(**DB_CONFIG)
  File "/Users/yangsan/Library/Python/3.7/lib/python/site-packages/mysql/connector/pooling.py", line 294, in connect
    return MySQLConnection(*args, **kwargs)
  File "/Users/yangsan/Library/Python/3.7/lib/python/site-packages/mysql/connector/connection.py", line 164, in __init__
    self.connect(**kwargs)
  File "/Users/yangsan/Library/Python/3.7/lib/python/site-packages/mysql/connector/abstracts.py", line 1181, in connect
    self._open_connection()
  File "/Users/yangsan/Library/Python/3.7/lib/python/site-packages/mysql/connector/connection.py", line 570, in _open_connection
    self._socket.open_connection()
  File "/Users/yangsan/Library/Python/3.7/lib/python/site-packages/mysql/connector/network.py", line 609, in open_connection
    ) from err
mysql.connector.errors.InterfaceError: 2003: Can't connect to MySQL server on 'localhost:13306' (61 Connection refused)
[2025-04-12 22:41:29] ✗ MySQL数据导出失败，错误代码: 1
[2025-04-12 22:41:29] 本次执行完成，将在5分钟后再次执行
[2025-04-12 22:41:29] --------------------------------------------
[2025-04-12 22:46:29] 开始新的迭代 - 2025-04-12 22:46:29
[2025-04-12 22:46:29] ================================================
[2025-04-12 22:46:29]       客服数据处理流程自动化脚本 v2.0 (后台定时版)
[2025-04-12 22:46:29] ================================================
[2025-04-12 22:46:29] 开始执行处理流程
[2025-04-12 22:46:29] === 步骤1: 从MySQL导出数据到TXT ===
[2025-04-12 22:46:29] 执行: python mysql_to_txt.py
开始从MySQL导出数据到文本文件...
连接尝试 1/3...
连接失败: 2003: Can't connect to MySQL server on 'localhost:13306' (61 Connection refused)
等待 5 秒后重试...
连接尝试 2/3...
连接失败: 2003: Can't connect to MySQL server on 'localhost:13306' (61 Connection refused)
等待 5 秒后重试...
连接尝试 3/3...
连接失败: 2003: Can't connect to MySQL server on 'localhost:13306' (61 Connection refused)
达到最大重试次数，放弃连接
Traceback (most recent call last):
  File "/Users/yangsan/Library/Python/3.7/lib/python/site-packages/mysql/connector/network.py", line 600, in open_connection
    self.sock.connect(sockaddr)
ConnectionRefusedError: [Errno 61] Connection refused

The above exception was the direct cause of the following exception:

Traceback (most recent call last):
  File "mysql_to_txt.py", line 215, in <module>
    main()
  File "mysql_to_txt.py", line 178, in main
    connection = connect_to_mysql_with_retry()
  File "mysql_to_txt.py", line 32, in connect_to_mysql_with_retry
    connection = mysql.connector.connect(**DB_CONFIG)
  File "/Users/yangsan/Library/Python/3.7/lib/python/site-packages/mysql/connector/pooling.py", line 294, in connect
    return MySQLConnection(*args, **kwargs)
  File "/Users/yangsan/Library/Python/3.7/lib/python/site-packages/mysql/connector/connection.py", line 164, in __init__
    self.connect(**kwargs)
  File "/Users/yangsan/Library/Python/3.7/lib/python/site-packages/mysql/connector/abstracts.py", line 1181, in connect
    self._open_connection()
  File "/Users/yangsan/Library/Python/3.7/lib/python/site-packages/mysql/connector/connection.py", line 570, in _open_connection
    self._socket.open_connection()
  File "/Users/yangsan/Library/Python/3.7/lib/python/site-packages/mysql/connector/network.py", line 609, in open_connection
    ) from err
mysql.connector.errors.InterfaceError: 2003: Can't connect to MySQL server on 'localhost:13306' (61 Connection refused)
[2025-04-12 22:46:39] ✗ MySQL数据导出失败，错误代码: 1
[2025-04-12 22:46:39] 本次执行完成，将在5分钟后再次执行
[2025-04-12 22:46:40] --------------------------------------------
[2025-04-12 22:51:40] 开始新的迭代 - 2025-04-12 22:51:40
[2025-04-12 22:51:40] ================================================
[2025-04-12 22:51:40]       客服数据处理流程自动化脚本 v2.0 (后台定时版)
[2025-04-12 22:51:40] ================================================
[2025-04-12 22:51:40] 开始执行处理流程
[2025-04-12 22:51:40] === 步骤1: 从MySQL导出数据到TXT ===
[2025-04-12 22:51:40] 执行: python mysql_to_txt.py
开始从MySQL导出数据到文本文件...
连接尝试 1/3...
连接失败: 2003: Can't connect to MySQL server on 'localhost:13306' (61 Connection refused)
等待 5 秒后重试...
连接尝试 2/3...
连接失败: 2003: Can't connect to MySQL server on 'localhost:13306' (61 Connection refused)
等待 5 秒后重试...
连接尝试 3/3...
连接失败: 2003: Can't connect to MySQL server on 'localhost:13306' (61 Connection refused)
达到最大重试次数，放弃连接
Traceback (most recent call last):
  File "/Users/yangsan/Library/Python/3.7/lib/python/site-packages/mysql/connector/network.py", line 600, in open_connection
    self.sock.connect(sockaddr)
ConnectionRefusedError: [Errno 61] Connection refused

The above exception was the direct cause of the following exception:

Traceback (most recent call last):
  File "mysql_to_txt.py", line 215, in <module>
    main()
  File "mysql_to_txt.py", line 178, in main
    connection = connect_to_mysql_with_retry()
  File "mysql_to_txt.py", line 32, in connect_to_mysql_with_retry
    connection = mysql.connector.connect(**DB_CONFIG)
  File "/Users/yangsan/Library/Python/3.7/lib/python/site-packages/mysql/connector/pooling.py", line 294, in connect
    return MySQLConnection(*args, **kwargs)
  File "/Users/yangsan/Library/Python/3.7/lib/python/site-packages/mysql/connector/connection.py", line 164, in __init__
    self.connect(**kwargs)
  File "/Users/yangsan/Library/Python/3.7/lib/python/site-packages/mysql/connector/abstracts.py", line 1181, in connect
    self._open_connection()
  File "/Users/yangsan/Library/Python/3.7/lib/python/site-packages/mysql/connector/connection.py", line 570, in _open_connection
    self._socket.open_connection()
  File "/Users/yangsan/Library/Python/3.7/lib/python/site-packages/mysql/connector/network.py", line 609, in open_connection
    ) from err
mysql.connector.errors.InterfaceError: 2003: Can't connect to MySQL server on 'localhost:13306' (61 Connection refused)
[2025-04-12 22:51:50] ✗ MySQL数据导出失败，错误代码: 1
[2025-04-12 22:51:50] 本次执行完成，将在5分钟后再次执行
[2025-04-12 22:51:50] --------------------------------------------
[2025-04-12 22:56:50] 开始新的迭代 - 2025-04-12 22:56:50
[2025-04-12 22:56:50] ================================================
[2025-04-12 22:56:50]       客服数据处理流程自动化脚本 v2.0 (后台定时版)
[2025-04-12 22:56:50] ================================================
[2025-04-12 22:56:50] 开始执行处理流程
[2025-04-12 22:56:50] === 步骤1: 从MySQL导出数据到TXT ===
[2025-04-12 22:56:50] 执行: python mysql_to_txt.py
开始从MySQL导出数据到文本文件...
连接尝试 1/3...
连接失败: 2003: Can't connect to MySQL server on 'localhost:13306' (61 Connection refused)
等待 5 秒后重试...
连接尝试 2/3...
连接失败: 2003: Can't connect to MySQL server on 'localhost:13306' (61 Connection refused)
等待 5 秒后重试...
连接尝试 3/3...
连接失败: 2003: Can't connect to MySQL server on 'localhost:13306' (61 Connection refused)
达到最大重试次数，放弃连接
Traceback (most recent call last):
  File "/Users/yangsan/Library/Python/3.7/lib/python/site-packages/mysql/connector/network.py", line 600, in open_connection
    self.sock.connect(sockaddr)
ConnectionRefusedError: [Errno 61] Connection refused

The above exception was the direct cause of the following exception:

Traceback (most recent call last):
  File "mysql_to_txt.py", line 215, in <module>
    main()
  File "mysql_to_txt.py", line 178, in main
    connection = connect_to_mysql_with_retry()
  File "mysql_to_txt.py", line 32, in connect_to_mysql_with_retry
    connection = mysql.connector.connect(**DB_CONFIG)
  File "/Users/yangsan/Library/Python/3.7/lib/python/site-packages/mysql/connector/pooling.py", line 294, in connect
    return MySQLConnection(*args, **kwargs)
  File "/Users/yangsan/Library/Python/3.7/lib/python/site-packages/mysql/connector/connection.py", line 164, in __init__
    self.connect(**kwargs)
  File "/Users/yangsan/Library/Python/3.7/lib/python/site-packages/mysql/connector/abstracts.py", line 1181, in connect
    self._open_connection()
  File "/Users/yangsan/Library/Python/3.7/lib/python/site-packages/mysql/connector/connection.py", line 570, in _open_connection
    self._socket.open_connection()
  File "/Users/yangsan/Library/Python/3.7/lib/python/site-packages/mysql/connector/network.py", line 609, in open_connection
    ) from err
mysql.connector.errors.InterfaceError: 2003: Can't connect to MySQL server on 'localhost:13306' (61 Connection refused)
[2025-04-12 22:57:00] ✗ MySQL数据导出失败，错误代码: 1
[2025-04-12 22:57:00] 本次执行完成，将在5分钟后再次执行
[2025-04-12 22:57:00] --------------------------------------------
[2025-04-12 23:02:00] 开始新的迭代 - 2025-04-12 23:02:00
[2025-04-12 23:02:00] ================================================
[2025-04-12 23:02:00]       客服数据处理流程自动化脚本 v2.0 (后台定时版)
[2025-04-12 23:02:00] ================================================
[2025-04-12 23:02:00] 开始执行处理流程
[2025-04-12 23:02:00] === 步骤1: 从MySQL导出数据到TXT ===
[2025-04-12 23:02:00] 执行: python mysql_to_txt.py
开始从MySQL导出数据到文本文件...
连接尝试 1/3...
连接失败: 2003: Can't connect to MySQL server on 'localhost:13306' (61 Connection refused)
等待 5 秒后重试...
连接尝试 2/3...
连接失败: 2003: Can't connect to MySQL server on 'localhost:13306' (61 Connection refused)
等待 5 秒后重试...
连接尝试 3/3...
连接失败: 2003: Can't connect to MySQL server on 'localhost:13306' (61 Connection refused)
达到最大重试次数，放弃连接
Traceback (most recent call last):
  File "/Users/yangsan/Library/Python/3.7/lib/python/site-packages/mysql/connector/network.py", line 600, in open_connection
    self.sock.connect(sockaddr)
ConnectionRefusedError: [Errno 61] Connection refused

The above exception was the direct cause of the following exception:

Traceback (most recent call last):
  File "mysql_to_txt.py", line 215, in <module>
    main()
  File "mysql_to_txt.py", line 178, in main
    connection = connect_to_mysql_with_retry()
  File "mysql_to_txt.py", line 32, in connect_to_mysql_with_retry
    connection = mysql.connector.connect(**DB_CONFIG)
  File "/Users/yangsan/Library/Python/3.7/lib/python/site-packages/mysql/connector/pooling.py", line 294, in connect
    return MySQLConnection(*args, **kwargs)
  File "/Users/yangsan/Library/Python/3.7/lib/python/site-packages/mysql/connector/connection.py", line 164, in __init__
    self.connect(**kwargs)
  File "/Users/yangsan/Library/Python/3.7/lib/python/site-packages/mysql/connector/abstracts.py", line 1181, in connect
    self._open_connection()
  File "/Users/yangsan/Library/Python/3.7/lib/python/site-packages/mysql/connector/connection.py", line 570, in _open_connection
    self._socket.open_connection()
  File "/Users/yangsan/Library/Python/3.7/lib/python/site-packages/mysql/connector/network.py", line 609, in open_connection
    ) from err
mysql.connector.errors.InterfaceError: 2003: Can't connect to MySQL server on 'localhost:13306' (61 Connection refused)
[2025-04-12 23:02:11] ✗ MySQL数据导出失败，错误代码: 1
[2025-04-12 23:02:11] 本次执行完成，将在5分钟后再次执行
[2025-04-12 23:02:11] --------------------------------------------
[2025-04-12 23:07:11] 开始新的迭代 - 2025-04-12 23:07:11
[2025-04-12 23:07:11] ================================================
[2025-04-12 23:07:11]       客服数据处理流程自动化脚本 v2.0 (后台定时版)
[2025-04-12 23:07:11] ================================================
[2025-04-12 23:07:11] 开始执行处理流程
[2025-04-12 23:07:11] === 步骤1: 从MySQL导出数据到TXT ===
[2025-04-12 23:07:11] 执行: python mysql_to_txt.py
开始从MySQL导出数据到文本文件...
连接尝试 1/3...
连接失败: 2003: Can't connect to MySQL server on 'localhost:13306' (61 Connection refused)
等待 5 秒后重试...
连接尝试 2/3...
连接失败: 2003: Can't connect to MySQL server on 'localhost:13306' (61 Connection refused)
等待 5 秒后重试...
连接尝试 3/3...
连接失败: 2003: Can't connect to MySQL server on 'localhost:13306' (61 Connection refused)
达到最大重试次数，放弃连接
Traceback (most recent call last):
  File "/Users/yangsan/Library/Python/3.7/lib/python/site-packages/mysql/connector/network.py", line 600, in open_connection
    self.sock.connect(sockaddr)
ConnectionRefusedError: [Errno 61] Connection refused

The above exception was the direct cause of the following exception:

Traceback (most recent call last):
  File "mysql_to_txt.py", line 215, in <module>
    main()
  File "mysql_to_txt.py", line 178, in main
    connection = connect_to_mysql_with_retry()
  File "mysql_to_txt.py", line 32, in connect_to_mysql_with_retry
    connection = mysql.connector.connect(**DB_CONFIG)
  File "/Users/yangsan/Library/Python/3.7/lib/python/site-packages/mysql/connector/pooling.py", line 294, in connect
    return MySQLConnection(*args, **kwargs)
  File "/Users/yangsan/Library/Python/3.7/lib/python/site-packages/mysql/connector/connection.py", line 164, in __init__
    self.connect(**kwargs)
  File "/Users/yangsan/Library/Python/3.7/lib/python/site-packages/mysql/connector/abstracts.py", line 1181, in connect
    self._open_connection()
  File "/Users/yangsan/Library/Python/3.7/lib/python/site-packages/mysql/connector/connection.py", line 570, in _open_connection
    self._socket.open_connection()
  File "/Users/yangsan/Library/Python/3.7/lib/python/site-packages/mysql/connector/network.py", line 609, in open_connection
    ) from err
mysql.connector.errors.InterfaceError: 2003: Can't connect to MySQL server on 'localhost:13306' (61 Connection refused)
[2025-04-12 23:07:21] ✗ MySQL数据导出失败，错误代码: 1
[2025-04-12 23:07:21] 本次执行完成，将在5分钟后再次执行
[2025-04-12 23:07:21] --------------------------------------------
[2025-04-12 23:12:21] 开始新的迭代 - 2025-04-12 23:12:21
[2025-04-12 23:12:21] ================================================
[2025-04-12 23:12:21]       客服数据处理流程自动化脚本 v2.0 (后台定时版)
[2025-04-12 23:12:21] ================================================
[2025-04-12 23:12:21] 开始执行处理流程
[2025-04-12 23:12:21] === 步骤1: 从MySQL导出数据到TXT ===
[2025-04-12 23:12:21] 执行: python mysql_to_txt.py
开始从MySQL导出数据到文本文件...
连接尝试 1/3...
连接失败: 2003: Can't connect to MySQL server on 'localhost:13306' (61 Connection refused)
等待 5 秒后重试...
连接尝试 2/3...
连接失败: 2003: Can't connect to MySQL server on 'localhost:13306' (61 Connection refused)
等待 5 秒后重试...
连接尝试 3/3...
连接失败: 2003: Can't connect to MySQL server on 'localhost:13306' (61 Connection refused)
达到最大重试次数，放弃连接
Traceback (most recent call last):
  File "/Users/yangsan/Library/Python/3.7/lib/python/site-packages/mysql/connector/network.py", line 600, in open_connection
    self.sock.connect(sockaddr)
ConnectionRefusedError: [Errno 61] Connection refused

The above exception was the direct cause of the following exception:

Traceback (most recent call last):
  File "mysql_to_txt.py", line 215, in <module>
    main()
  File "mysql_to_txt.py", line 178, in main
    connection = connect_to_mysql_with_retry()
  File "mysql_to_txt.py", line 32, in connect_to_mysql_with_retry
    connection = mysql.connector.connect(**DB_CONFIG)
  File "/Users/yangsan/Library/Python/3.7/lib/python/site-packages/mysql/connector/pooling.py", line 294, in connect
    return MySQLConnection(*args, **kwargs)
  File "/Users/yangsan/Library/Python/3.7/lib/python/site-packages/mysql/connector/connection.py", line 164, in __init__
    self.connect(**kwargs)
  File "/Users/yangsan/Library/Python/3.7/lib/python/site-packages/mysql/connector/abstracts.py", line 1181, in connect
    self._open_connection()
  File "/Users/yangsan/Library/Python/3.7/lib/python/site-packages/mysql/connector/connection.py", line 570, in _open_connection
    self._socket.open_connection()
  File "/Users/yangsan/Library/Python/3.7/lib/python/site-packages/mysql/connector/network.py", line 609, in open_connection
    ) from err
mysql.connector.errors.InterfaceError: 2003: Can't connect to MySQL server on 'localhost:13306' (61 Connection refused)
[2025-04-12 23:12:32] ✗ MySQL数据导出失败，错误代码: 1
[2025-04-12 23:12:32] 本次执行完成，将在5分钟后再次执行
[2025-04-12 23:12:32] --------------------------------------------
[2025-04-12 23:17:32] 开始新的迭代 - 2025-04-12 23:17:32
[2025-04-12 23:17:32] ================================================
[2025-04-12 23:17:32]       客服数据处理流程自动化脚本 v2.0 (后台定时版)
[2025-04-12 23:17:32] ================================================
[2025-04-12 23:17:32] 开始执行处理流程
[2025-04-12 23:17:32] === 步骤1: 从MySQL导出数据到TXT ===
[2025-04-12 23:17:32] 执行: python mysql_to_txt.py
开始从MySQL导出数据到文本文件...
连接尝试 1/3...
连接失败: 2003: Can't connect to MySQL server on 'localhost:13306' (61 Connection refused)
等待 5 秒后重试...
连接尝试 2/3...
连接失败: 2003: Can't connect to MySQL server on 'localhost:13306' (61 Connection refused)
等待 5 秒后重试...
连接尝试 3/3...
连接失败: 2003: Can't connect to MySQL server on 'localhost:13306' (61 Connection refused)
达到最大重试次数，放弃连接
Traceback (most recent call last):
  File "/Users/yangsan/Library/Python/3.7/lib/python/site-packages/mysql/connector/network.py", line 600, in open_connection
    self.sock.connect(sockaddr)
ConnectionRefusedError: [Errno 61] Connection refused

The above exception was the direct cause of the following exception:

Traceback (most recent call last):
  File "mysql_to_txt.py", line 215, in <module>
    main()
  File "mysql_to_txt.py", line 178, in main
    connection = connect_to_mysql_with_retry()
  File "mysql_to_txt.py", line 32, in connect_to_mysql_with_retry
    connection = mysql.connector.connect(**DB_CONFIG)
  File "/Users/yangsan/Library/Python/3.7/lib/python/site-packages/mysql/connector/pooling.py", line 294, in connect
    return MySQLConnection(*args, **kwargs)
  File "/Users/yangsan/Library/Python/3.7/lib/python/site-packages/mysql/connector/connection.py", line 164, in __init__
    self.connect(**kwargs)
  File "/Users/yangsan/Library/Python/3.7/lib/python/site-packages/mysql/connector/abstracts.py", line 1181, in connect
    self._open_connection()
  File "/Users/yangsan/Library/Python/3.7/lib/python/site-packages/mysql/connector/connection.py", line 570, in _open_connection
    self._socket.open_connection()
  File "/Users/yangsan/Library/Python/3.7/lib/python/site-packages/mysql/connector/network.py", line 609, in open_connection
    ) from err
mysql.connector.errors.InterfaceError: 2003: Can't connect to MySQL server on 'localhost:13306' (61 Connection refused)
[2025-04-12 23:17:42] ✗ MySQL数据导出失败，错误代码: 1
[2025-04-12 23:17:42] 本次执行完成，将在5分钟后再次执行
[2025-04-12 23:17:42] --------------------------------------------
[2025-04-12 23:22:42] 开始新的迭代 - 2025-04-12 23:22:42
[2025-04-12 23:22:42] ================================================
[2025-04-12 23:22:42]       客服数据处理流程自动化脚本 v2.0 (后台定时版)
[2025-04-12 23:22:42] ================================================
[2025-04-12 23:22:42] 开始执行处理流程
[2025-04-12 23:22:42] === 步骤1: 从MySQL导出数据到TXT ===
[2025-04-12 23:22:42] 执行: python mysql_to_txt.py
开始从MySQL导出数据到文本文件...
连接尝试 1/3...
连接失败: 2003: Can't connect to MySQL server on 'localhost:13306' (61 Connection refused)
等待 5 秒后重试...
连接尝试 2/3...
连接失败: 2003: Can't connect to MySQL server on 'localhost:13306' (61 Connection refused)
等待 5 秒后重试...
连接尝试 3/3...
连接失败: 2003: Can't connect to MySQL server on 'localhost:13306' (61 Connection refused)
达到最大重试次数，放弃连接
Traceback (most recent call last):
  File "/Users/yangsan/Library/Python/3.7/lib/python/site-packages/mysql/connector/network.py", line 600, in open_connection
    self.sock.connect(sockaddr)
ConnectionRefusedError: [Errno 61] Connection refused

The above exception was the direct cause of the following exception:

Traceback (most recent call last):
  File "mysql_to_txt.py", line 215, in <module>
    main()
  File "mysql_to_txt.py", line 178, in main
    connection = connect_to_mysql_with_retry()
  File "mysql_to_txt.py", line 32, in connect_to_mysql_with_retry
    connection = mysql.connector.connect(**DB_CONFIG)
  File "/Users/yangsan/Library/Python/3.7/lib/python/site-packages/mysql/connector/pooling.py", line 294, in connect
    return MySQLConnection(*args, **kwargs)
  File "/Users/yangsan/Library/Python/3.7/lib/python/site-packages/mysql/connector/connection.py", line 164, in __init__
    self.connect(**kwargs)
  File "/Users/yangsan/Library/Python/3.7/lib/python/site-packages/mysql/connector/abstracts.py", line 1181, in connect
    self._open_connection()
  File "/Users/yangsan/Library/Python/3.7/lib/python/site-packages/mysql/connector/connection.py", line 570, in _open_connection
    self._socket.open_connection()
  File "/Users/yangsan/Library/Python/3.7/lib/python/site-packages/mysql/connector/network.py", line 609, in open_connection
    ) from err
mysql.connector.errors.InterfaceError: 2003: Can't connect to MySQL server on 'localhost:13306' (61 Connection refused)
[2025-04-12 23:22:53] ✗ MySQL数据导出失败，错误代码: 1
[2025-04-12 23:22:53] 本次执行完成，将在5分钟后再次执行
[2025-04-12 23:22:53] --------------------------------------------
[2025-04-12 23:27:53] 开始新的迭代 - 2025-04-12 23:27:53
[2025-04-12 23:27:53] ================================================
[2025-04-12 23:27:53]       客服数据处理流程自动化脚本 v2.0 (后台定时版)
[2025-04-12 23:27:53] ================================================
[2025-04-12 23:27:53] 开始执行处理流程
[2025-04-12 23:27:53] === 步骤1: 从MySQL导出数据到TXT ===
[2025-04-12 23:27:53] 执行: python mysql_to_txt.py
开始从MySQL导出数据到文本文件...
连接尝试 1/3...
连接失败: 2003: Can't connect to MySQL server on 'localhost:13306' (61 Connection refused)
等待 5 秒后重试...
连接尝试 2/3...
连接失败: 2003: Can't connect to MySQL server on 'localhost:13306' (61 Connection refused)
等待 5 秒后重试...
连接尝试 3/3...
连接失败: 2003: Can't connect to MySQL server on 'localhost:13306' (61 Connection refused)
达到最大重试次数，放弃连接
Traceback (most recent call last):
  File "/Users/yangsan/Library/Python/3.7/lib/python/site-packages/mysql/connector/network.py", line 600, in open_connection
    self.sock.connect(sockaddr)
ConnectionRefusedError: [Errno 61] Connection refused

The above exception was the direct cause of the following exception:

Traceback (most recent call last):
  File "mysql_to_txt.py", line 215, in <module>
    main()
  File "mysql_to_txt.py", line 178, in main
    connection = connect_to_mysql_with_retry()
  File "mysql_to_txt.py", line 32, in connect_to_mysql_with_retry
    connection = mysql.connector.connect(**DB_CONFIG)
  File "/Users/yangsan/Library/Python/3.7/lib/python/site-packages/mysql/connector/pooling.py", line 294, in connect
    return MySQLConnection(*args, **kwargs)
  File "/Users/yangsan/Library/Python/3.7/lib/python/site-packages/mysql/connector/connection.py", line 164, in __init__
    self.connect(**kwargs)
  File "/Users/yangsan/Library/Python/3.7/lib/python/site-packages/mysql/connector/abstracts.py", line 1181, in connect
    self._open_connection()
  File "/Users/yangsan/Library/Python/3.7/lib/python/site-packages/mysql/connector/connection.py", line 570, in _open_connection
    self._socket.open_connection()
  File "/Users/yangsan/Library/Python/3.7/lib/python/site-packages/mysql/connector/network.py", line 609, in open_connection
    ) from err
mysql.connector.errors.InterfaceError: 2003: Can't connect to MySQL server on 'localhost:13306' (61 Connection refused)
[2025-04-12 23:28:03] ✗ MySQL数据导出失败，错误代码: 1
[2025-04-12 23:28:03] 本次执行完成，将在5分钟后再次执行
[2025-04-12 23:28:03] --------------------------------------------
[2025-04-12 23:33:03] 开始新的迭代 - 2025-04-12 23:33:03
[2025-04-12 23:33:03] ================================================
[2025-04-12 23:33:03]       客服数据处理流程自动化脚本 v2.0 (后台定时版)
[2025-04-12 23:33:03] ================================================
[2025-04-12 23:33:03] 开始执行处理流程
[2025-04-12 23:33:03] === 步骤1: 从MySQL导出数据到TXT ===
[2025-04-12 23:33:03] 执行: python mysql_to_txt.py
开始从MySQL导出数据到文本文件...
连接尝试 1/3...
连接失败: 2003: Can't connect to MySQL server on 'localhost:13306' (61 Connection refused)
等待 5 秒后重试...
连接尝试 2/3...
连接失败: 2003: Can't connect to MySQL server on 'localhost:13306' (61 Connection refused)
等待 5 秒后重试...
连接尝试 3/3...
连接失败: 2003: Can't connect to MySQL server on 'localhost:13306' (61 Connection refused)
达到最大重试次数，放弃连接
Traceback (most recent call last):
  File "/Users/yangsan/Library/Python/3.7/lib/python/site-packages/mysql/connector/network.py", line 600, in open_connection
    self.sock.connect(sockaddr)
ConnectionRefusedError: [Errno 61] Connection refused

The above exception was the direct cause of the following exception:

Traceback (most recent call last):
  File "mysql_to_txt.py", line 215, in <module>
    main()
  File "mysql_to_txt.py", line 178, in main
    connection = connect_to_mysql_with_retry()
  File "mysql_to_txt.py", line 32, in connect_to_mysql_with_retry
    connection = mysql.connector.connect(**DB_CONFIG)
  File "/Users/yangsan/Library/Python/3.7/lib/python/site-packages/mysql/connector/pooling.py", line 294, in connect
    return MySQLConnection(*args, **kwargs)
  File "/Users/yangsan/Library/Python/3.7/lib/python/site-packages/mysql/connector/connection.py", line 164, in __init__
    self.connect(**kwargs)
  File "/Users/yangsan/Library/Python/3.7/lib/python/site-packages/mysql/connector/abstracts.py", line 1181, in connect
    self._open_connection()
  File "/Users/yangsan/Library/Python/3.7/lib/python/site-packages/mysql/connector/connection.py", line 570, in _open_connection
    self._socket.open_connection()
  File "/Users/yangsan/Library/Python/3.7/lib/python/site-packages/mysql/connector/network.py", line 609, in open_connection
    ) from err
mysql.connector.errors.InterfaceError: 2003: Can't connect to MySQL server on 'localhost:13306' (61 Connection refused)
[2025-04-12 23:33:13] ✗ MySQL数据导出失败，错误代码: 1
[2025-04-12 23:33:13] 本次执行完成，将在5分钟后再次执行
[2025-04-12 23:33:13] --------------------------------------------
[2025-04-12 23:38:13] 开始新的迭代 - 2025-04-12 23:38:13
[2025-04-12 23:38:13] ================================================
[2025-04-12 23:38:13]       客服数据处理流程自动化脚本 v2.0 (后台定时版)
[2025-04-12 23:38:13] ================================================
[2025-04-12 23:38:13] 开始执行处理流程
[2025-04-12 23:38:13] === 步骤1: 从MySQL导出数据到TXT ===
[2025-04-12 23:38:14] 执行: python mysql_to_txt.py
开始从MySQL导出数据到文本文件...
连接尝试 1/3...
连接失败: 2003: Can't connect to MySQL server on 'localhost:13306' (61 Connection refused)
等待 5 秒后重试...
连接尝试 2/3...
连接失败: 2003: Can't connect to MySQL server on 'localhost:13306' (61 Connection refused)
等待 5 秒后重试...
连接尝试 3/3...
连接失败: 2003: Can't connect to MySQL server on 'localhost:13306' (61 Connection refused)
达到最大重试次数，放弃连接
Traceback (most recent call last):
  File "/Users/yangsan/Library/Python/3.7/lib/python/site-packages/mysql/connector/network.py", line 600, in open_connection
    self.sock.connect(sockaddr)
ConnectionRefusedError: [Errno 61] Connection refused

The above exception was the direct cause of the following exception:

Traceback (most recent call last):
  File "mysql_to_txt.py", line 215, in <module>
    main()
  File "mysql_to_txt.py", line 178, in main
    connection = connect_to_mysql_with_retry()
  File "mysql_to_txt.py", line 32, in connect_to_mysql_with_retry
    connection = mysql.connector.connect(**DB_CONFIG)
  File "/Users/yangsan/Library/Python/3.7/lib/python/site-packages/mysql/connector/pooling.py", line 294, in connect
    return MySQLConnection(*args, **kwargs)
  File "/Users/yangsan/Library/Python/3.7/lib/python/site-packages/mysql/connector/connection.py", line 164, in __init__
    self.connect(**kwargs)
  File "/Users/yangsan/Library/Python/3.7/lib/python/site-packages/mysql/connector/abstracts.py", line 1181, in connect
    self._open_connection()
  File "/Users/yangsan/Library/Python/3.7/lib/python/site-packages/mysql/connector/connection.py", line 570, in _open_connection
    self._socket.open_connection()
  File "/Users/yangsan/Library/Python/3.7/lib/python/site-packages/mysql/connector/network.py", line 609, in open_connection
    ) from err
mysql.connector.errors.InterfaceError: 2003: Can't connect to MySQL server on 'localhost:13306' (61 Connection refused)
[2025-04-12 23:38:24] ✗ MySQL数据导出失败，错误代码: 1
[2025-04-12 23:38:24] 本次执行完成，将在5分钟后再次执行
[2025-04-12 23:38:24] --------------------------------------------
[2025-04-12 23:43:24] 开始新的迭代 - 2025-04-12 23:43:24
[2025-04-12 23:43:24] ================================================
[2025-04-12 23:43:24]       客服数据处理流程自动化脚本 v2.0 (后台定时版)
[2025-04-12 23:43:24] ================================================
[2025-04-12 23:43:24] 开始执行处理流程
[2025-04-12 23:43:24] === 步骤1: 从MySQL导出数据到TXT ===
[2025-04-12 23:43:24] 执行: python mysql_to_txt.py
开始从MySQL导出数据到文本文件...
连接尝试 1/3...
连接失败: 2003: Can't connect to MySQL server on 'localhost:13306' (61 Connection refused)
等待 5 秒后重试...
连接尝试 2/3...
连接失败: 2003: Can't connect to MySQL server on 'localhost:13306' (61 Connection refused)
等待 5 秒后重试...
连接尝试 3/3...
连接失败: 2003: Can't connect to MySQL server on 'localhost:13306' (61 Connection refused)
达到最大重试次数，放弃连接
Traceback (most recent call last):
  File "/Users/yangsan/Library/Python/3.7/lib/python/site-packages/mysql/connector/network.py", line 600, in open_connection
    self.sock.connect(sockaddr)
ConnectionRefusedError: [Errno 61] Connection refused

The above exception was the direct cause of the following exception:

Traceback (most recent call last):
  File "mysql_to_txt.py", line 215, in <module>
    main()
  File "mysql_to_txt.py", line 178, in main
    connection = connect_to_mysql_with_retry()
  File "mysql_to_txt.py", line 32, in connect_to_mysql_with_retry
    connection = mysql.connector.connect(**DB_CONFIG)
  File "/Users/yangsan/Library/Python/3.7/lib/python/site-packages/mysql/connector/pooling.py", line 294, in connect
    return MySQLConnection(*args, **kwargs)
  File "/Users/yangsan/Library/Python/3.7/lib/python/site-packages/mysql/connector/connection.py", line 164, in __init__
    self.connect(**kwargs)
  File "/Users/yangsan/Library/Python/3.7/lib/python/site-packages/mysql/connector/abstracts.py", line 1181, in connect
    self._open_connection()
  File "/Users/yangsan/Library/Python/3.7/lib/python/site-packages/mysql/connector/connection.py", line 570, in _open_connection
    self._socket.open_connection()
  File "/Users/yangsan/Library/Python/3.7/lib/python/site-packages/mysql/connector/network.py", line 609, in open_connection
    ) from err
mysql.connector.errors.InterfaceError: 2003: Can't connect to MySQL server on 'localhost:13306' (61 Connection refused)
[2025-04-12 23:43:34] ✗ MySQL数据导出失败，错误代码: 1
[2025-04-12 23:43:34] 本次执行完成，将在5分钟后再次执行
[2025-04-12 23:43:34] --------------------------------------------
[2025-04-12 23:48:34] 开始新的迭代 - 2025-04-12 23:48:34
[2025-04-12 23:48:34] ================================================
[2025-04-12 23:48:34]       客服数据处理流程自动化脚本 v2.0 (后台定时版)
[2025-04-12 23:48:34] ================================================
[2025-04-12 23:48:34] 开始执行处理流程
[2025-04-12 23:48:34] === 步骤1: 从MySQL导出数据到TXT ===
[2025-04-12 23:48:34] 执行: python mysql_to_txt.py
开始从MySQL导出数据到文本文件...
连接尝试 1/3...
连接失败: 2003: Can't connect to MySQL server on 'localhost:13306' (61 Connection refused)
等待 5 秒后重试...
连接尝试 2/3...
连接失败: 2003: Can't connect to MySQL server on 'localhost:13306' (61 Connection refused)
等待 5 秒后重试...
连接尝试 3/3...
连接失败: 2003: Can't connect to MySQL server on 'localhost:13306' (61 Connection refused)
达到最大重试次数，放弃连接
Traceback (most recent call last):
  File "/Users/yangsan/Library/Python/3.7/lib/python/site-packages/mysql/connector/network.py", line 600, in open_connection
    self.sock.connect(sockaddr)
ConnectionRefusedError: [Errno 61] Connection refused

The above exception was the direct cause of the following exception:

Traceback (most recent call last):
  File "mysql_to_txt.py", line 215, in <module>
    main()
  File "mysql_to_txt.py", line 178, in main
    connection = connect_to_mysql_with_retry()
  File "mysql_to_txt.py", line 32, in connect_to_mysql_with_retry
    connection = mysql.connector.connect(**DB_CONFIG)
  File "/Users/yangsan/Library/Python/3.7/lib/python/site-packages/mysql/connector/pooling.py", line 294, in connect
    return MySQLConnection(*args, **kwargs)
  File "/Users/yangsan/Library/Python/3.7/lib/python/site-packages/mysql/connector/connection.py", line 164, in __init__
    self.connect(**kwargs)
  File "/Users/yangsan/Library/Python/3.7/lib/python/site-packages/mysql/connector/abstracts.py", line 1181, in connect
    self._open_connection()
  File "/Users/yangsan/Library/Python/3.7/lib/python/site-packages/mysql/connector/connection.py", line 570, in _open_connection
    self._socket.open_connection()
  File "/Users/yangsan/Library/Python/3.7/lib/python/site-packages/mysql/connector/network.py", line 609, in open_connection
    ) from err
mysql.connector.errors.InterfaceError: 2003: Can't connect to MySQL server on 'localhost:13306' (61 Connection refused)
[2025-04-12 23:48:45] ✗ MySQL数据导出失败，错误代码: 1
[2025-04-12 23:48:45] 本次执行完成，将在5分钟后再次执行
[2025-04-12 23:48:45] --------------------------------------------
[2025-04-12 23:53:45] 开始新的迭代 - 2025-04-12 23:53:45
[2025-04-12 23:53:45] ================================================
[2025-04-12 23:53:45]       客服数据处理流程自动化脚本 v2.0 (后台定时版)
[2025-04-12 23:53:45] ================================================
[2025-04-12 23:53:45] 开始执行处理流程
[2025-04-12 23:53:45] === 步骤1: 从MySQL导出数据到TXT ===
[2025-04-12 23:53:45] 执行: python mysql_to_txt.py
开始从MySQL导出数据到文本文件...
连接尝试 1/3...
连接失败: 2003: Can't connect to MySQL server on 'localhost:13306' (61 Connection refused)
等待 5 秒后重试...
连接尝试 2/3...
连接失败: 2003: Can't connect to MySQL server on 'localhost:13306' (61 Connection refused)
等待 5 秒后重试...
连接尝试 3/3...
连接失败: 2003: Can't connect to MySQL server on 'localhost:13306' (61 Connection refused)
达到最大重试次数，放弃连接
Traceback (most recent call last):
  File "/Users/yangsan/Library/Python/3.7/lib/python/site-packages/mysql/connector/network.py", line 600, in open_connection
    self.sock.connect(sockaddr)
ConnectionRefusedError: [Errno 61] Connection refused

The above exception was the direct cause of the following exception:

Traceback (most recent call last):
  File "mysql_to_txt.py", line 215, in <module>
    main()
  File "mysql_to_txt.py", line 178, in main
    connection = connect_to_mysql_with_retry()
  File "mysql_to_txt.py", line 32, in connect_to_mysql_with_retry
    connection = mysql.connector.connect(**DB_CONFIG)
  File "/Users/yangsan/Library/Python/3.7/lib/python/site-packages/mysql/connector/pooling.py", line 294, in connect
    return MySQLConnection(*args, **kwargs)
  File "/Users/yangsan/Library/Python/3.7/lib/python/site-packages/mysql/connector/connection.py", line 164, in __init__
    self.connect(**kwargs)
  File "/Users/yangsan/Library/Python/3.7/lib/python/site-packages/mysql/connector/abstracts.py", line 1181, in connect
    self._open_connection()
  File "/Users/yangsan/Library/Python/3.7/lib/python/site-packages/mysql/connector/connection.py", line 570, in _open_connection
    self._socket.open_connection()
  File "/Users/yangsan/Library/Python/3.7/lib/python/site-packages/mysql/connector/network.py", line 609, in open_connection
    ) from err
mysql.connector.errors.InterfaceError: 2003: Can't connect to MySQL server on 'localhost:13306' (61 Connection refused)
[2025-04-12 23:53:55] ✗ MySQL数据导出失败，错误代码: 1
[2025-04-12 23:53:55] 本次执行完成，将在5分钟后再次执行
[2025-04-12 23:53:55] --------------------------------------------
[2025-04-13 01:58:01] 开始新的迭代 - 2025-04-13 01:58:01
[2025-04-13 01:58:01] ================================================
[2025-04-13 01:58:01]       客服数据处理流程自动化脚本 v2.0 (后台定时版)
[2025-04-13 01:58:01] ================================================
[2025-04-13 01:58:01] 开始执行处理流程
[2025-04-13 01:58:01] === 步骤1: 从MySQL导出数据到TXT ===
[2025-04-13 01:58:01] 执行: python mysql_to_txt.py
开始从MySQL导出数据到文本文件...
连接尝试 1/3...
连接失败: 2003: Can't connect to MySQL server on 'localhost:13306' (61 Connection refused)
等待 5 秒后重试...
连接尝试 2/3...
连接失败: 2003: Can't connect to MySQL server on 'localhost:13306' (61 Connection refused)
等待 5 秒后重试...
连接尝试 3/3...
连接失败: 2003: Can't connect to MySQL server on 'localhost:13306' (61 Connection refused)
达到最大重试次数，放弃连接
Traceback (most recent call last):
  File "/Users/yangsan/Library/Python/3.7/lib/python/site-packages/mysql/connector/network.py", line 600, in open_connection
    self.sock.connect(sockaddr)
ConnectionRefusedError: [Errno 61] Connection refused

The above exception was the direct cause of the following exception:

Traceback (most recent call last):
  File "mysql_to_txt.py", line 215, in <module>
    main()
  File "mysql_to_txt.py", line 178, in main
    connection = connect_to_mysql_with_retry()
  File "mysql_to_txt.py", line 32, in connect_to_mysql_with_retry
    connection = mysql.connector.connect(**DB_CONFIG)
  File "/Users/yangsan/Library/Python/3.7/lib/python/site-packages/mysql/connector/pooling.py", line 294, in connect
    return MySQLConnection(*args, **kwargs)
  File "/Users/yangsan/Library/Python/3.7/lib/python/site-packages/mysql/connector/connection.py", line 164, in __init__
    self.connect(**kwargs)
  File "/Users/yangsan/Library/Python/3.7/lib/python/site-packages/mysql/connector/abstracts.py", line 1181, in connect
    self._open_connection()
  File "/Users/yangsan/Library/Python/3.7/lib/python/site-packages/mysql/connector/connection.py", line 570, in _open_connection
    self._socket.open_connection()
  File "/Users/yangsan/Library/Python/3.7/lib/python/site-packages/mysql/connector/network.py", line 609, in open_connection
    ) from err
mysql.connector.errors.InterfaceError: 2003: Can't connect to MySQL server on 'localhost:13306' (61 Connection refused)
[2025-04-13 01:58:11] ✗ MySQL数据导出失败，错误代码: 1
[2025-04-13 01:58:12] 本次执行完成，将在5分钟后再次执行
[2025-04-13 01:58:12] --------------------------------------------
[2025-04-13 06:17:08] 开始新的迭代 - 2025-04-13 06:17:08
[2025-04-13 06:17:08] ================================================
[2025-04-13 06:17:08]       客服数据处理流程自动化脚本 v2.0 (后台定时版)
[2025-04-13 06:17:08] ================================================
[2025-04-13 06:17:08] 开始执行处理流程
[2025-04-13 06:17:08] === 步骤1: 从MySQL导出数据到TXT ===
[2025-04-13 06:17:08] 执行: python mysql_to_txt.py
开始从MySQL导出数据到文本文件...
连接尝试 1/3...
连接失败: 2003: Can't connect to MySQL server on 'localhost:13306' (61 Connection refused)
等待 5 秒后重试...
连接尝试 2/3...
连接失败: 2003: Can't connect to MySQL server on 'localhost:13306' (61 Connection refused)
等待 5 秒后重试...
连接尝试 3/3...
连接失败: 2003: Can't connect to MySQL server on 'localhost:13306' (61 Connection refused)
达到最大重试次数，放弃连接
Traceback (most recent call last):
  File "/Users/yangsan/Library/Python/3.7/lib/python/site-packages/mysql/connector/network.py", line 600, in open_connection
    self.sock.connect(sockaddr)
ConnectionRefusedError: [Errno 61] Connection refused

The above exception was the direct cause of the following exception:

Traceback (most recent call last):
  File "mysql_to_txt.py", line 215, in <module>
    main()
  File "mysql_to_txt.py", line 178, in main
    connection = connect_to_mysql_with_retry()
  File "mysql_to_txt.py", line 32, in connect_to_mysql_with_retry
    connection = mysql.connector.connect(**DB_CONFIG)
  File "/Users/yangsan/Library/Python/3.7/lib/python/site-packages/mysql/connector/pooling.py", line 294, in connect
    return MySQLConnection(*args, **kwargs)
  File "/Users/yangsan/Library/Python/3.7/lib/python/site-packages/mysql/connector/connection.py", line 164, in __init__
    self.connect(**kwargs)
  File "/Users/yangsan/Library/Python/3.7/lib/python/site-packages/mysql/connector/abstracts.py", line 1181, in connect
    self._open_connection()
  File "/Users/yangsan/Library/Python/3.7/lib/python/site-packages/mysql/connector/connection.py", line 570, in _open_connection
    self._socket.open_connection()
  File "/Users/yangsan/Library/Python/3.7/lib/python/site-packages/mysql/connector/network.py", line 609, in open_connection
    ) from err
mysql.connector.errors.InterfaceError: 2003: Can't connect to MySQL server on 'localhost:13306' (61 Connection refused)
[2025-04-13 06:17:20] ✗ MySQL数据导出失败，错误代码: 1
[2025-04-13 06:17:20] 本次执行完成，将在5分钟后再次执行
[2025-04-13 06:17:20] --------------------------------------------
[2025-04-13 06:22:20] 开始新的迭代 - 2025-04-13 06:22:20
[2025-04-13 06:22:20] ================================================
[2025-04-13 06:22:20]       客服数据处理流程自动化脚本 v2.0 (后台定时版)
[2025-04-13 06:22:20] ================================================
[2025-04-13 06:22:20] 开始执行处理流程
[2025-04-13 06:22:20] === 步骤1: 从MySQL导出数据到TXT ===
[2025-04-13 06:22:20] 执行: python mysql_to_txt.py
开始从MySQL导出数据到文本文件...
连接尝试 1/3...
连接失败: 2003: Can't connect to MySQL server on 'localhost:13306' (61 Connection refused)
等待 5 秒后重试...
连接尝试 2/3...
连接失败: 2003: Can't connect to MySQL server on 'localhost:13306' (61 Connection refused)
等待 5 秒后重试...
连接尝试 3/3...
连接失败: 2003: Can't connect to MySQL server on 'localhost:13306' (61 Connection refused)
达到最大重试次数，放弃连接
Traceback (most recent call last):
  File "/Users/yangsan/Library/Python/3.7/lib/python/site-packages/mysql/connector/network.py", line 600, in open_connection
    self.sock.connect(sockaddr)
ConnectionRefusedError: [Errno 61] Connection refused

The above exception was the direct cause of the following exception:

Traceback (most recent call last):
  File "mysql_to_txt.py", line 215, in <module>
    main()
  File "mysql_to_txt.py", line 178, in main
    connection = connect_to_mysql_with_retry()
  File "mysql_to_txt.py", line 32, in connect_to_mysql_with_retry
    connection = mysql.connector.connect(**DB_CONFIG)
  File "/Users/yangsan/Library/Python/3.7/lib/python/site-packages/mysql/connector/pooling.py", line 294, in connect
    return MySQLConnection(*args, **kwargs)
  File "/Users/yangsan/Library/Python/3.7/lib/python/site-packages/mysql/connector/connection.py", line 164, in __init__
    self.connect(**kwargs)
  File "/Users/yangsan/Library/Python/3.7/lib/python/site-packages/mysql/connector/abstracts.py", line 1181, in connect
    self._open_connection()
  File "/Users/yangsan/Library/Python/3.7/lib/python/site-packages/mysql/connector/connection.py", line 570, in _open_connection
    self._socket.open_connection()
  File "/Users/yangsan/Library/Python/3.7/lib/python/site-packages/mysql/connector/network.py", line 609, in open_connection
    ) from err
mysql.connector.errors.InterfaceError: 2003: Can't connect to MySQL server on 'localhost:13306' (61 Connection refused)
[2025-04-13 06:22:31] ✗ MySQL数据导出失败，错误代码: 1
[2025-04-13 06:22:31] 本次执行完成，将在5分钟后再次执行
[2025-04-13 06:22:31] --------------------------------------------
[2025-04-13 06:27:31] 开始新的迭代 - 2025-04-13 06:27:31
[2025-04-13 06:27:31] ================================================
[2025-04-13 06:27:31]       客服数据处理流程自动化脚本 v2.0 (后台定时版)
[2025-04-13 06:27:31] ================================================
[2025-04-13 06:27:31] 开始执行处理流程
[2025-04-13 06:27:31] === 步骤1: 从MySQL导出数据到TXT ===
[2025-04-13 06:27:31] 执行: python mysql_to_txt.py
开始从MySQL导出数据到文本文件...
连接尝试 1/3...
连接失败: 2003: Can't connect to MySQL server on 'localhost:13306' (61 Connection refused)
等待 5 秒后重试...
连接尝试 2/3...
连接失败: 2003: Can't connect to MySQL server on 'localhost:13306' (61 Connection refused)
等待 5 秒后重试...
连接尝试 3/3...
连接失败: 2003: Can't connect to MySQL server on 'localhost:13306' (61 Connection refused)
达到最大重试次数，放弃连接
Traceback (most recent call last):
  File "/Users/yangsan/Library/Python/3.7/lib/python/site-packages/mysql/connector/network.py", line 600, in open_connection
    self.sock.connect(sockaddr)
ConnectionRefusedError: [Errno 61] Connection refused

The above exception was the direct cause of the following exception:

Traceback (most recent call last):
  File "mysql_to_txt.py", line 215, in <module>
    main()
  File "mysql_to_txt.py", line 178, in main
    connection = connect_to_mysql_with_retry()
  File "mysql_to_txt.py", line 32, in connect_to_mysql_with_retry
    connection = mysql.connector.connect(**DB_CONFIG)
  File "/Users/yangsan/Library/Python/3.7/lib/python/site-packages/mysql/connector/pooling.py", line 294, in connect
    return MySQLConnection(*args, **kwargs)
  File "/Users/yangsan/Library/Python/3.7/lib/python/site-packages/mysql/connector/connection.py", line 164, in __init__
    self.connect(**kwargs)
  File "/Users/yangsan/Library/Python/3.7/lib/python/site-packages/mysql/connector/abstracts.py", line 1181, in connect
    self._open_connection()
  File "/Users/yangsan/Library/Python/3.7/lib/python/site-packages/mysql/connector/connection.py", line 570, in _open_connection
    self._socket.open_connection()
  File "/Users/yangsan/Library/Python/3.7/lib/python/site-packages/mysql/connector/network.py", line 609, in open_connection
    ) from err
mysql.connector.errors.InterfaceError: 2003: Can't connect to MySQL server on 'localhost:13306' (61 Connection refused)
[2025-04-13 06:27:41] ✗ MySQL数据导出失败，错误代码: 1
[2025-04-13 06:27:41] 本次执行完成，将在5分钟后再次执行
[2025-04-13 06:27:41] --------------------------------------------
[2025-04-13 06:32:41] 开始新的迭代 - 2025-04-13 06:32:41
[2025-04-13 06:32:41] ================================================
[2025-04-13 06:32:41]       客服数据处理流程自动化脚本 v2.0 (后台定时版)
[2025-04-13 06:32:41] ================================================
[2025-04-13 06:32:41] 开始执行处理流程
[2025-04-13 06:32:41] === 步骤1: 从MySQL导出数据到TXT ===
[2025-04-13 06:32:41] 执行: python mysql_to_txt.py
开始从MySQL导出数据到文本文件...
连接尝试 1/3...
连接失败: 2003: Can't connect to MySQL server on 'localhost:13306' (61 Connection refused)
等待 5 秒后重试...
连接尝试 2/3...
连接失败: 2003: Can't connect to MySQL server on 'localhost:13306' (61 Connection refused)
等待 5 秒后重试...
连接尝试 3/3...
连接失败: 2003: Can't connect to MySQL server on 'localhost:13306' (61 Connection refused)
达到最大重试次数，放弃连接
Traceback (most recent call last):
  File "/Users/yangsan/Library/Python/3.7/lib/python/site-packages/mysql/connector/network.py", line 600, in open_connection
    self.sock.connect(sockaddr)
ConnectionRefusedError: [Errno 61] Connection refused

The above exception was the direct cause of the following exception:

Traceback (most recent call last):
  File "mysql_to_txt.py", line 215, in <module>
    main()
  File "mysql_to_txt.py", line 178, in main
    connection = connect_to_mysql_with_retry()
  File "mysql_to_txt.py", line 32, in connect_to_mysql_with_retry
    connection = mysql.connector.connect(**DB_CONFIG)
  File "/Users/yangsan/Library/Python/3.7/lib/python/site-packages/mysql/connector/pooling.py", line 294, in connect
    return MySQLConnection(*args, **kwargs)
  File "/Users/yangsan/Library/Python/3.7/lib/python/site-packages/mysql/connector/connection.py", line 164, in __init__
    self.connect(**kwargs)
  File "/Users/yangsan/Library/Python/3.7/lib/python/site-packages/mysql/connector/abstracts.py", line 1181, in connect
    self._open_connection()
  File "/Users/yangsan/Library/Python/3.7/lib/python/site-packages/mysql/connector/connection.py", line 570, in _open_connection
    self._socket.open_connection()
  File "/Users/yangsan/Library/Python/3.7/lib/python/site-packages/mysql/connector/network.py", line 609, in open_connection
    ) from err
mysql.connector.errors.InterfaceError: 2003: Can't connect to MySQL server on 'localhost:13306' (61 Connection refused)
[2025-04-13 06:32:52] ✗ MySQL数据导出失败，错误代码: 1
[2025-04-13 06:32:52] 本次执行完成，将在5分钟后再次执行
[2025-04-13 06:32:52] --------------------------------------------
[2025-04-13 06:37:52] 开始新的迭代 - 2025-04-13 06:37:52
[2025-04-13 06:37:52] ================================================
[2025-04-13 06:37:52]       客服数据处理流程自动化脚本 v2.0 (后台定时版)
[2025-04-13 06:37:52] ================================================
[2025-04-13 06:37:52] 开始执行处理流程
[2025-04-13 06:37:52] === 步骤1: 从MySQL导出数据到TXT ===
[2025-04-13 06:37:52] 执行: python mysql_to_txt.py
开始从MySQL导出数据到文本文件...
连接尝试 1/3...
连接失败: 2003: Can't connect to MySQL server on 'localhost:13306' (61 Connection refused)
等待 5 秒后重试...
连接尝试 2/3...
连接失败: 2003: Can't connect to MySQL server on 'localhost:13306' (61 Connection refused)
等待 5 秒后重试...
连接尝试 3/3...
连接失败: 2003: Can't connect to MySQL server on 'localhost:13306' (61 Connection refused)
达到最大重试次数，放弃连接
Traceback (most recent call last):
  File "/Users/yangsan/Library/Python/3.7/lib/python/site-packages/mysql/connector/network.py", line 600, in open_connection
    self.sock.connect(sockaddr)
ConnectionRefusedError: [Errno 61] Connection refused

The above exception was the direct cause of the following exception:

Traceback (most recent call last):
  File "mysql_to_txt.py", line 215, in <module>
    main()
  File "mysql_to_txt.py", line 178, in main
    connection = connect_to_mysql_with_retry()
  File "mysql_to_txt.py", line 32, in connect_to_mysql_with_retry
    connection = mysql.connector.connect(**DB_CONFIG)
  File "/Users/yangsan/Library/Python/3.7/lib/python/site-packages/mysql/connector/pooling.py", line 294, in connect
    return MySQLConnection(*args, **kwargs)
  File "/Users/yangsan/Library/Python/3.7/lib/python/site-packages/mysql/connector/connection.py", line 164, in __init__
    self.connect(**kwargs)
  File "/Users/yangsan/Library/Python/3.7/lib/python/site-packages/mysql/connector/abstracts.py", line 1181, in connect
    self._open_connection()
  File "/Users/yangsan/Library/Python/3.7/lib/python/site-packages/mysql/connector/connection.py", line 570, in _open_connection
    self._socket.open_connection()
  File "/Users/yangsan/Library/Python/3.7/lib/python/site-packages/mysql/connector/network.py", line 609, in open_connection
    ) from err
mysql.connector.errors.InterfaceError: 2003: Can't connect to MySQL server on 'localhost:13306' (61 Connection refused)
[2025-04-13 06:38:02] ✗ MySQL数据导出失败，错误代码: 1
[2025-04-13 06:38:02] 本次执行完成，将在5分钟后再次执行
[2025-04-13 06:38:02] --------------------------------------------
[2025-04-13 06:43:02] 开始新的迭代 - 2025-04-13 06:43:02
[2025-04-13 06:43:02] ================================================
[2025-04-13 06:43:02]       客服数据处理流程自动化脚本 v2.0 (后台定时版)
[2025-04-13 06:43:02] ================================================
[2025-04-13 06:43:02] 开始执行处理流程
[2025-04-13 06:43:02] === 步骤1: 从MySQL导出数据到TXT ===
[2025-04-13 06:43:02] 执行: python mysql_to_txt.py
开始从MySQL导出数据到文本文件...
连接尝试 1/3...
连接失败: 2003: Can't connect to MySQL server on 'localhost:13306' (61 Connection refused)
等待 5 秒后重试...
连接尝试 2/3...
连接失败: 2003: Can't connect to MySQL server on 'localhost:13306' (61 Connection refused)
等待 5 秒后重试...
连接尝试 3/3...
连接失败: 2003: Can't connect to MySQL server on 'localhost:13306' (61 Connection refused)
达到最大重试次数，放弃连接
Traceback (most recent call last):
  File "/Users/yangsan/Library/Python/3.7/lib/python/site-packages/mysql/connector/network.py", line 600, in open_connection
    self.sock.connect(sockaddr)
ConnectionRefusedError: [Errno 61] Connection refused

The above exception was the direct cause of the following exception:

Traceback (most recent call last):
  File "mysql_to_txt.py", line 215, in <module>
    main()
  File "mysql_to_txt.py", line 178, in main
    connection = connect_to_mysql_with_retry()
  File "mysql_to_txt.py", line 32, in connect_to_mysql_with_retry
    connection = mysql.connector.connect(**DB_CONFIG)
  File "/Users/yangsan/Library/Python/3.7/lib/python/site-packages/mysql/connector/pooling.py", line 294, in connect
    return MySQLConnection(*args, **kwargs)
  File "/Users/yangsan/Library/Python/3.7/lib/python/site-packages/mysql/connector/connection.py", line 164, in __init__
    self.connect(**kwargs)
  File "/Users/yangsan/Library/Python/3.7/lib/python/site-packages/mysql/connector/abstracts.py", line 1181, in connect
    self._open_connection()
  File "/Users/yangsan/Library/Python/3.7/lib/python/site-packages/mysql/connector/connection.py", line 570, in _open_connection
    self._socket.open_connection()
  File "/Users/yangsan/Library/Python/3.7/lib/python/site-packages/mysql/connector/network.py", line 609, in open_connection
    ) from err
mysql.connector.errors.InterfaceError: 2003: Can't connect to MySQL server on 'localhost:13306' (61 Connection refused)
[2025-04-13 06:43:13] ✗ MySQL数据导出失败，错误代码: 1
[2025-04-13 06:43:13] 本次执行完成，将在5分钟后再次执行
[2025-04-13 06:43:13] --------------------------------------------
[2025-04-13 06:48:13] 开始新的迭代 - 2025-04-13 06:48:13
[2025-04-13 06:48:13] ================================================
[2025-04-13 06:48:13]       客服数据处理流程自动化脚本 v2.0 (后台定时版)
[2025-04-13 06:48:13] ================================================
[2025-04-13 06:48:13] 开始执行处理流程
[2025-04-13 06:48:13] === 步骤1: 从MySQL导出数据到TXT ===
[2025-04-13 06:48:13] 执行: python mysql_to_txt.py
开始从MySQL导出数据到文本文件...
连接尝试 1/3...
连接失败: 2003: Can't connect to MySQL server on 'localhost:13306' (61 Connection refused)
等待 5 秒后重试...
连接尝试 2/3...
连接失败: 2003: Can't connect to MySQL server on 'localhost:13306' (61 Connection refused)
等待 5 秒后重试...
连接尝试 3/3...
连接失败: 2003: Can't connect to MySQL server on 'localhost:13306' (61 Connection refused)
达到最大重试次数，放弃连接
Traceback (most recent call last):
  File "/Users/yangsan/Library/Python/3.7/lib/python/site-packages/mysql/connector/network.py", line 600, in open_connection
    self.sock.connect(sockaddr)
ConnectionRefusedError: [Errno 61] Connection refused

The above exception was the direct cause of the following exception:

Traceback (most recent call last):
  File "mysql_to_txt.py", line 215, in <module>
    main()
  File "mysql_to_txt.py", line 178, in main
    connection = connect_to_mysql_with_retry()
  File "mysql_to_txt.py", line 32, in connect_to_mysql_with_retry
    connection = mysql.connector.connect(**DB_CONFIG)
  File "/Users/yangsan/Library/Python/3.7/lib/python/site-packages/mysql/connector/pooling.py", line 294, in connect
    return MySQLConnection(*args, **kwargs)
  File "/Users/yangsan/Library/Python/3.7/lib/python/site-packages/mysql/connector/connection.py", line 164, in __init__
    self.connect(**kwargs)
  File "/Users/yangsan/Library/Python/3.7/lib/python/site-packages/mysql/connector/abstracts.py", line 1181, in connect
    self._open_connection()
  File "/Users/yangsan/Library/Python/3.7/lib/python/site-packages/mysql/connector/connection.py", line 570, in _open_connection
    self._socket.open_connection()
  File "/Users/yangsan/Library/Python/3.7/lib/python/site-packages/mysql/connector/network.py", line 609, in open_connection
    ) from err
mysql.connector.errors.InterfaceError: 2003: Can't connect to MySQL server on 'localhost:13306' (61 Connection refused)
[2025-04-13 06:48:23] ✗ MySQL数据导出失败，错误代码: 1
[2025-04-13 06:48:23] 本次执行完成，将在5分钟后再次执行
[2025-04-13 06:48:23] --------------------------------------------
[2025-04-13 06:53:23] 开始新的迭代 - 2025-04-13 06:53:23
[2025-04-13 06:53:23] ================================================
[2025-04-13 06:53:23]       客服数据处理流程自动化脚本 v2.0 (后台定时版)
[2025-04-13 06:53:23] ================================================
[2025-04-13 06:53:23] 开始执行处理流程
[2025-04-13 06:53:23] === 步骤1: 从MySQL导出数据到TXT ===
[2025-04-13 06:53:23] 执行: python mysql_to_txt.py
开始从MySQL导出数据到文本文件...
连接尝试 1/3...
连接失败: 2003: Can't connect to MySQL server on 'localhost:13306' (61 Connection refused)
等待 5 秒后重试...
连接尝试 2/3...
连接失败: 2003: Can't connect to MySQL server on 'localhost:13306' (61 Connection refused)
等待 5 秒后重试...
连接尝试 3/3...
连接失败: 2003: Can't connect to MySQL server on 'localhost:13306' (61 Connection refused)
达到最大重试次数，放弃连接
Traceback (most recent call last):
  File "/Users/yangsan/Library/Python/3.7/lib/python/site-packages/mysql/connector/network.py", line 600, in open_connection
    self.sock.connect(sockaddr)
ConnectionRefusedError: [Errno 61] Connection refused

The above exception was the direct cause of the following exception:

Traceback (most recent call last):
  File "mysql_to_txt.py", line 215, in <module>
    main()
  File "mysql_to_txt.py", line 178, in main
    connection = connect_to_mysql_with_retry()
  File "mysql_to_txt.py", line 32, in connect_to_mysql_with_retry
    connection = mysql.connector.connect(**DB_CONFIG)
  File "/Users/yangsan/Library/Python/3.7/lib/python/site-packages/mysql/connector/pooling.py", line 294, in connect
    return MySQLConnection(*args, **kwargs)
  File "/Users/yangsan/Library/Python/3.7/lib/python/site-packages/mysql/connector/connection.py", line 164, in __init__
    self.connect(**kwargs)
  File "/Users/yangsan/Library/Python/3.7/lib/python/site-packages/mysql/connector/abstracts.py", line 1181, in connect
    self._open_connection()
  File "/Users/yangsan/Library/Python/3.7/lib/python/site-packages/mysql/connector/connection.py", line 570, in _open_connection
    self._socket.open_connection()
  File "/Users/yangsan/Library/Python/3.7/lib/python/site-packages/mysql/connector/network.py", line 609, in open_connection
    ) from err
mysql.connector.errors.InterfaceError: 2003: Can't connect to MySQL server on 'localhost:13306' (61 Connection refused)
[2025-04-13 06:53:34] ✗ MySQL数据导出失败，错误代码: 1
[2025-04-13 06:53:34] 本次执行完成，将在5分钟后再次执行
[2025-04-13 06:53:34] --------------------------------------------
[2025-04-13 06:58:34] 开始新的迭代 - 2025-04-13 06:58:34
[2025-04-13 06:58:34] ================================================
[2025-04-13 06:58:34]       客服数据处理流程自动化脚本 v2.0 (后台定时版)
[2025-04-13 06:58:34] ================================================
[2025-04-13 06:58:34] 开始执行处理流程
[2025-04-13 06:58:34] === 步骤1: 从MySQL导出数据到TXT ===
[2025-04-13 06:58:34] 执行: python mysql_to_txt.py
开始从MySQL导出数据到文本文件...
连接尝试 1/3...
连接失败: 2003: Can't connect to MySQL server on 'localhost:13306' (61 Connection refused)
等待 5 秒后重试...
连接尝试 2/3...
连接失败: 2003: Can't connect to MySQL server on 'localhost:13306' (61 Connection refused)
等待 5 秒后重试...
连接尝试 3/3...
连接失败: 2003: Can't connect to MySQL server on 'localhost:13306' (61 Connection refused)
达到最大重试次数，放弃连接
Traceback (most recent call last):
  File "/Users/yangsan/Library/Python/3.7/lib/python/site-packages/mysql/connector/network.py", line 600, in open_connection
    self.sock.connect(sockaddr)
ConnectionRefusedError: [Errno 61] Connection refused

The above exception was the direct cause of the following exception:

Traceback (most recent call last):
  File "mysql_to_txt.py", line 215, in <module>
    main()
  File "mysql_to_txt.py", line 178, in main
    connection = connect_to_mysql_with_retry()
  File "mysql_to_txt.py", line 32, in connect_to_mysql_with_retry
    connection = mysql.connector.connect(**DB_CONFIG)
  File "/Users/yangsan/Library/Python/3.7/lib/python/site-packages/mysql/connector/pooling.py", line 294, in connect
    return MySQLConnection(*args, **kwargs)
  File "/Users/yangsan/Library/Python/3.7/lib/python/site-packages/mysql/connector/connection.py", line 164, in __init__
    self.connect(**kwargs)
  File "/Users/yangsan/Library/Python/3.7/lib/python/site-packages/mysql/connector/abstracts.py", line 1181, in connect
    self._open_connection()
  File "/Users/yangsan/Library/Python/3.7/lib/python/site-packages/mysql/connector/connection.py", line 570, in _open_connection
    self._socket.open_connection()
  File "/Users/yangsan/Library/Python/3.7/lib/python/site-packages/mysql/connector/network.py", line 609, in open_connection
    ) from err
mysql.connector.errors.InterfaceError: 2003: Can't connect to MySQL server on 'localhost:13306' (61 Connection refused)
[2025-04-13 06:58:44] ✗ MySQL数据导出失败，错误代码: 1
[2025-04-13 06:58:44] 本次执行完成，将在5分钟后再次执行
[2025-04-13 06:58:44] --------------------------------------------
[2025-04-13 07:18:29] 开始新的迭代 - 2025-04-13 07:18:29
[2025-04-13 07:18:29] ================================================
[2025-04-13 07:18:29]       客服数据处理流程自动化脚本 v2.0 (后台定时版)
[2025-04-13 07:18:29] ================================================
[2025-04-13 07:18:29] 开始执行处理流程
[2025-04-13 07:18:29] === 步骤1: 从MySQL导出数据到TXT ===
[2025-04-13 07:18:29] 执行: python mysql_to_txt.py
开始从MySQL导出数据到文本文件...
连接尝试 1/3...
连接失败: 2003: Can't connect to MySQL server on 'localhost:13306' (61 Connection refused)
等待 5 秒后重试...
连接尝试 2/3...
连接失败: 2003: Can't connect to MySQL server on 'localhost:13306' (61 Connection refused)
等待 5 秒后重试...
连接尝试 3/3...
连接失败: 2003: Can't connect to MySQL server on 'localhost:13306' (61 Connection refused)
达到最大重试次数，放弃连接
Traceback (most recent call last):
  File "/Users/yangsan/Library/Python/3.7/lib/python/site-packages/mysql/connector/network.py", line 600, in open_connection
    self.sock.connect(sockaddr)
ConnectionRefusedError: [Errno 61] Connection refused

The above exception was the direct cause of the following exception:

Traceback (most recent call last):
  File "mysql_to_txt.py", line 215, in <module>
    main()
  File "mysql_to_txt.py", line 178, in main
    connection = connect_to_mysql_with_retry()
  File "mysql_to_txt.py", line 32, in connect_to_mysql_with_retry
    connection = mysql.connector.connect(**DB_CONFIG)
  File "/Users/yangsan/Library/Python/3.7/lib/python/site-packages/mysql/connector/pooling.py", line 294, in connect
    return MySQLConnection(*args, **kwargs)
  File "/Users/yangsan/Library/Python/3.7/lib/python/site-packages/mysql/connector/connection.py", line 164, in __init__
    self.connect(**kwargs)
  File "/Users/yangsan/Library/Python/3.7/lib/python/site-packages/mysql/connector/abstracts.py", line 1181, in connect
    self._open_connection()
  File "/Users/yangsan/Library/Python/3.7/lib/python/site-packages/mysql/connector/connection.py", line 570, in _open_connection
    self._socket.open_connection()
  File "/Users/yangsan/Library/Python/3.7/lib/python/site-packages/mysql/connector/network.py", line 609, in open_connection
    ) from err
mysql.connector.errors.InterfaceError: 2003: Can't connect to MySQL server on 'localhost:13306' (61 Connection refused)
[2025-04-13 07:18:40] ✗ MySQL数据导出失败，错误代码: 1
[2025-04-13 07:18:40] 本次执行完成，将在5分钟后再次执行
[2025-04-13 07:18:40] --------------------------------------------
[2025-04-13 07:39:00] 开始新的迭代 - 2025-04-13 07:39:00
[2025-04-13 07:39:00] ================================================
[2025-04-13 07:39:00]       客服数据处理流程自动化脚本 v2.0 (后台定时版)
[2025-04-13 07:39:00] ================================================
[2025-04-13 07:39:00] 开始执行处理流程
[2025-04-13 07:39:00] === 步骤1: 从MySQL导出数据到TXT ===
[2025-04-13 07:39:00] 执行: python mysql_to_txt.py
开始从MySQL导出数据到文本文件...
连接尝试 1/3...
连接失败: 2003: Can't connect to MySQL server on 'localhost:13306' (61 Connection refused)
等待 5 秒后重试...
连接尝试 2/3...
连接失败: 2003: Can't connect to MySQL server on 'localhost:13306' (61 Connection refused)
等待 5 秒后重试...
连接尝试 3/3...
连接失败: 2003: Can't connect to MySQL server on 'localhost:13306' (61 Connection refused)
达到最大重试次数，放弃连接
Traceback (most recent call last):
  File "/Users/yangsan/Library/Python/3.7/lib/python/site-packages/mysql/connector/network.py", line 600, in open_connection
    self.sock.connect(sockaddr)
ConnectionRefusedError: [Errno 61] Connection refused

The above exception was the direct cause of the following exception:

Traceback (most recent call last):
  File "mysql_to_txt.py", line 215, in <module>
    main()
  File "mysql_to_txt.py", line 178, in main
    connection = connect_to_mysql_with_retry()
  File "mysql_to_txt.py", line 32, in connect_to_mysql_with_retry
    connection = mysql.connector.connect(**DB_CONFIG)
  File "/Users/yangsan/Library/Python/3.7/lib/python/site-packages/mysql/connector/pooling.py", line 294, in connect
    return MySQLConnection(*args, **kwargs)
  File "/Users/yangsan/Library/Python/3.7/lib/python/site-packages/mysql/connector/connection.py", line 164, in __init__
    self.connect(**kwargs)
  File "/Users/yangsan/Library/Python/3.7/lib/python/site-packages/mysql/connector/abstracts.py", line 1181, in connect
    self._open_connection()
  File "/Users/yangsan/Library/Python/3.7/lib/python/site-packages/mysql/connector/connection.py", line 570, in _open_connection
    self._socket.open_connection()
  File "/Users/yangsan/Library/Python/3.7/lib/python/site-packages/mysql/connector/network.py", line 609, in open_connection
    ) from err
mysql.connector.errors.InterfaceError: 2003: Can't connect to MySQL server on 'localhost:13306' (61 Connection refused)
[2025-04-13 07:39:11] ✗ MySQL数据导出失败，错误代码: 1
[2025-04-13 07:39:11] 本次执行完成，将在5分钟后再次执行
[2025-04-13 07:39:11] --------------------------------------------
[2025-04-13 08:47:48] 开始新的迭代 - 2025-04-13 08:47:48
[2025-04-13 08:47:48] ================================================
[2025-04-13 08:47:48]       客服数据处理流程自动化脚本 v2.0 (后台定时版)
[2025-04-13 08:47:48] ================================================
[2025-04-13 08:47:49] 开始执行处理流程
[2025-04-13 08:47:49] === 步骤1: 从MySQL导出数据到TXT ===
[2025-04-13 08:47:49] 执行: python mysql_to_txt.py
开始从MySQL导出数据到文本文件...
连接尝试 1/3...
连接失败: 2003: Can't connect to MySQL server on 'localhost:13306' (61 Connection refused)
等待 5 秒后重试...
连接尝试 2/3...
连接失败: 2003: Can't connect to MySQL server on 'localhost:13306' (61 Connection refused)
等待 5 秒后重试...
连接尝试 3/3...
连接失败: 2003: Can't connect to MySQL server on 'localhost:13306' (61 Connection refused)
达到最大重试次数，放弃连接
Traceback (most recent call last):
  File "/Users/yangsan/Library/Python/3.7/lib/python/site-packages/mysql/connector/network.py", line 600, in open_connection
    self.sock.connect(sockaddr)
ConnectionRefusedError: [Errno 61] Connection refused

The above exception was the direct cause of the following exception:

Traceback (most recent call last):
  File "mysql_to_txt.py", line 215, in <module>
    main()
  File "mysql_to_txt.py", line 178, in main
    connection = connect_to_mysql_with_retry()
  File "mysql_to_txt.py", line 32, in connect_to_mysql_with_retry
    connection = mysql.connector.connect(**DB_CONFIG)
  File "/Users/yangsan/Library/Python/3.7/lib/python/site-packages/mysql/connector/pooling.py", line 294, in connect
    return MySQLConnection(*args, **kwargs)
  File "/Users/yangsan/Library/Python/3.7/lib/python/site-packages/mysql/connector/connection.py", line 164, in __init__
    self.connect(**kwargs)
  File "/Users/yangsan/Library/Python/3.7/lib/python/site-packages/mysql/connector/abstracts.py", line 1181, in connect
    self._open_connection()
  File "/Users/yangsan/Library/Python/3.7/lib/python/site-packages/mysql/connector/connection.py", line 570, in _open_connection
    self._socket.open_connection()
  File "/Users/yangsan/Library/Python/3.7/lib/python/site-packages/mysql/connector/network.py", line 609, in open_connection
    ) from err
mysql.connector.errors.InterfaceError: 2003: Can't connect to MySQL server on 'localhost:13306' (61 Connection refused)
[2025-04-13 08:48:00] ✗ MySQL数据导出失败，错误代码: 1
[2025-04-13 08:48:00] 本次执行完成，将在5分钟后再次执行
[2025-04-13 08:48:00] --------------------------------------------
[2025-04-13 09:24:25] 开始新的迭代 - 2025-04-13 09:24:25
[2025-04-13 09:24:25] ================================================
[2025-04-13 09:24:25]       客服数据处理流程自动化脚本 v2.0 (后台定时版)
[2025-04-13 09:24:25] ================================================
[2025-04-13 09:24:25] 开始执行处理流程
[2025-04-13 09:24:25] === 步骤1: 从MySQL导出数据到TXT ===
[2025-04-13 09:24:25] 执行: python mysql_to_txt.py
开始从MySQL导出数据到文本文件...
连接尝试 1/3...
连接失败: 2003: Can't connect to MySQL server on 'localhost:13306' (61 Connection refused)
等待 5 秒后重试...
连接尝试 2/3...
连接失败: 2003: Can't connect to MySQL server on 'localhost:13306' (61 Connection refused)
等待 5 秒后重试...
连接尝试 3/3...
连接失败: 2003: Can't connect to MySQL server on 'localhost:13306' (61 Connection refused)
达到最大重试次数，放弃连接
Traceback (most recent call last):
  File "/Users/yangsan/Library/Python/3.7/lib/python/site-packages/mysql/connector/network.py", line 600, in open_connection
    self.sock.connect(sockaddr)
ConnectionRefusedError: [Errno 61] Connection refused

The above exception was the direct cause of the following exception:

Traceback (most recent call last):
  File "mysql_to_txt.py", line 215, in <module>
    main()
  File "mysql_to_txt.py", line 178, in main
    connection = connect_to_mysql_with_retry()
  File "mysql_to_txt.py", line 32, in connect_to_mysql_with_retry
    connection = mysql.connector.connect(**DB_CONFIG)
  File "/Users/yangsan/Library/Python/3.7/lib/python/site-packages/mysql/connector/pooling.py", line 294, in connect
    return MySQLConnection(*args, **kwargs)
  File "/Users/yangsan/Library/Python/3.7/lib/python/site-packages/mysql/connector/connection.py", line 164, in __init__
    self.connect(**kwargs)
  File "/Users/yangsan/Library/Python/3.7/lib/python/site-packages/mysql/connector/abstracts.py", line 1181, in connect
    self._open_connection()
  File "/Users/yangsan/Library/Python/3.7/lib/python/site-packages/mysql/connector/connection.py", line 570, in _open_connection
    self._socket.open_connection()
  File "/Users/yangsan/Library/Python/3.7/lib/python/site-packages/mysql/connector/network.py", line 609, in open_connection
    ) from err
mysql.connector.errors.InterfaceError: 2003: Can't connect to MySQL server on 'localhost:13306' (61 Connection refused)
[2025-04-13 09:24:35] ✗ MySQL数据导出失败，错误代码: 1
[2025-04-13 09:24:35] 本次执行完成，将在5分钟后再次执行
[2025-04-13 09:24:35] --------------------------------------------
[2025-04-13 10:25:57] 开始新的迭代 - 2025-04-13 10:25:57
[2025-04-13 10:25:57] ================================================
[2025-04-13 10:25:57]       客服数据处理流程自动化脚本 v2.0 (后台定时版)
[2025-04-13 10:25:57] ================================================
[2025-04-13 10:25:57] 开始执行处理流程
[2025-04-13 10:25:57] === 步骤1: 从MySQL导出数据到TXT ===
[2025-04-13 10:25:57] 执行: python mysql_to_txt.py
开始从MySQL导出数据到文本文件...
连接尝试 1/3...
连接失败: 2003: Can't connect to MySQL server on 'localhost:13306' (61 Connection refused)
等待 5 秒后重试...
连接尝试 2/3...
连接失败: 2003: Can't connect to MySQL server on 'localhost:13306' (61 Connection refused)
等待 5 秒后重试...
连接尝试 3/3...
连接失败: 2003: Can't connect to MySQL server on 'localhost:13306' (61 Connection refused)
达到最大重试次数，放弃连接
Traceback (most recent call last):
  File "/Users/yangsan/Library/Python/3.7/lib/python/site-packages/mysql/connector/network.py", line 600, in open_connection
    self.sock.connect(sockaddr)
ConnectionRefusedError: [Errno 61] Connection refused

The above exception was the direct cause of the following exception:

Traceback (most recent call last):
  File "mysql_to_txt.py", line 215, in <module>
    main()
  File "mysql_to_txt.py", line 178, in main
    connection = connect_to_mysql_with_retry()
  File "mysql_to_txt.py", line 32, in connect_to_mysql_with_retry
    connection = mysql.connector.connect(**DB_CONFIG)
  File "/Users/yangsan/Library/Python/3.7/lib/python/site-packages/mysql/connector/pooling.py", line 294, in connect
    return MySQLConnection(*args, **kwargs)
  File "/Users/yangsan/Library/Python/3.7/lib/python/site-packages/mysql/connector/connection.py", line 164, in __init__
    self.connect(**kwargs)
  File "/Users/yangsan/Library/Python/3.7/lib/python/site-packages/mysql/connector/abstracts.py", line 1181, in connect
    self._open_connection()
  File "/Users/yangsan/Library/Python/3.7/lib/python/site-packages/mysql/connector/connection.py", line 570, in _open_connection
    self._socket.open_connection()
  File "/Users/yangsan/Library/Python/3.7/lib/python/site-packages/mysql/connector/network.py", line 609, in open_connection
    ) from err
mysql.connector.errors.InterfaceError: 2003: Can't connect to MySQL server on 'localhost:13306' (61 Connection refused)
[2025-04-13 10:26:07] ✗ MySQL数据导出失败，错误代码: 1
[2025-04-13 10:26:07] 本次执行完成，将在5分钟后再次执行
[2025-04-13 10:26:07] --------------------------------------------
[2025-04-13 11:42:42] 开始新的迭代 - 2025-04-13 11:42:42
[2025-04-13 11:42:42] ================================================
[2025-04-13 11:42:42]       客服数据处理流程自动化脚本 v2.0 (后台定时版)
[2025-04-13 11:42:42] ================================================
[2025-04-13 11:42:42] 开始执行处理流程
[2025-04-13 11:42:42] === 步骤1: 从MySQL导出数据到TXT ===
[2025-04-13 11:42:42] 执行: python mysql_to_txt.py
开始从MySQL导出数据到文本文件...
连接尝试 1/3...
连接失败: 2003: Can't connect to MySQL server on 'localhost:13306' (61 Connection refused)
等待 5 秒后重试...
连接尝试 2/3...
连接失败: 2003: Can't connect to MySQL server on 'localhost:13306' (61 Connection refused)
等待 5 秒后重试...
连接尝试 3/3...
连接失败: 2003: Can't connect to MySQL server on 'localhost:13306' (61 Connection refused)
达到最大重试次数，放弃连接
Traceback (most recent call last):
  File "/Users/yangsan/Library/Python/3.7/lib/python/site-packages/mysql/connector/network.py", line 600, in open_connection
    self.sock.connect(sockaddr)
ConnectionRefusedError: [Errno 61] Connection refused

The above exception was the direct cause of the following exception:

Traceback (most recent call last):
  File "mysql_to_txt.py", line 215, in <module>
    main()
  File "mysql_to_txt.py", line 178, in main
    connection = connect_to_mysql_with_retry()
  File "mysql_to_txt.py", line 32, in connect_to_mysql_with_retry
    connection = mysql.connector.connect(**DB_CONFIG)
  File "/Users/yangsan/Library/Python/3.7/lib/python/site-packages/mysql/connector/pooling.py", line 294, in connect
    return MySQLConnection(*args, **kwargs)
  File "/Users/yangsan/Library/Python/3.7/lib/python/site-packages/mysql/connector/connection.py", line 164, in __init__
    self.connect(**kwargs)
  File "/Users/yangsan/Library/Python/3.7/lib/python/site-packages/mysql/connector/abstracts.py", line 1181, in connect
    self._open_connection()
  File "/Users/yangsan/Library/Python/3.7/lib/python/site-packages/mysql/connector/connection.py", line 570, in _open_connection
    self._socket.open_connection()
  File "/Users/yangsan/Library/Python/3.7/lib/python/site-packages/mysql/connector/network.py", line 609, in open_connection
    ) from err
mysql.connector.errors.InterfaceError: 2003: Can't connect to MySQL server on 'localhost:13306' (61 Connection refused)
[2025-04-13 11:42:53] ✗ MySQL数据导出失败，错误代码: 1
[2025-04-13 11:42:53] 本次执行完成，将在5分钟后再次执行
[2025-04-13 11:42:53] --------------------------------------------
[2025-04-13 11:47:53] 开始新的迭代 - 2025-04-13 11:47:53
[2025-04-13 11:47:53] ================================================
[2025-04-13 11:47:53]       客服数据处理流程自动化脚本 v2.0 (后台定时版)
[2025-04-13 11:47:53] ================================================
[2025-04-13 11:47:53] 开始执行处理流程
[2025-04-13 11:47:53] === 步骤1: 从MySQL导出数据到TXT ===
[2025-04-13 11:47:53] 执行: python mysql_to_txt.py
开始从MySQL导出数据到文本文件...
连接尝试 1/3...
连接失败: 2003: Can't connect to MySQL server on 'localhost:13306' (61 Connection refused)
等待 5 秒后重试...
连接尝试 2/3...
连接失败: 2003: Can't connect to MySQL server on 'localhost:13306' (61 Connection refused)
等待 5 秒后重试...
连接尝试 3/3...
连接失败: 2003: Can't connect to MySQL server on 'localhost:13306' (61 Connection refused)
达到最大重试次数，放弃连接
Traceback (most recent call last):
  File "/Users/yangsan/Library/Python/3.7/lib/python/site-packages/mysql/connector/network.py", line 600, in open_connection
    self.sock.connect(sockaddr)
ConnectionRefusedError: [Errno 61] Connection refused

The above exception was the direct cause of the following exception:

Traceback (most recent call last):
  File "mysql_to_txt.py", line 215, in <module>
    main()
  File "mysql_to_txt.py", line 178, in main
    connection = connect_to_mysql_with_retry()
  File "mysql_to_txt.py", line 32, in connect_to_mysql_with_retry
    connection = mysql.connector.connect(**DB_CONFIG)
  File "/Users/yangsan/Library/Python/3.7/lib/python/site-packages/mysql/connector/pooling.py", line 294, in connect
    return MySQLConnection(*args, **kwargs)
  File "/Users/yangsan/Library/Python/3.7/lib/python/site-packages/mysql/connector/connection.py", line 164, in __init__
    self.connect(**kwargs)
  File "/Users/yangsan/Library/Python/3.7/lib/python/site-packages/mysql/connector/abstracts.py", line 1181, in connect
    self._open_connection()
  File "/Users/yangsan/Library/Python/3.7/lib/python/site-packages/mysql/connector/connection.py", line 570, in _open_connection
    self._socket.open_connection()
  File "/Users/yangsan/Library/Python/3.7/lib/python/site-packages/mysql/connector/network.py", line 609, in open_connection
    ) from err
mysql.connector.errors.InterfaceError: 2003: Can't connect to MySQL server on 'localhost:13306' (61 Connection refused)
[2025-04-13 11:48:03] ✗ MySQL数据导出失败，错误代码: 1
[2025-04-13 11:48:03] 本次执行完成，将在5分钟后再次执行
[2025-04-13 11:48:03] --------------------------------------------
[2025-04-13 11:53:03] 开始新的迭代 - 2025-04-13 11:53:03
[2025-04-13 11:53:03] ================================================
[2025-04-13 11:53:03]       客服数据处理流程自动化脚本 v2.0 (后台定时版)
[2025-04-13 11:53:03] ================================================
[2025-04-13 11:53:03] 开始执行处理流程
[2025-04-13 11:53:03] === 步骤1: 从MySQL导出数据到TXT ===
[2025-04-13 11:53:03] 执行: python mysql_to_txt.py
开始从MySQL导出数据到文本文件...
连接尝试 1/3...
连接失败: 2003: Can't connect to MySQL server on 'localhost:13306' (61 Connection refused)
等待 5 秒后重试...
连接尝试 2/3...
连接失败: 2003: Can't connect to MySQL server on 'localhost:13306' (61 Connection refused)
等待 5 秒后重试...
连接尝试 3/3...
连接失败: 2003: Can't connect to MySQL server on 'localhost:13306' (61 Connection refused)
达到最大重试次数，放弃连接
Traceback (most recent call last):
  File "/Users/yangsan/Library/Python/3.7/lib/python/site-packages/mysql/connector/network.py", line 600, in open_connection
    self.sock.connect(sockaddr)
ConnectionRefusedError: [Errno 61] Connection refused

The above exception was the direct cause of the following exception:

Traceback (most recent call last):
  File "mysql_to_txt.py", line 215, in <module>
    main()
  File "mysql_to_txt.py", line 178, in main
    connection = connect_to_mysql_with_retry()
  File "mysql_to_txt.py", line 32, in connect_to_mysql_with_retry
    connection = mysql.connector.connect(**DB_CONFIG)
  File "/Users/yangsan/Library/Python/3.7/lib/python/site-packages/mysql/connector/pooling.py", line 294, in connect
    return MySQLConnection(*args, **kwargs)
  File "/Users/yangsan/Library/Python/3.7/lib/python/site-packages/mysql/connector/connection.py", line 164, in __init__
    self.connect(**kwargs)
  File "/Users/yangsan/Library/Python/3.7/lib/python/site-packages/mysql/connector/abstracts.py", line 1181, in connect
    self._open_connection()
  File "/Users/yangsan/Library/Python/3.7/lib/python/site-packages/mysql/connector/connection.py", line 570, in _open_connection
    self._socket.open_connection()
  File "/Users/yangsan/Library/Python/3.7/lib/python/site-packages/mysql/connector/network.py", line 609, in open_connection
    ) from err
mysql.connector.errors.InterfaceError: 2003: Can't connect to MySQL server on 'localhost:13306' (61 Connection refused)
[2025-04-13 11:53:13] ✗ MySQL数据导出失败，错误代码: 1
[2025-04-13 11:53:13] 本次执行完成，将在5分钟后再次执行
[2025-04-13 11:53:13] --------------------------------------------
[2025-04-13 11:58:13] 开始新的迭代 - 2025-04-13 11:58:13
[2025-04-13 11:58:13] ================================================
[2025-04-13 11:58:13]       客服数据处理流程自动化脚本 v2.0 (后台定时版)
[2025-04-13 11:58:13] ================================================
[2025-04-13 11:58:13] 开始执行处理流程
[2025-04-13 11:58:13] === 步骤1: 从MySQL导出数据到TXT ===
[2025-04-13 11:58:13] 执行: python mysql_to_txt.py
开始从MySQL导出数据到文本文件...
连接尝试 1/3...
连接失败: 2003: Can't connect to MySQL server on 'localhost:13306' (61 Connection refused)
等待 5 秒后重试...
连接尝试 2/3...
连接失败: 2003: Can't connect to MySQL server on 'localhost:13306' (61 Connection refused)
等待 5 秒后重试...
连接尝试 3/3...
连接失败: 2003: Can't connect to MySQL server on 'localhost:13306' (61 Connection refused)
达到最大重试次数，放弃连接
Traceback (most recent call last):
  File "/Users/yangsan/Library/Python/3.7/lib/python/site-packages/mysql/connector/network.py", line 600, in open_connection
    self.sock.connect(sockaddr)
ConnectionRefusedError: [Errno 61] Connection refused

The above exception was the direct cause of the following exception:

Traceback (most recent call last):
  File "mysql_to_txt.py", line 215, in <module>
    main()
  File "mysql_to_txt.py", line 178, in main
    connection = connect_to_mysql_with_retry()
  File "mysql_to_txt.py", line 32, in connect_to_mysql_with_retry
    connection = mysql.connector.connect(**DB_CONFIG)
  File "/Users/yangsan/Library/Python/3.7/lib/python/site-packages/mysql/connector/pooling.py", line 294, in connect
    return MySQLConnection(*args, **kwargs)
  File "/Users/yangsan/Library/Python/3.7/lib/python/site-packages/mysql/connector/connection.py", line 164, in __init__
    self.connect(**kwargs)
  File "/Users/yangsan/Library/Python/3.7/lib/python/site-packages/mysql/connector/abstracts.py", line 1181, in connect
    self._open_connection()
  File "/Users/yangsan/Library/Python/3.7/lib/python/site-packages/mysql/connector/connection.py", line 570, in _open_connection
    self._socket.open_connection()
  File "/Users/yangsan/Library/Python/3.7/lib/python/site-packages/mysql/connector/network.py", line 609, in open_connection
    ) from err
mysql.connector.errors.InterfaceError: 2003: Can't connect to MySQL server on 'localhost:13306' (61 Connection refused)
[2025-04-13 11:58:24] ✗ MySQL数据导出失败，错误代码: 1
[2025-04-13 11:58:24] 本次执行完成，将在5分钟后再次执行
[2025-04-13 11:58:24] --------------------------------------------
[2025-04-13 12:03:24] 开始新的迭代 - 2025-04-13 12:03:24
[2025-04-13 12:03:24] ================================================
[2025-04-13 12:03:24]       客服数据处理流程自动化脚本 v2.0 (后台定时版)
[2025-04-13 12:03:24] ================================================
[2025-04-13 12:03:24] 开始执行处理流程
[2025-04-13 12:03:24] === 步骤1: 从MySQL导出数据到TXT ===
[2025-04-13 12:03:24] 执行: python mysql_to_txt.py
开始从MySQL导出数据到文本文件...
连接尝试 1/3...
连接失败: 2003: Can't connect to MySQL server on 'localhost:13306' (61 Connection refused)
等待 5 秒后重试...
连接尝试 2/3...
连接失败: 2003: Can't connect to MySQL server on 'localhost:13306' (61 Connection refused)
等待 5 秒后重试...
连接尝试 3/3...
连接失败: 2003: Can't connect to MySQL server on 'localhost:13306' (61 Connection refused)
达到最大重试次数，放弃连接
Traceback (most recent call last):
  File "/Users/yangsan/Library/Python/3.7/lib/python/site-packages/mysql/connector/network.py", line 600, in open_connection
    self.sock.connect(sockaddr)
ConnectionRefusedError: [Errno 61] Connection refused

The above exception was the direct cause of the following exception:

Traceback (most recent call last):
  File "mysql_to_txt.py", line 215, in <module>
    main()
  File "mysql_to_txt.py", line 178, in main
    connection = connect_to_mysql_with_retry()
  File "mysql_to_txt.py", line 32, in connect_to_mysql_with_retry
    connection = mysql.connector.connect(**DB_CONFIG)
  File "/Users/yangsan/Library/Python/3.7/lib/python/site-packages/mysql/connector/pooling.py", line 294, in connect
    return MySQLConnection(*args, **kwargs)
  File "/Users/yangsan/Library/Python/3.7/lib/python/site-packages/mysql/connector/connection.py", line 164, in __init__
    self.connect(**kwargs)
  File "/Users/yangsan/Library/Python/3.7/lib/python/site-packages/mysql/connector/abstracts.py", line 1181, in connect
    self._open_connection()
  File "/Users/yangsan/Library/Python/3.7/lib/python/site-packages/mysql/connector/connection.py", line 570, in _open_connection
    self._socket.open_connection()
  File "/Users/yangsan/Library/Python/3.7/lib/python/site-packages/mysql/connector/network.py", line 609, in open_connection
    ) from err
mysql.connector.errors.InterfaceError: 2003: Can't connect to MySQL server on 'localhost:13306' (61 Connection refused)
[2025-04-13 12:03:34] ✗ MySQL数据导出失败，错误代码: 1
[2025-04-13 12:03:34] 本次执行完成，将在5分钟后再次执行
[2025-04-13 12:03:34] --------------------------------------------
[2025-04-13 12:08:34] 开始新的迭代 - 2025-04-13 12:08:34
[2025-04-13 12:08:34] ================================================
[2025-04-13 12:08:34]       客服数据处理流程自动化脚本 v2.0 (后台定时版)
[2025-04-13 12:08:34] ================================================
[2025-04-13 12:08:34] 开始执行处理流程
[2025-04-13 12:08:34] === 步骤1: 从MySQL导出数据到TXT ===
[2025-04-13 12:08:34] 执行: python mysql_to_txt.py
开始从MySQL导出数据到文本文件...
连接尝试 1/3...
连接失败: 2003: Can't connect to MySQL server on 'localhost:13306' (61 Connection refused)
等待 5 秒后重试...
连接尝试 2/3...
连接失败: 2003: Can't connect to MySQL server on 'localhost:13306' (61 Connection refused)
等待 5 秒后重试...
连接尝试 3/3...
连接失败: 2003: Can't connect to MySQL server on 'localhost:13306' (61 Connection refused)
达到最大重试次数，放弃连接
Traceback (most recent call last):
  File "/Users/yangsan/Library/Python/3.7/lib/python/site-packages/mysql/connector/network.py", line 600, in open_connection
    self.sock.connect(sockaddr)
ConnectionRefusedError: [Errno 61] Connection refused

The above exception was the direct cause of the following exception:

Traceback (most recent call last):
  File "mysql_to_txt.py", line 215, in <module>
    main()
  File "mysql_to_txt.py", line 178, in main
    connection = connect_to_mysql_with_retry()
  File "mysql_to_txt.py", line 32, in connect_to_mysql_with_retry
    connection = mysql.connector.connect(**DB_CONFIG)
  File "/Users/yangsan/Library/Python/3.7/lib/python/site-packages/mysql/connector/pooling.py", line 294, in connect
    return MySQLConnection(*args, **kwargs)
  File "/Users/yangsan/Library/Python/3.7/lib/python/site-packages/mysql/connector/connection.py", line 164, in __init__
    self.connect(**kwargs)
  File "/Users/yangsan/Library/Python/3.7/lib/python/site-packages/mysql/connector/abstracts.py", line 1181, in connect
    self._open_connection()
  File "/Users/yangsan/Library/Python/3.7/lib/python/site-packages/mysql/connector/connection.py", line 570, in _open_connection
    self._socket.open_connection()
  File "/Users/yangsan/Library/Python/3.7/lib/python/site-packages/mysql/connector/network.py", line 609, in open_connection
    ) from err
mysql.connector.errors.InterfaceError: 2003: Can't connect to MySQL server on 'localhost:13306' (61 Connection refused)
[2025-04-13 12:08:44] ✗ MySQL数据导出失败，错误代码: 1
[2025-04-13 12:08:44] 本次执行完成，将在5分钟后再次执行
[2025-04-13 12:08:44] --------------------------------------------
[2025-04-13 12:13:44] 开始新的迭代 - 2025-04-13 12:13:44
[2025-04-13 12:13:44] ================================================
[2025-04-13 12:13:44]       客服数据处理流程自动化脚本 v2.0 (后台定时版)
[2025-04-13 12:13:44] ================================================
[2025-04-13 12:13:44] 开始执行处理流程
[2025-04-13 12:13:44] === 步骤1: 从MySQL导出数据到TXT ===
[2025-04-13 12:13:44] 执行: python mysql_to_txt.py
开始从MySQL导出数据到文本文件...
连接尝试 1/3...
连接失败: 2003: Can't connect to MySQL server on 'localhost:13306' (61 Connection refused)
等待 5 秒后重试...
连接尝试 2/3...
连接失败: 2003: Can't connect to MySQL server on 'localhost:13306' (61 Connection refused)
等待 5 秒后重试...
连接尝试 3/3...
连接失败: 2003: Can't connect to MySQL server on 'localhost:13306' (61 Connection refused)
达到最大重试次数，放弃连接
Traceback (most recent call last):
  File "/Users/yangsan/Library/Python/3.7/lib/python/site-packages/mysql/connector/network.py", line 600, in open_connection
    self.sock.connect(sockaddr)
ConnectionRefusedError: [Errno 61] Connection refused

The above exception was the direct cause of the following exception:

Traceback (most recent call last):
  File "mysql_to_txt.py", line 215, in <module>
    main()
  File "mysql_to_txt.py", line 178, in main
    connection = connect_to_mysql_with_retry()
  File "mysql_to_txt.py", line 32, in connect_to_mysql_with_retry
    connection = mysql.connector.connect(**DB_CONFIG)
  File "/Users/yangsan/Library/Python/3.7/lib/python/site-packages/mysql/connector/pooling.py", line 294, in connect
    return MySQLConnection(*args, **kwargs)
  File "/Users/yangsan/Library/Python/3.7/lib/python/site-packages/mysql/connector/connection.py", line 164, in __init__
    self.connect(**kwargs)
  File "/Users/yangsan/Library/Python/3.7/lib/python/site-packages/mysql/connector/abstracts.py", line 1181, in connect
    self._open_connection()
  File "/Users/yangsan/Library/Python/3.7/lib/python/site-packages/mysql/connector/connection.py", line 570, in _open_connection
    self._socket.open_connection()
  File "/Users/yangsan/Library/Python/3.7/lib/python/site-packages/mysql/connector/network.py", line 609, in open_connection
    ) from err
mysql.connector.errors.InterfaceError: 2003: Can't connect to MySQL server on 'localhost:13306' (61 Connection refused)
[2025-04-13 12:13:54] ✗ MySQL数据导出失败，错误代码: 1
[2025-04-13 12:13:54] 本次执行完成，将在5分钟后再次执行
[2025-04-13 12:13:54] --------------------------------------------
[2025-04-13 12:18:54] 开始新的迭代 - 2025-04-13 12:18:54
[2025-04-13 12:18:54] ================================================
[2025-04-13 12:18:54]       客服数据处理流程自动化脚本 v2.0 (后台定时版)
[2025-04-13 12:18:54] ================================================
[2025-04-13 12:18:54] 开始执行处理流程
[2025-04-13 12:18:54] === 步骤1: 从MySQL导出数据到TXT ===
[2025-04-13 12:18:54] 执行: python mysql_to_txt.py
开始从MySQL导出数据到文本文件...
连接尝试 1/3...
连接失败: 2003: Can't connect to MySQL server on 'localhost:13306' (61 Connection refused)
等待 5 秒后重试...
连接尝试 2/3...
连接失败: 2003: Can't connect to MySQL server on 'localhost:13306' (61 Connection refused)
等待 5 秒后重试...
连接尝试 3/3...
连接失败: 2003: Can't connect to MySQL server on 'localhost:13306' (61 Connection refused)
达到最大重试次数，放弃连接
Traceback (most recent call last):
  File "/Users/yangsan/Library/Python/3.7/lib/python/site-packages/mysql/connector/network.py", line 600, in open_connection
    self.sock.connect(sockaddr)
ConnectionRefusedError: [Errno 61] Connection refused

The above exception was the direct cause of the following exception:

Traceback (most recent call last):
  File "mysql_to_txt.py", line 215, in <module>
    main()
  File "mysql_to_txt.py", line 178, in main
    connection = connect_to_mysql_with_retry()
  File "mysql_to_txt.py", line 32, in connect_to_mysql_with_retry
    connection = mysql.connector.connect(**DB_CONFIG)
  File "/Users/yangsan/Library/Python/3.7/lib/python/site-packages/mysql/connector/pooling.py", line 294, in connect
    return MySQLConnection(*args, **kwargs)
  File "/Users/yangsan/Library/Python/3.7/lib/python/site-packages/mysql/connector/connection.py", line 164, in __init__
    self.connect(**kwargs)
  File "/Users/yangsan/Library/Python/3.7/lib/python/site-packages/mysql/connector/abstracts.py", line 1181, in connect
    self._open_connection()
  File "/Users/yangsan/Library/Python/3.7/lib/python/site-packages/mysql/connector/connection.py", line 570, in _open_connection
    self._socket.open_connection()
  File "/Users/yangsan/Library/Python/3.7/lib/python/site-packages/mysql/connector/network.py", line 609, in open_connection
    ) from err
mysql.connector.errors.InterfaceError: 2003: Can't connect to MySQL server on 'localhost:13306' (61 Connection refused)
[2025-04-13 12:19:04] ✗ MySQL数据导出失败，错误代码: 1
[2025-04-13 12:19:04] 本次执行完成，将在5分钟后再次执行
[2025-04-13 12:19:04] --------------------------------------------
[2025-04-13 12:24:04] 开始新的迭代 - 2025-04-13 12:24:04
[2025-04-13 12:24:04] ================================================
[2025-04-13 12:24:04]       客服数据处理流程自动化脚本 v2.0 (后台定时版)
[2025-04-13 12:24:04] ================================================
[2025-04-13 12:24:05] 开始执行处理流程
[2025-04-13 12:24:05] === 步骤1: 从MySQL导出数据到TXT ===
[2025-04-13 12:24:05] 执行: python mysql_to_txt.py
开始从MySQL导出数据到文本文件...
连接尝试 1/3...
连接失败: 2003: Can't connect to MySQL server on 'localhost:13306' (61 Connection refused)
等待 5 秒后重试...
连接尝试 2/3...
连接失败: 2003: Can't connect to MySQL server on 'localhost:13306' (61 Connection refused)
等待 5 秒后重试...
连接尝试 3/3...
连接失败: 2003: Can't connect to MySQL server on 'localhost:13306' (61 Connection refused)
达到最大重试次数，放弃连接
Traceback (most recent call last):
  File "/Users/yangsan/Library/Python/3.7/lib/python/site-packages/mysql/connector/network.py", line 600, in open_connection
    self.sock.connect(sockaddr)
ConnectionRefusedError: [Errno 61] Connection refused

The above exception was the direct cause of the following exception:

Traceback (most recent call last):
  File "mysql_to_txt.py", line 215, in <module>
    main()
  File "mysql_to_txt.py", line 178, in main
    connection = connect_to_mysql_with_retry()
  File "mysql_to_txt.py", line 32, in connect_to_mysql_with_retry
    connection = mysql.connector.connect(**DB_CONFIG)
  File "/Users/yangsan/Library/Python/3.7/lib/python/site-packages/mysql/connector/pooling.py", line 294, in connect
    return MySQLConnection(*args, **kwargs)
  File "/Users/yangsan/Library/Python/3.7/lib/python/site-packages/mysql/connector/connection.py", line 164, in __init__
    self.connect(**kwargs)
  File "/Users/yangsan/Library/Python/3.7/lib/python/site-packages/mysql/connector/abstracts.py", line 1181, in connect
    self._open_connection()
  File "/Users/yangsan/Library/Python/3.7/lib/python/site-packages/mysql/connector/connection.py", line 570, in _open_connection
    self._socket.open_connection()
  File "/Users/yangsan/Library/Python/3.7/lib/python/site-packages/mysql/connector/network.py", line 609, in open_connection
    ) from err
mysql.connector.errors.InterfaceError: 2003: Can't connect to MySQL server on 'localhost:13306' (61 Connection refused)
[2025-04-13 12:24:15] ✗ MySQL数据导出失败，错误代码: 1
[2025-04-13 12:24:15] 本次执行完成，将在5分钟后再次执行
[2025-04-13 12:24:15] --------------------------------------------
[2025-04-13 12:29:15] 开始新的迭代 - 2025-04-13 12:29:15
[2025-04-13 12:29:15] ================================================
[2025-04-13 12:29:15]       客服数据处理流程自动化脚本 v2.0 (后台定时版)
[2025-04-13 12:29:15] ================================================
[2025-04-13 12:29:15] 开始执行处理流程
[2025-04-13 12:29:15] === 步骤1: 从MySQL导出数据到TXT ===
[2025-04-13 12:29:15] 执行: python mysql_to_txt.py
开始从MySQL导出数据到文本文件...
连接尝试 1/3...
连接失败: 2003: Can't connect to MySQL server on 'localhost:13306' (61 Connection refused)
等待 5 秒后重试...
连接尝试 2/3...
连接失败: 2003: Can't connect to MySQL server on 'localhost:13306' (61 Connection refused)
等待 5 秒后重试...
连接尝试 3/3...
连接失败: 2003: Can't connect to MySQL server on 'localhost:13306' (61 Connection refused)
达到最大重试次数，放弃连接
Traceback (most recent call last):
  File "/Users/yangsan/Library/Python/3.7/lib/python/site-packages/mysql/connector/network.py", line 600, in open_connection
    self.sock.connect(sockaddr)
ConnectionRefusedError: [Errno 61] Connection refused

The above exception was the direct cause of the following exception:

Traceback (most recent call last):
  File "mysql_to_txt.py", line 215, in <module>
    main()
  File "mysql_to_txt.py", line 178, in main
    connection = connect_to_mysql_with_retry()
  File "mysql_to_txt.py", line 32, in connect_to_mysql_with_retry
    connection = mysql.connector.connect(**DB_CONFIG)
  File "/Users/yangsan/Library/Python/3.7/lib/python/site-packages/mysql/connector/pooling.py", line 294, in connect
    return MySQLConnection(*args, **kwargs)
  File "/Users/yangsan/Library/Python/3.7/lib/python/site-packages/mysql/connector/connection.py", line 164, in __init__
    self.connect(**kwargs)
  File "/Users/yangsan/Library/Python/3.7/lib/python/site-packages/mysql/connector/abstracts.py", line 1181, in connect
    self._open_connection()
  File "/Users/yangsan/Library/Python/3.7/lib/python/site-packages/mysql/connector/connection.py", line 570, in _open_connection
    self._socket.open_connection()
  File "/Users/yangsan/Library/Python/3.7/lib/python/site-packages/mysql/connector/network.py", line 609, in open_connection
    ) from err
mysql.connector.errors.InterfaceError: 2003: Can't connect to MySQL server on 'localhost:13306' (61 Connection refused)
[2025-04-13 12:29:26] ✗ MySQL数据导出失败，错误代码: 1
[2025-04-13 12:29:26] 本次执行完成，将在5分钟后再次执行
[2025-04-13 12:29:26] --------------------------------------------
[2025-04-13 12:34:26] 开始新的迭代 - 2025-04-13 12:34:26
[2025-04-13 12:34:26] ================================================
[2025-04-13 12:34:26]       客服数据处理流程自动化脚本 v2.0 (后台定时版)
[2025-04-13 12:34:26] ================================================
[2025-04-13 12:34:26] 开始执行处理流程
[2025-04-13 12:34:26] === 步骤1: 从MySQL导出数据到TXT ===
[2025-04-13 12:34:26] 执行: python mysql_to_txt.py
开始从MySQL导出数据到文本文件...
连接尝试 1/3...
连接失败: 2003: Can't connect to MySQL server on 'localhost:13306' (61 Connection refused)
等待 5 秒后重试...
连接尝试 2/3...
连接失败: 2003: Can't connect to MySQL server on 'localhost:13306' (61 Connection refused)
等待 5 秒后重试...
连接尝试 3/3...
连接失败: 2003: Can't connect to MySQL server on 'localhost:13306' (61 Connection refused)
达到最大重试次数，放弃连接
Traceback (most recent call last):
  File "/Users/yangsan/Library/Python/3.7/lib/python/site-packages/mysql/connector/network.py", line 600, in open_connection
    self.sock.connect(sockaddr)
ConnectionRefusedError: [Errno 61] Connection refused

The above exception was the direct cause of the following exception:

Traceback (most recent call last):
  File "mysql_to_txt.py", line 215, in <module>
    main()
  File "mysql_to_txt.py", line 178, in main
    connection = connect_to_mysql_with_retry()
  File "mysql_to_txt.py", line 32, in connect_to_mysql_with_retry
    connection = mysql.connector.connect(**DB_CONFIG)
  File "/Users/yangsan/Library/Python/3.7/lib/python/site-packages/mysql/connector/pooling.py", line 294, in connect
    return MySQLConnection(*args, **kwargs)
  File "/Users/yangsan/Library/Python/3.7/lib/python/site-packages/mysql/connector/connection.py", line 164, in __init__
    self.connect(**kwargs)
  File "/Users/yangsan/Library/Python/3.7/lib/python/site-packages/mysql/connector/abstracts.py", line 1181, in connect
    self._open_connection()
  File "/Users/yangsan/Library/Python/3.7/lib/python/site-packages/mysql/connector/connection.py", line 570, in _open_connection
    self._socket.open_connection()
  File "/Users/yangsan/Library/Python/3.7/lib/python/site-packages/mysql/connector/network.py", line 609, in open_connection
    ) from err
mysql.connector.errors.InterfaceError: 2003: Can't connect to MySQL server on 'localhost:13306' (61 Connection refused)
[2025-04-13 12:34:36] ✗ MySQL数据导出失败，错误代码: 1
[2025-04-13 12:34:36] 本次执行完成，将在5分钟后再次执行
[2025-04-13 12:34:36] --------------------------------------------
[2025-04-13 12:39:36] 开始新的迭代 - 2025-04-13 12:39:36
[2025-04-13 12:39:36] ================================================
[2025-04-13 12:39:36]       客服数据处理流程自动化脚本 v2.0 (后台定时版)
[2025-04-13 12:39:36] ================================================
[2025-04-13 12:39:36] 开始执行处理流程
[2025-04-13 12:39:36] === 步骤1: 从MySQL导出数据到TXT ===
[2025-04-13 12:39:36] 执行: python mysql_to_txt.py
开始从MySQL导出数据到文本文件...
连接尝试 1/3...
连接失败: 2003: Can't connect to MySQL server on 'localhost:13306' (61 Connection refused)
等待 5 秒后重试...
连接尝试 2/3...
连接失败: 2003: Can't connect to MySQL server on 'localhost:13306' (61 Connection refused)
等待 5 秒后重试...
连接尝试 3/3...
连接失败: 2003: Can't connect to MySQL server on 'localhost:13306' (61 Connection refused)
达到最大重试次数，放弃连接
Traceback (most recent call last):
  File "/Users/yangsan/Library/Python/3.7/lib/python/site-packages/mysql/connector/network.py", line 600, in open_connection
    self.sock.connect(sockaddr)
ConnectionRefusedError: [Errno 61] Connection refused

The above exception was the direct cause of the following exception:

Traceback (most recent call last):
  File "mysql_to_txt.py", line 215, in <module>
    main()
  File "mysql_to_txt.py", line 178, in main
    connection = connect_to_mysql_with_retry()
  File "mysql_to_txt.py", line 32, in connect_to_mysql_with_retry
    connection = mysql.connector.connect(**DB_CONFIG)
  File "/Users/yangsan/Library/Python/3.7/lib/python/site-packages/mysql/connector/pooling.py", line 294, in connect
    return MySQLConnection(*args, **kwargs)
  File "/Users/yangsan/Library/Python/3.7/lib/python/site-packages/mysql/connector/connection.py", line 164, in __init__
    self.connect(**kwargs)
  File "/Users/yangsan/Library/Python/3.7/lib/python/site-packages/mysql/connector/abstracts.py", line 1181, in connect
    self._open_connection()
  File "/Users/yangsan/Library/Python/3.7/lib/python/site-packages/mysql/connector/connection.py", line 570, in _open_connection
    self._socket.open_connection()
  File "/Users/yangsan/Library/Python/3.7/lib/python/site-packages/mysql/connector/network.py", line 609, in open_connection
    ) from err
mysql.connector.errors.InterfaceError: 2003: Can't connect to MySQL server on 'localhost:13306' (61 Connection refused)
[2025-04-13 12:39:46] ✗ MySQL数据导出失败，错误代码: 1
[2025-04-13 12:39:46] 本次执行完成，将在5分钟后再次执行
[2025-04-13 12:39:46] --------------------------------------------
[2025-04-13 12:44:46] 开始新的迭代 - 2025-04-13 12:44:46
[2025-04-13 12:44:46] ================================================
[2025-04-13 12:44:46]       客服数据处理流程自动化脚本 v2.0 (后台定时版)
[2025-04-13 12:44:46] ================================================
[2025-04-13 12:44:46] 开始执行处理流程
[2025-04-13 12:44:46] === 步骤1: 从MySQL导出数据到TXT ===
[2025-04-13 12:44:46] 执行: python mysql_to_txt.py
开始从MySQL导出数据到文本文件...
连接尝试 1/3...
连接失败: 2003: Can't connect to MySQL server on 'localhost:13306' (61 Connection refused)
等待 5 秒后重试...
连接尝试 2/3...
连接失败: 2003: Can't connect to MySQL server on 'localhost:13306' (61 Connection refused)
等待 5 秒后重试...
连接尝试 3/3...
连接失败: 2003: Can't connect to MySQL server on 'localhost:13306' (61 Connection refused)
达到最大重试次数，放弃连接
Traceback (most recent call last):
  File "/Users/yangsan/Library/Python/3.7/lib/python/site-packages/mysql/connector/network.py", line 600, in open_connection
    self.sock.connect(sockaddr)
ConnectionRefusedError: [Errno 61] Connection refused

The above exception was the direct cause of the following exception:

Traceback (most recent call last):
  File "mysql_to_txt.py", line 215, in <module>
    main()
  File "mysql_to_txt.py", line 178, in main
    connection = connect_to_mysql_with_retry()
  File "mysql_to_txt.py", line 32, in connect_to_mysql_with_retry
    connection = mysql.connector.connect(**DB_CONFIG)
  File "/Users/yangsan/Library/Python/3.7/lib/python/site-packages/mysql/connector/pooling.py", line 294, in connect
    return MySQLConnection(*args, **kwargs)
  File "/Users/yangsan/Library/Python/3.7/lib/python/site-packages/mysql/connector/connection.py", line 164, in __init__
    self.connect(**kwargs)
  File "/Users/yangsan/Library/Python/3.7/lib/python/site-packages/mysql/connector/abstracts.py", line 1181, in connect
    self._open_connection()
  File "/Users/yangsan/Library/Python/3.7/lib/python/site-packages/mysql/connector/connection.py", line 570, in _open_connection
    self._socket.open_connection()
  File "/Users/yangsan/Library/Python/3.7/lib/python/site-packages/mysql/connector/network.py", line 609, in open_connection
    ) from err
mysql.connector.errors.InterfaceError: 2003: Can't connect to MySQL server on 'localhost:13306' (61 Connection refused)
[2025-04-13 12:44:57] ✗ MySQL数据导出失败，错误代码: 1
[2025-04-13 12:44:57] 本次执行完成，将在5分钟后再次执行
[2025-04-13 12:44:57] --------------------------------------------
[2025-04-13 12:49:57] 开始新的迭代 - 2025-04-13 12:49:57
[2025-04-13 12:49:57] ================================================
[2025-04-13 12:49:57]       客服数据处理流程自动化脚本 v2.0 (后台定时版)
[2025-04-13 12:49:57] ================================================
[2025-04-13 12:49:57] 开始执行处理流程
[2025-04-13 12:49:57] === 步骤1: 从MySQL导出数据到TXT ===
[2025-04-13 12:49:57] 执行: python mysql_to_txt.py
开始从MySQL导出数据到文本文件...
连接尝试 1/3...
连接失败: 2003: Can't connect to MySQL server on 'localhost:13306' (61 Connection refused)
等待 5 秒后重试...
连接尝试 2/3...
连接失败: 2003: Can't connect to MySQL server on 'localhost:13306' (61 Connection refused)
等待 5 秒后重试...
连接尝试 3/3...
连接失败: 2003: Can't connect to MySQL server on 'localhost:13306' (61 Connection refused)
达到最大重试次数，放弃连接
Traceback (most recent call last):
  File "/Users/yangsan/Library/Python/3.7/lib/python/site-packages/mysql/connector/network.py", line 600, in open_connection
    self.sock.connect(sockaddr)
ConnectionRefusedError: [Errno 61] Connection refused

The above exception was the direct cause of the following exception:

Traceback (most recent call last):
  File "mysql_to_txt.py", line 215, in <module>
    main()
  File "mysql_to_txt.py", line 178, in main
    connection = connect_to_mysql_with_retry()
  File "mysql_to_txt.py", line 32, in connect_to_mysql_with_retry
    connection = mysql.connector.connect(**DB_CONFIG)
  File "/Users/yangsan/Library/Python/3.7/lib/python/site-packages/mysql/connector/pooling.py", line 294, in connect
    return MySQLConnection(*args, **kwargs)
  File "/Users/yangsan/Library/Python/3.7/lib/python/site-packages/mysql/connector/connection.py", line 164, in __init__
    self.connect(**kwargs)
  File "/Users/yangsan/Library/Python/3.7/lib/python/site-packages/mysql/connector/abstracts.py", line 1181, in connect
    self._open_connection()
  File "/Users/yangsan/Library/Python/3.7/lib/python/site-packages/mysql/connector/connection.py", line 570, in _open_connection
    self._socket.open_connection()
  File "/Users/yangsan/Library/Python/3.7/lib/python/site-packages/mysql/connector/network.py", line 609, in open_connection
    ) from err
mysql.connector.errors.InterfaceError: 2003: Can't connect to MySQL server on 'localhost:13306' (61 Connection refused)
[2025-04-13 12:50:08] ✗ MySQL数据导出失败，错误代码: 1
[2025-04-13 12:50:08] 本次执行完成，将在5分钟后再次执行
[2025-04-13 12:50:08] --------------------------------------------
[2025-04-13 12:55:08] 开始新的迭代 - 2025-04-13 12:55:08
[2025-04-13 12:55:08] ================================================
[2025-04-13 12:55:08]       客服数据处理流程自动化脚本 v2.0 (后台定时版)
[2025-04-13 12:55:08] ================================================
[2025-04-13 12:55:08] 开始执行处理流程
[2025-04-13 12:55:08] === 步骤1: 从MySQL导出数据到TXT ===
[2025-04-13 12:55:08] 执行: python mysql_to_txt.py
开始从MySQL导出数据到文本文件...
连接尝试 1/3...
连接失败: 2003: Can't connect to MySQL server on 'localhost:13306' (61 Connection refused)
等待 5 秒后重试...
连接尝试 2/3...
连接失败: 2003: Can't connect to MySQL server on 'localhost:13306' (61 Connection refused)
等待 5 秒后重试...
连接尝试 3/3...
连接失败: 2003: Can't connect to MySQL server on 'localhost:13306' (61 Connection refused)
达到最大重试次数，放弃连接
Traceback (most recent call last):
  File "/Users/yangsan/Library/Python/3.7/lib/python/site-packages/mysql/connector/network.py", line 600, in open_connection
    self.sock.connect(sockaddr)
ConnectionRefusedError: [Errno 61] Connection refused

The above exception was the direct cause of the following exception:

Traceback (most recent call last):
  File "mysql_to_txt.py", line 215, in <module>
    main()
  File "mysql_to_txt.py", line 178, in main
    connection = connect_to_mysql_with_retry()
  File "mysql_to_txt.py", line 32, in connect_to_mysql_with_retry
    connection = mysql.connector.connect(**DB_CONFIG)
  File "/Users/yangsan/Library/Python/3.7/lib/python/site-packages/mysql/connector/pooling.py", line 294, in connect
    return MySQLConnection(*args, **kwargs)
  File "/Users/yangsan/Library/Python/3.7/lib/python/site-packages/mysql/connector/connection.py", line 164, in __init__
    self.connect(**kwargs)
  File "/Users/yangsan/Library/Python/3.7/lib/python/site-packages/mysql/connector/abstracts.py", line 1181, in connect
    self._open_connection()
  File "/Users/yangsan/Library/Python/3.7/lib/python/site-packages/mysql/connector/connection.py", line 570, in _open_connection
    self._socket.open_connection()
  File "/Users/yangsan/Library/Python/3.7/lib/python/site-packages/mysql/connector/network.py", line 609, in open_connection
    ) from err
mysql.connector.errors.InterfaceError: 2003: Can't connect to MySQL server on 'localhost:13306' (61 Connection refused)
[2025-04-13 12:55:18] ✗ MySQL数据导出失败，错误代码: 1
[2025-04-13 12:55:18] 本次执行完成，将在5分钟后再次执行
[2025-04-13 12:55:18] --------------------------------------------
[2025-04-13 13:00:18] 开始新的迭代 - 2025-04-13 13:00:18
[2025-04-13 13:00:18] ================================================
[2025-04-13 13:00:18]       客服数据处理流程自动化脚本 v2.0 (后台定时版)
[2025-04-13 13:00:18] ================================================
[2025-04-13 13:00:18] 开始执行处理流程
[2025-04-13 13:00:18] === 步骤1: 从MySQL导出数据到TXT ===
[2025-04-13 13:00:18] 执行: python mysql_to_txt.py
开始从MySQL导出数据到文本文件...
连接尝试 1/3...
连接失败: 2003: Can't connect to MySQL server on 'localhost:13306' (61 Connection refused)
等待 5 秒后重试...
连接尝试 2/3...
连接失败: 2003: Can't connect to MySQL server on 'localhost:13306' (61 Connection refused)
等待 5 秒后重试...
连接尝试 3/3...
连接失败: 2003: Can't connect to MySQL server on 'localhost:13306' (61 Connection refused)
达到最大重试次数，放弃连接
Traceback (most recent call last):
  File "/Users/yangsan/Library/Python/3.7/lib/python/site-packages/mysql/connector/network.py", line 600, in open_connection
    self.sock.connect(sockaddr)
ConnectionRefusedError: [Errno 61] Connection refused

The above exception was the direct cause of the following exception:

Traceback (most recent call last):
  File "mysql_to_txt.py", line 215, in <module>
    main()
  File "mysql_to_txt.py", line 178, in main
    connection = connect_to_mysql_with_retry()
  File "mysql_to_txt.py", line 32, in connect_to_mysql_with_retry
    connection = mysql.connector.connect(**DB_CONFIG)
  File "/Users/yangsan/Library/Python/3.7/lib/python/site-packages/mysql/connector/pooling.py", line 294, in connect
    return MySQLConnection(*args, **kwargs)
  File "/Users/yangsan/Library/Python/3.7/lib/python/site-packages/mysql/connector/connection.py", line 164, in __init__
    self.connect(**kwargs)
  File "/Users/yangsan/Library/Python/3.7/lib/python/site-packages/mysql/connector/abstracts.py", line 1181, in connect
    self._open_connection()
  File "/Users/yangsan/Library/Python/3.7/lib/python/site-packages/mysql/connector/connection.py", line 570, in _open_connection
    self._socket.open_connection()
  File "/Users/yangsan/Library/Python/3.7/lib/python/site-packages/mysql/connector/network.py", line 609, in open_connection
    ) from err
mysql.connector.errors.InterfaceError: 2003: Can't connect to MySQL server on 'localhost:13306' (61 Connection refused)
[2025-04-13 13:00:29] ✗ MySQL数据导出失败，错误代码: 1
[2025-04-13 13:00:29] 本次执行完成，将在5分钟后再次执行
[2025-04-13 13:00:29] --------------------------------------------
[2025-04-13 13:05:29] 开始新的迭代 - 2025-04-13 13:05:29
[2025-04-13 13:05:29] ================================================
[2025-04-13 13:05:29]       客服数据处理流程自动化脚本 v2.0 (后台定时版)
[2025-04-13 13:05:29] ================================================
[2025-04-13 13:05:29] 开始执行处理流程
[2025-04-13 13:05:29] === 步骤1: 从MySQL导出数据到TXT ===
[2025-04-13 13:05:29] 执行: python mysql_to_txt.py
开始从MySQL导出数据到文本文件...
连接尝试 1/3...
连接失败: 2003: Can't connect to MySQL server on 'localhost:13306' (61 Connection refused)
等待 5 秒后重试...
连接尝试 2/3...
连接失败: 2003: Can't connect to MySQL server on 'localhost:13306' (61 Connection refused)
等待 5 秒后重试...
连接尝试 3/3...
连接失败: 2003: Can't connect to MySQL server on 'localhost:13306' (61 Connection refused)
达到最大重试次数，放弃连接
Traceback (most recent call last):
  File "/Users/yangsan/Library/Python/3.7/lib/python/site-packages/mysql/connector/network.py", line 600, in open_connection
    self.sock.connect(sockaddr)
ConnectionRefusedError: [Errno 61] Connection refused

The above exception was the direct cause of the following exception:

Traceback (most recent call last):
  File "mysql_to_txt.py", line 215, in <module>
    main()
  File "mysql_to_txt.py", line 178, in main
    connection = connect_to_mysql_with_retry()
  File "mysql_to_txt.py", line 32, in connect_to_mysql_with_retry
    connection = mysql.connector.connect(**DB_CONFIG)
  File "/Users/yangsan/Library/Python/3.7/lib/python/site-packages/mysql/connector/pooling.py", line 294, in connect
    return MySQLConnection(*args, **kwargs)
  File "/Users/yangsan/Library/Python/3.7/lib/python/site-packages/mysql/connector/connection.py", line 164, in __init__
    self.connect(**kwargs)
  File "/Users/yangsan/Library/Python/3.7/lib/python/site-packages/mysql/connector/abstracts.py", line 1181, in connect
    self._open_connection()
  File "/Users/yangsan/Library/Python/3.7/lib/python/site-packages/mysql/connector/connection.py", line 570, in _open_connection
    self._socket.open_connection()
  File "/Users/yangsan/Library/Python/3.7/lib/python/site-packages/mysql/connector/network.py", line 609, in open_connection
    ) from err
mysql.connector.errors.InterfaceError: 2003: Can't connect to MySQL server on 'localhost:13306' (61 Connection refused)
[2025-04-13 13:05:39] ✗ MySQL数据导出失败，错误代码: 1
[2025-04-13 13:05:39] 本次执行完成，将在5分钟后再次执行
[2025-04-13 13:05:39] --------------------------------------------
[2025-04-13 13:10:39] 开始新的迭代 - 2025-04-13 13:10:39
[2025-04-13 13:10:39] ================================================
[2025-04-13 13:10:39]       客服数据处理流程自动化脚本 v2.0 (后台定时版)
[2025-04-13 13:10:39] ================================================
[2025-04-13 13:10:39] 开始执行处理流程
[2025-04-13 13:10:39] === 步骤1: 从MySQL导出数据到TXT ===
[2025-04-13 13:10:39] 执行: python mysql_to_txt.py
开始从MySQL导出数据到文本文件...
连接尝试 1/3...
连接失败: 2003: Can't connect to MySQL server on 'localhost:13306' (61 Connection refused)
等待 5 秒后重试...
连接尝试 2/3...
连接失败: 2003: Can't connect to MySQL server on 'localhost:13306' (61 Connection refused)
等待 5 秒后重试...
连接尝试 3/3...
连接失败: 2003: Can't connect to MySQL server on 'localhost:13306' (61 Connection refused)
达到最大重试次数，放弃连接
Traceback (most recent call last):
  File "/Users/yangsan/Library/Python/3.7/lib/python/site-packages/mysql/connector/network.py", line 600, in open_connection
    self.sock.connect(sockaddr)
ConnectionRefusedError: [Errno 61] Connection refused

The above exception was the direct cause of the following exception:

Traceback (most recent call last):
  File "mysql_to_txt.py", line 215, in <module>
    main()
  File "mysql_to_txt.py", line 178, in main
    connection = connect_to_mysql_with_retry()
  File "mysql_to_txt.py", line 32, in connect_to_mysql_with_retry
    connection = mysql.connector.connect(**DB_CONFIG)
  File "/Users/yangsan/Library/Python/3.7/lib/python/site-packages/mysql/connector/pooling.py", line 294, in connect
    return MySQLConnection(*args, **kwargs)
  File "/Users/yangsan/Library/Python/3.7/lib/python/site-packages/mysql/connector/connection.py", line 164, in __init__
    self.connect(**kwargs)
  File "/Users/yangsan/Library/Python/3.7/lib/python/site-packages/mysql/connector/abstracts.py", line 1181, in connect
    self._open_connection()
  File "/Users/yangsan/Library/Python/3.7/lib/python/site-packages/mysql/connector/connection.py", line 570, in _open_connection
    self._socket.open_connection()
  File "/Users/yangsan/Library/Python/3.7/lib/python/site-packages/mysql/connector/network.py", line 609, in open_connection
    ) from err
mysql.connector.errors.InterfaceError: 2003: Can't connect to MySQL server on 'localhost:13306' (61 Connection refused)
[2025-04-13 13:10:49] ✗ MySQL数据导出失败，错误代码: 1
[2025-04-13 13:10:49] 本次执行完成，将在5分钟后再次执行
[2025-04-13 13:10:49] --------------------------------------------
[2025-04-13 13:15:49] 开始新的迭代 - 2025-04-13 13:15:49
[2025-04-13 13:15:49] ================================================
[2025-04-13 13:15:49]       客服数据处理流程自动化脚本 v2.0 (后台定时版)
[2025-04-13 13:15:49] ================================================
[2025-04-13 13:15:49] 开始执行处理流程
[2025-04-13 13:15:49] === 步骤1: 从MySQL导出数据到TXT ===
[2025-04-13 13:15:49] 执行: python mysql_to_txt.py
开始从MySQL导出数据到文本文件...
连接尝试 1/3...
连接失败: 2003: Can't connect to MySQL server on 'localhost:13306' (61 Connection refused)
等待 5 秒后重试...
连接尝试 2/3...
连接失败: 2003: Can't connect to MySQL server on 'localhost:13306' (61 Connection refused)
等待 5 秒后重试...
连接尝试 3/3...
连接失败: 2003: Can't connect to MySQL server on 'localhost:13306' (61 Connection refused)
达到最大重试次数，放弃连接
Traceback (most recent call last):
  File "/Users/yangsan/Library/Python/3.7/lib/python/site-packages/mysql/connector/network.py", line 600, in open_connection
    self.sock.connect(sockaddr)
ConnectionRefusedError: [Errno 61] Connection refused

The above exception was the direct cause of the following exception:

Traceback (most recent call last):
  File "mysql_to_txt.py", line 215, in <module>
    main()
  File "mysql_to_txt.py", line 178, in main
    connection = connect_to_mysql_with_retry()
  File "mysql_to_txt.py", line 32, in connect_to_mysql_with_retry
    connection = mysql.connector.connect(**DB_CONFIG)
  File "/Users/yangsan/Library/Python/3.7/lib/python/site-packages/mysql/connector/pooling.py", line 294, in connect
    return MySQLConnection(*args, **kwargs)
  File "/Users/yangsan/Library/Python/3.7/lib/python/site-packages/mysql/connector/connection.py", line 164, in __init__
    self.connect(**kwargs)
  File "/Users/yangsan/Library/Python/3.7/lib/python/site-packages/mysql/connector/abstracts.py", line 1181, in connect
    self._open_connection()
  File "/Users/yangsan/Library/Python/3.7/lib/python/site-packages/mysql/connector/connection.py", line 570, in _open_connection
    self._socket.open_connection()
  File "/Users/yangsan/Library/Python/3.7/lib/python/site-packages/mysql/connector/network.py", line 609, in open_connection
    ) from err
mysql.connector.errors.InterfaceError: 2003: Can't connect to MySQL server on 'localhost:13306' (61 Connection refused)
[2025-04-13 13:16:00] ✗ MySQL数据导出失败，错误代码: 1
[2025-04-13 13:16:00] 本次执行完成，将在5分钟后再次执行
[2025-04-13 13:16:00] --------------------------------------------
[2025-04-13 13:21:00] 开始新的迭代 - 2025-04-13 13:21:00
[2025-04-13 13:21:00] ================================================
[2025-04-13 13:21:00]       客服数据处理流程自动化脚本 v2.0 (后台定时版)
[2025-04-13 13:21:00] ================================================
[2025-04-13 13:21:00] 开始执行处理流程
[2025-04-13 13:21:00] === 步骤1: 从MySQL导出数据到TXT ===
[2025-04-13 13:21:00] 执行: python mysql_to_txt.py
开始从MySQL导出数据到文本文件...
连接尝试 1/3...
连接失败: 2003: Can't connect to MySQL server on 'localhost:13306' (61 Connection refused)
等待 5 秒后重试...
连接尝试 2/3...
连接失败: 2003: Can't connect to MySQL server on 'localhost:13306' (61 Connection refused)
等待 5 秒后重试...
连接尝试 3/3...
连接失败: 2003: Can't connect to MySQL server on 'localhost:13306' (61 Connection refused)
达到最大重试次数，放弃连接
Traceback (most recent call last):
  File "/Users/yangsan/Library/Python/3.7/lib/python/site-packages/mysql/connector/network.py", line 600, in open_connection
    self.sock.connect(sockaddr)
ConnectionRefusedError: [Errno 61] Connection refused

The above exception was the direct cause of the following exception:

Traceback (most recent call last):
  File "mysql_to_txt.py", line 215, in <module>
    main()
  File "mysql_to_txt.py", line 178, in main
    connection = connect_to_mysql_with_retry()
  File "mysql_to_txt.py", line 32, in connect_to_mysql_with_retry
    connection = mysql.connector.connect(**DB_CONFIG)
  File "/Users/yangsan/Library/Python/3.7/lib/python/site-packages/mysql/connector/pooling.py", line 294, in connect
    return MySQLConnection(*args, **kwargs)
  File "/Users/yangsan/Library/Python/3.7/lib/python/site-packages/mysql/connector/connection.py", line 164, in __init__
    self.connect(**kwargs)
  File "/Users/yangsan/Library/Python/3.7/lib/python/site-packages/mysql/connector/abstracts.py", line 1181, in connect
    self._open_connection()
  File "/Users/yangsan/Library/Python/3.7/lib/python/site-packages/mysql/connector/connection.py", line 570, in _open_connection
    self._socket.open_connection()
  File "/Users/yangsan/Library/Python/3.7/lib/python/site-packages/mysql/connector/network.py", line 609, in open_connection
    ) from err
mysql.connector.errors.InterfaceError: 2003: Can't connect to MySQL server on 'localhost:13306' (61 Connection refused)
[2025-04-13 13:21:10] ✗ MySQL数据导出失败，错误代码: 1
[2025-04-13 13:21:10] 本次执行完成，将在5分钟后再次执行
[2025-04-13 13:21:10] --------------------------------------------
[2025-04-13 13:26:10] 开始新的迭代 - 2025-04-13 13:26:10
[2025-04-13 13:26:10] ================================================
[2025-04-13 13:26:10]       客服数据处理流程自动化脚本 v2.0 (后台定时版)
[2025-04-13 13:26:10] ================================================
[2025-04-13 13:26:10] 开始执行处理流程
[2025-04-13 13:26:10] === 步骤1: 从MySQL导出数据到TXT ===
[2025-04-13 13:26:10] 执行: python mysql_to_txt.py
开始从MySQL导出数据到文本文件...
连接尝试 1/3...
连接失败: 2003: Can't connect to MySQL server on 'localhost:13306' (61 Connection refused)
等待 5 秒后重试...
连接尝试 2/3...
连接失败: 2003: Can't connect to MySQL server on 'localhost:13306' (61 Connection refused)
等待 5 秒后重试...
连接尝试 3/3...
连接失败: 2003: Can't connect to MySQL server on 'localhost:13306' (61 Connection refused)
达到最大重试次数，放弃连接
Traceback (most recent call last):
  File "/Users/yangsan/Library/Python/3.7/lib/python/site-packages/mysql/connector/network.py", line 600, in open_connection
    self.sock.connect(sockaddr)
ConnectionRefusedError: [Errno 61] Connection refused

The above exception was the direct cause of the following exception:

Traceback (most recent call last):
  File "mysql_to_txt.py", line 215, in <module>
    main()
  File "mysql_to_txt.py", line 178, in main
    connection = connect_to_mysql_with_retry()
  File "mysql_to_txt.py", line 32, in connect_to_mysql_with_retry
    connection = mysql.connector.connect(**DB_CONFIG)
  File "/Users/yangsan/Library/Python/3.7/lib/python/site-packages/mysql/connector/pooling.py", line 294, in connect
    return MySQLConnection(*args, **kwargs)
  File "/Users/yangsan/Library/Python/3.7/lib/python/site-packages/mysql/connector/connection.py", line 164, in __init__
    self.connect(**kwargs)
  File "/Users/yangsan/Library/Python/3.7/lib/python/site-packages/mysql/connector/abstracts.py", line 1181, in connect
    self._open_connection()
  File "/Users/yangsan/Library/Python/3.7/lib/python/site-packages/mysql/connector/connection.py", line 570, in _open_connection
    self._socket.open_connection()
  File "/Users/yangsan/Library/Python/3.7/lib/python/site-packages/mysql/connector/network.py", line 609, in open_connection
    ) from err
mysql.connector.errors.InterfaceError: 2003: Can't connect to MySQL server on 'localhost:13306' (61 Connection refused)
[2025-04-13 13:26:21] ✗ MySQL数据导出失败，错误代码: 1
[2025-04-13 13:26:21] 本次执行完成，将在5分钟后再次执行
[2025-04-13 13:26:21] --------------------------------------------
[2025-04-13 13:31:21] 开始新的迭代 - 2025-04-13 13:31:21
[2025-04-13 13:31:21] ================================================
[2025-04-13 13:31:21]       客服数据处理流程自动化脚本 v2.0 (后台定时版)
[2025-04-13 13:31:21] ================================================
[2025-04-13 13:31:21] 开始执行处理流程
[2025-04-13 13:31:21] === 步骤1: 从MySQL导出数据到TXT ===
[2025-04-13 13:31:21] 执行: python mysql_to_txt.py
开始从MySQL导出数据到文本文件...
连接尝试 1/3...
连接失败: 2003: Can't connect to MySQL server on 'localhost:13306' (61 Connection refused)
等待 5 秒后重试...
连接尝试 2/3...
连接失败: 2003: Can't connect to MySQL server on 'localhost:13306' (61 Connection refused)
等待 5 秒后重试...
连接尝试 3/3...
连接失败: 2003: Can't connect to MySQL server on 'localhost:13306' (61 Connection refused)
达到最大重试次数，放弃连接
Traceback (most recent call last):
  File "/Users/yangsan/Library/Python/3.7/lib/python/site-packages/mysql/connector/network.py", line 600, in open_connection
    self.sock.connect(sockaddr)
ConnectionRefusedError: [Errno 61] Connection refused

The above exception was the direct cause of the following exception:

Traceback (most recent call last):
  File "mysql_to_txt.py", line 215, in <module>
    main()
  File "mysql_to_txt.py", line 178, in main
    connection = connect_to_mysql_with_retry()
  File "mysql_to_txt.py", line 32, in connect_to_mysql_with_retry
    connection = mysql.connector.connect(**DB_CONFIG)
  File "/Users/yangsan/Library/Python/3.7/lib/python/site-packages/mysql/connector/pooling.py", line 294, in connect
    return MySQLConnection(*args, **kwargs)
  File "/Users/yangsan/Library/Python/3.7/lib/python/site-packages/mysql/connector/connection.py", line 164, in __init__
    self.connect(**kwargs)
  File "/Users/yangsan/Library/Python/3.7/lib/python/site-packages/mysql/connector/abstracts.py", line 1181, in connect
    self._open_connection()
  File "/Users/yangsan/Library/Python/3.7/lib/python/site-packages/mysql/connector/connection.py", line 570, in _open_connection
    self._socket.open_connection()
  File "/Users/yangsan/Library/Python/3.7/lib/python/site-packages/mysql/connector/network.py", line 609, in open_connection
    ) from err
mysql.connector.errors.InterfaceError: 2003: Can't connect to MySQL server on 'localhost:13306' (61 Connection refused)
[2025-04-13 13:31:31] ✗ MySQL数据导出失败，错误代码: 1
[2025-04-13 13:31:31] 本次执行完成，将在5分钟后再次执行
[2025-04-13 13:31:31] --------------------------------------------
[2025-04-13 13:36:31] 开始新的迭代 - 2025-04-13 13:36:31
[2025-04-13 13:36:31] ================================================
[2025-04-13 13:36:31]       客服数据处理流程自动化脚本 v2.0 (后台定时版)
[2025-04-13 13:36:31] ================================================
[2025-04-13 13:36:31] 开始执行处理流程
[2025-04-13 13:36:31] === 步骤1: 从MySQL导出数据到TXT ===
[2025-04-13 13:36:31] 执行: python mysql_to_txt.py
开始从MySQL导出数据到文本文件...
连接尝试 1/3...
连接失败: 2003: Can't connect to MySQL server on 'localhost:13306' (61 Connection refused)
等待 5 秒后重试...
连接尝试 2/3...
连接失败: 2003: Can't connect to MySQL server on 'localhost:13306' (61 Connection refused)
等待 5 秒后重试...
连接尝试 3/3...
连接失败: 2003: Can't connect to MySQL server on 'localhost:13306' (61 Connection refused)
达到最大重试次数，放弃连接
Traceback (most recent call last):
  File "/Users/yangsan/Library/Python/3.7/lib/python/site-packages/mysql/connector/network.py", line 600, in open_connection
    self.sock.connect(sockaddr)
ConnectionRefusedError: [Errno 61] Connection refused

The above exception was the direct cause of the following exception:

Traceback (most recent call last):
  File "mysql_to_txt.py", line 215, in <module>
    main()
  File "mysql_to_txt.py", line 178, in main
    connection = connect_to_mysql_with_retry()
  File "mysql_to_txt.py", line 32, in connect_to_mysql_with_retry
    connection = mysql.connector.connect(**DB_CONFIG)
  File "/Users/yangsan/Library/Python/3.7/lib/python/site-packages/mysql/connector/pooling.py", line 294, in connect
    return MySQLConnection(*args, **kwargs)
  File "/Users/yangsan/Library/Python/3.7/lib/python/site-packages/mysql/connector/connection.py", line 164, in __init__
    self.connect(**kwargs)
  File "/Users/yangsan/Library/Python/3.7/lib/python/site-packages/mysql/connector/abstracts.py", line 1181, in connect
    self._open_connection()
  File "/Users/yangsan/Library/Python/3.7/lib/python/site-packages/mysql/connector/connection.py", line 570, in _open_connection
    self._socket.open_connection()
  File "/Users/yangsan/Library/Python/3.7/lib/python/site-packages/mysql/connector/network.py", line 609, in open_connection
    ) from err
mysql.connector.errors.InterfaceError: 2003: Can't connect to MySQL server on 'localhost:13306' (61 Connection refused)
[2025-04-13 13:36:42] ✗ MySQL数据导出失败，错误代码: 1
[2025-04-13 13:36:42] 本次执行完成，将在5分钟后再次执行
[2025-04-13 13:36:42] --------------------------------------------
[2025-04-13 13:41:42] 开始新的迭代 - 2025-04-13 13:41:42
[2025-04-13 13:41:42] ================================================
[2025-04-13 13:41:42]       客服数据处理流程自动化脚本 v2.0 (后台定时版)
[2025-04-13 13:41:42] ================================================
[2025-04-13 13:41:42] 开始执行处理流程
[2025-04-13 13:41:42] === 步骤1: 从MySQL导出数据到TXT ===
[2025-04-13 13:41:42] 执行: python mysql_to_txt.py
开始从MySQL导出数据到文本文件...
连接尝试 1/3...
连接失败: 2003: Can't connect to MySQL server on 'localhost:13306' (61 Connection refused)
等待 5 秒后重试...
连接尝试 2/3...
连接失败: 2003: Can't connect to MySQL server on 'localhost:13306' (61 Connection refused)
等待 5 秒后重试...
连接尝试 3/3...
连接失败: 2003: Can't connect to MySQL server on 'localhost:13306' (61 Connection refused)
达到最大重试次数，放弃连接
Traceback (most recent call last):
  File "/Users/yangsan/Library/Python/3.7/lib/python/site-packages/mysql/connector/network.py", line 600, in open_connection
    self.sock.connect(sockaddr)
ConnectionRefusedError: [Errno 61] Connection refused

The above exception was the direct cause of the following exception:

Traceback (most recent call last):
  File "mysql_to_txt.py", line 215, in <module>
    main()
  File "mysql_to_txt.py", line 178, in main
    connection = connect_to_mysql_with_retry()
  File "mysql_to_txt.py", line 32, in connect_to_mysql_with_retry
    connection = mysql.connector.connect(**DB_CONFIG)
  File "/Users/yangsan/Library/Python/3.7/lib/python/site-packages/mysql/connector/pooling.py", line 294, in connect
    return MySQLConnection(*args, **kwargs)
  File "/Users/yangsan/Library/Python/3.7/lib/python/site-packages/mysql/connector/connection.py", line 164, in __init__
    self.connect(**kwargs)
  File "/Users/yangsan/Library/Python/3.7/lib/python/site-packages/mysql/connector/abstracts.py", line 1181, in connect
    self._open_connection()
  File "/Users/yangsan/Library/Python/3.7/lib/python/site-packages/mysql/connector/connection.py", line 570, in _open_connection
    self._socket.open_connection()
  File "/Users/yangsan/Library/Python/3.7/lib/python/site-packages/mysql/connector/network.py", line 609, in open_connection
    ) from err
mysql.connector.errors.InterfaceError: 2003: Can't connect to MySQL server on 'localhost:13306' (61 Connection refused)
[2025-04-13 13:41:52] ✗ MySQL数据导出失败，错误代码: 1
[2025-04-13 13:41:52] 本次执行完成，将在5分钟后再次执行
[2025-04-13 13:41:52] --------------------------------------------
[2025-04-13 13:46:52] 开始新的迭代 - 2025-04-13 13:46:52
[2025-04-13 13:46:52] ================================================
[2025-04-13 13:46:52]       客服数据处理流程自动化脚本 v2.0 (后台定时版)
[2025-04-13 13:46:52] ================================================
[2025-04-13 13:46:52] 开始执行处理流程
[2025-04-13 13:46:52] === 步骤1: 从MySQL导出数据到TXT ===
[2025-04-13 13:46:52] 执行: python mysql_to_txt.py
开始从MySQL导出数据到文本文件...
连接尝试 1/3...
连接失败: 2003: Can't connect to MySQL server on 'localhost:13306' (61 Connection refused)
等待 5 秒后重试...
连接尝试 2/3...
连接失败: 2003: Can't connect to MySQL server on 'localhost:13306' (61 Connection refused)
等待 5 秒后重试...
连接尝试 3/3...
连接失败: 2003: Can't connect to MySQL server on 'localhost:13306' (61 Connection refused)
达到最大重试次数，放弃连接
Traceback (most recent call last):
  File "/Users/yangsan/Library/Python/3.7/lib/python/site-packages/mysql/connector/network.py", line 600, in open_connection
    self.sock.connect(sockaddr)
ConnectionRefusedError: [Errno 61] Connection refused

The above exception was the direct cause of the following exception:

Traceback (most recent call last):
  File "mysql_to_txt.py", line 215, in <module>
    main()
  File "mysql_to_txt.py", line 178, in main
    connection = connect_to_mysql_with_retry()
  File "mysql_to_txt.py", line 32, in connect_to_mysql_with_retry
    connection = mysql.connector.connect(**DB_CONFIG)
  File "/Users/yangsan/Library/Python/3.7/lib/python/site-packages/mysql/connector/pooling.py", line 294, in connect
    return MySQLConnection(*args, **kwargs)
  File "/Users/yangsan/Library/Python/3.7/lib/python/site-packages/mysql/connector/connection.py", line 164, in __init__
    self.connect(**kwargs)
  File "/Users/yangsan/Library/Python/3.7/lib/python/site-packages/mysql/connector/abstracts.py", line 1181, in connect
    self._open_connection()
  File "/Users/yangsan/Library/Python/3.7/lib/python/site-packages/mysql/connector/connection.py", line 570, in _open_connection
    self._socket.open_connection()
  File "/Users/yangsan/Library/Python/3.7/lib/python/site-packages/mysql/connector/network.py", line 609, in open_connection
    ) from err
mysql.connector.errors.InterfaceError: 2003: Can't connect to MySQL server on 'localhost:13306' (61 Connection refused)
[2025-04-13 13:47:02] ✗ MySQL数据导出失败，错误代码: 1
[2025-04-13 13:47:02] 本次执行完成，将在5分钟后再次执行
[2025-04-13 13:47:02] --------------------------------------------
[2025-04-13 13:52:02] 开始新的迭代 - 2025-04-13 13:52:02
[2025-04-13 13:52:02] ================================================
[2025-04-13 13:52:02]       客服数据处理流程自动化脚本 v2.0 (后台定时版)
[2025-04-13 13:52:02] ================================================
[2025-04-13 13:52:02] 开始执行处理流程
[2025-04-13 13:52:02] === 步骤1: 从MySQL导出数据到TXT ===
[2025-04-13 13:52:02] 执行: python mysql_to_txt.py
开始从MySQL导出数据到文本文件...
连接尝试 1/3...
连接失败: 2003: Can't connect to MySQL server on 'localhost:13306' (61 Connection refused)
等待 5 秒后重试...
连接尝试 2/3...
连接失败: 2003: Can't connect to MySQL server on 'localhost:13306' (61 Connection refused)
等待 5 秒后重试...
连接尝试 3/3...
连接失败: 2003: Can't connect to MySQL server on 'localhost:13306' (61 Connection refused)
达到最大重试次数，放弃连接
Traceback (most recent call last):
  File "/Users/yangsan/Library/Python/3.7/lib/python/site-packages/mysql/connector/network.py", line 600, in open_connection
    self.sock.connect(sockaddr)
ConnectionRefusedError: [Errno 61] Connection refused

The above exception was the direct cause of the following exception:

Traceback (most recent call last):
  File "mysql_to_txt.py", line 215, in <module>
    main()
  File "mysql_to_txt.py", line 178, in main
    connection = connect_to_mysql_with_retry()
  File "mysql_to_txt.py", line 32, in connect_to_mysql_with_retry
    connection = mysql.connector.connect(**DB_CONFIG)
  File "/Users/yangsan/Library/Python/3.7/lib/python/site-packages/mysql/connector/pooling.py", line 294, in connect
    return MySQLConnection(*args, **kwargs)
  File "/Users/yangsan/Library/Python/3.7/lib/python/site-packages/mysql/connector/connection.py", line 164, in __init__
    self.connect(**kwargs)
  File "/Users/yangsan/Library/Python/3.7/lib/python/site-packages/mysql/connector/abstracts.py", line 1181, in connect
    self._open_connection()
  File "/Users/yangsan/Library/Python/3.7/lib/python/site-packages/mysql/connector/connection.py", line 570, in _open_connection
    self._socket.open_connection()
  File "/Users/yangsan/Library/Python/3.7/lib/python/site-packages/mysql/connector/network.py", line 609, in open_connection
    ) from err
mysql.connector.errors.InterfaceError: 2003: Can't connect to MySQL server on 'localhost:13306' (61 Connection refused)
[2025-04-13 13:52:13] ✗ MySQL数据导出失败，错误代码: 1
[2025-04-13 13:52:13] 本次执行完成，将在5分钟后再次执行
[2025-04-13 13:52:13] --------------------------------------------
[2025-04-13 13:57:13] 开始新的迭代 - 2025-04-13 13:57:13
[2025-04-13 13:57:13] ================================================
[2025-04-13 13:57:13]       客服数据处理流程自动化脚本 v2.0 (后台定时版)
[2025-04-13 13:57:13] ================================================
[2025-04-13 13:57:13] 开始执行处理流程
[2025-04-13 13:57:13] === 步骤1: 从MySQL导出数据到TXT ===
[2025-04-13 13:57:13] 执行: python mysql_to_txt.py
开始从MySQL导出数据到文本文件...
连接尝试 1/3...
连接失败: 2003: Can't connect to MySQL server on 'localhost:13306' (61 Connection refused)
等待 5 秒后重试...
连接尝试 2/3...
连接失败: 2003: Can't connect to MySQL server on 'localhost:13306' (61 Connection refused)
等待 5 秒后重试...
连接尝试 3/3...
连接失败: 2003: Can't connect to MySQL server on 'localhost:13306' (61 Connection refused)
达到最大重试次数，放弃连接
Traceback (most recent call last):
  File "/Users/yangsan/Library/Python/3.7/lib/python/site-packages/mysql/connector/network.py", line 600, in open_connection
    self.sock.connect(sockaddr)
ConnectionRefusedError: [Errno 61] Connection refused

The above exception was the direct cause of the following exception:

Traceback (most recent call last):
  File "mysql_to_txt.py", line 215, in <module>
    main()
  File "mysql_to_txt.py", line 178, in main
    connection = connect_to_mysql_with_retry()
  File "mysql_to_txt.py", line 32, in connect_to_mysql_with_retry
    connection = mysql.connector.connect(**DB_CONFIG)
  File "/Users/yangsan/Library/Python/3.7/lib/python/site-packages/mysql/connector/pooling.py", line 294, in connect
    return MySQLConnection(*args, **kwargs)
  File "/Users/yangsan/Library/Python/3.7/lib/python/site-packages/mysql/connector/connection.py", line 164, in __init__
    self.connect(**kwargs)
  File "/Users/yangsan/Library/Python/3.7/lib/python/site-packages/mysql/connector/abstracts.py", line 1181, in connect
    self._open_connection()
  File "/Users/yangsan/Library/Python/3.7/lib/python/site-packages/mysql/connector/connection.py", line 570, in _open_connection
    self._socket.open_connection()
  File "/Users/yangsan/Library/Python/3.7/lib/python/site-packages/mysql/connector/network.py", line 609, in open_connection
    ) from err
mysql.connector.errors.InterfaceError: 2003: Can't connect to MySQL server on 'localhost:13306' (61 Connection refused)
[2025-04-13 13:57:23] ✗ MySQL数据导出失败，错误代码: 1
[2025-04-13 13:57:23] 本次执行完成，将在5分钟后再次执行
[2025-04-13 13:57:23] --------------------------------------------
[2025-04-13 14:02:23] 开始新的迭代 - 2025-04-13 14:02:23
[2025-04-13 14:02:23] ================================================
[2025-04-13 14:02:23]       客服数据处理流程自动化脚本 v2.0 (后台定时版)
[2025-04-13 14:02:23] ================================================
[2025-04-13 14:02:23] 开始执行处理流程
[2025-04-13 14:02:23] === 步骤1: 从MySQL导出数据到TXT ===
[2025-04-13 14:02:23] 执行: python mysql_to_txt.py
开始从MySQL导出数据到文本文件...
连接尝试 1/3...
连接失败: 2003: Can't connect to MySQL server on 'localhost:13306' (61 Connection refused)
等待 5 秒后重试...
连接尝试 2/3...
连接失败: 2003: Can't connect to MySQL server on 'localhost:13306' (61 Connection refused)
等待 5 秒后重试...
连接尝试 3/3...
连接失败: 2003: Can't connect to MySQL server on 'localhost:13306' (61 Connection refused)
达到最大重试次数，放弃连接
Traceback (most recent call last):
  File "/Users/yangsan/Library/Python/3.7/lib/python/site-packages/mysql/connector/network.py", line 600, in open_connection
    self.sock.connect(sockaddr)
ConnectionRefusedError: [Errno 61] Connection refused

The above exception was the direct cause of the following exception:

Traceback (most recent call last):
  File "mysql_to_txt.py", line 215, in <module>
    main()
  File "mysql_to_txt.py", line 178, in main
    connection = connect_to_mysql_with_retry()
  File "mysql_to_txt.py", line 32, in connect_to_mysql_with_retry
    connection = mysql.connector.connect(**DB_CONFIG)
  File "/Users/yangsan/Library/Python/3.7/lib/python/site-packages/mysql/connector/pooling.py", line 294, in connect
    return MySQLConnection(*args, **kwargs)
  File "/Users/yangsan/Library/Python/3.7/lib/python/site-packages/mysql/connector/connection.py", line 164, in __init__
    self.connect(**kwargs)
  File "/Users/yangsan/Library/Python/3.7/lib/python/site-packages/mysql/connector/abstracts.py", line 1181, in connect
    self._open_connection()
  File "/Users/yangsan/Library/Python/3.7/lib/python/site-packages/mysql/connector/connection.py", line 570, in _open_connection
    self._socket.open_connection()
  File "/Users/yangsan/Library/Python/3.7/lib/python/site-packages/mysql/connector/network.py", line 609, in open_connection
    ) from err
mysql.connector.errors.InterfaceError: 2003: Can't connect to MySQL server on 'localhost:13306' (61 Connection refused)
[2025-04-13 14:02:34] ✗ MySQL数据导出失败，错误代码: 1
[2025-04-13 14:02:34] 本次执行完成，将在5分钟后再次执行
[2025-04-13 14:02:34] --------------------------------------------
[2025-04-13 14:07:34] 开始新的迭代 - 2025-04-13 14:07:34
[2025-04-13 14:07:34] ================================================
[2025-04-13 14:07:34]       客服数据处理流程自动化脚本 v2.0 (后台定时版)
[2025-04-13 14:07:34] ================================================
[2025-04-13 14:07:34] 开始执行处理流程
[2025-04-13 14:07:34] === 步骤1: 从MySQL导出数据到TXT ===
[2025-04-13 14:07:34] 执行: python mysql_to_txt.py
开始从MySQL导出数据到文本文件...
连接尝试 1/3...
连接失败: 2003: Can't connect to MySQL server on 'localhost:13306' (61 Connection refused)
等待 5 秒后重试...
连接尝试 2/3...
连接失败: 2003: Can't connect to MySQL server on 'localhost:13306' (61 Connection refused)
等待 5 秒后重试...
连接尝试 3/3...
连接失败: 2003: Can't connect to MySQL server on 'localhost:13306' (61 Connection refused)
达到最大重试次数，放弃连接
Traceback (most recent call last):
  File "/Users/yangsan/Library/Python/3.7/lib/python/site-packages/mysql/connector/network.py", line 600, in open_connection
    self.sock.connect(sockaddr)
ConnectionRefusedError: [Errno 61] Connection refused

The above exception was the direct cause of the following exception:

Traceback (most recent call last):
  File "mysql_to_txt.py", line 215, in <module>
    main()
  File "mysql_to_txt.py", line 178, in main
    connection = connect_to_mysql_with_retry()
  File "mysql_to_txt.py", line 32, in connect_to_mysql_with_retry
    connection = mysql.connector.connect(**DB_CONFIG)
  File "/Users/yangsan/Library/Python/3.7/lib/python/site-packages/mysql/connector/pooling.py", line 294, in connect
    return MySQLConnection(*args, **kwargs)
  File "/Users/yangsan/Library/Python/3.7/lib/python/site-packages/mysql/connector/connection.py", line 164, in __init__
    self.connect(**kwargs)
  File "/Users/yangsan/Library/Python/3.7/lib/python/site-packages/mysql/connector/abstracts.py", line 1181, in connect
    self._open_connection()
  File "/Users/yangsan/Library/Python/3.7/lib/python/site-packages/mysql/connector/connection.py", line 570, in _open_connection
    self._socket.open_connection()
  File "/Users/yangsan/Library/Python/3.7/lib/python/site-packages/mysql/connector/network.py", line 609, in open_connection
    ) from err
mysql.connector.errors.InterfaceError: 2003: Can't connect to MySQL server on 'localhost:13306' (61 Connection refused)
[2025-04-13 14:07:44] ✗ MySQL数据导出失败，错误代码: 1
[2025-04-13 14:07:44] 本次执行完成，将在5分钟后再次执行
[2025-04-13 14:07:44] --------------------------------------------
[2025-04-13 14:12:44] 开始新的迭代 - 2025-04-13 14:12:44
[2025-04-13 14:12:44] ================================================
[2025-04-13 14:12:44]       客服数据处理流程自动化脚本 v2.0 (后台定时版)
[2025-04-13 14:12:44] ================================================
[2025-04-13 14:12:44] 开始执行处理流程
[2025-04-13 14:12:44] === 步骤1: 从MySQL导出数据到TXT ===
[2025-04-13 14:12:44] 执行: python mysql_to_txt.py
开始从MySQL导出数据到文本文件...
连接尝试 1/3...
连接失败: 2003: Can't connect to MySQL server on 'localhost:13306' (61 Connection refused)
等待 5 秒后重试...
连接尝试 2/3...
连接失败: 2003: Can't connect to MySQL server on 'localhost:13306' (61 Connection refused)
等待 5 秒后重试...
连接尝试 3/3...
连接失败: 2003: Can't connect to MySQL server on 'localhost:13306' (61 Connection refused)
达到最大重试次数，放弃连接
Traceback (most recent call last):
  File "/Users/yangsan/Library/Python/3.7/lib/python/site-packages/mysql/connector/network.py", line 600, in open_connection
    self.sock.connect(sockaddr)
ConnectionRefusedError: [Errno 61] Connection refused

The above exception was the direct cause of the following exception:

Traceback (most recent call last):
  File "mysql_to_txt.py", line 215, in <module>
    main()
  File "mysql_to_txt.py", line 178, in main
    connection = connect_to_mysql_with_retry()
  File "mysql_to_txt.py", line 32, in connect_to_mysql_with_retry
    connection = mysql.connector.connect(**DB_CONFIG)
  File "/Users/yangsan/Library/Python/3.7/lib/python/site-packages/mysql/connector/pooling.py", line 294, in connect
    return MySQLConnection(*args, **kwargs)
  File "/Users/yangsan/Library/Python/3.7/lib/python/site-packages/mysql/connector/connection.py", line 164, in __init__
    self.connect(**kwargs)
  File "/Users/yangsan/Library/Python/3.7/lib/python/site-packages/mysql/connector/abstracts.py", line 1181, in connect
    self._open_connection()
  File "/Users/yangsan/Library/Python/3.7/lib/python/site-packages/mysql/connector/connection.py", line 570, in _open_connection
    self._socket.open_connection()
  File "/Users/yangsan/Library/Python/3.7/lib/python/site-packages/mysql/connector/network.py", line 609, in open_connection
    ) from err
mysql.connector.errors.InterfaceError: 2003: Can't connect to MySQL server on 'localhost:13306' (61 Connection refused)
[2025-04-13 14:12:54] ✗ MySQL数据导出失败，错误代码: 1
[2025-04-13 14:12:54] 本次执行完成，将在5分钟后再次执行
[2025-04-13 14:12:54] --------------------------------------------
[2025-04-13 14:17:54] 开始新的迭代 - 2025-04-13 14:17:54
[2025-04-13 14:17:54] ================================================
[2025-04-13 14:17:54]       客服数据处理流程自动化脚本 v2.0 (后台定时版)
[2025-04-13 14:17:54] ================================================
[2025-04-13 14:17:54] 开始执行处理流程
[2025-04-13 14:17:54] === 步骤1: 从MySQL导出数据到TXT ===
[2025-04-13 14:17:54] 执行: python mysql_to_txt.py
开始从MySQL导出数据到文本文件...
连接尝试 1/3...
连接失败: 2003: Can't connect to MySQL server on 'localhost:13306' (61 Connection refused)
等待 5 秒后重试...
连接尝试 2/3...
连接失败: 2003: Can't connect to MySQL server on 'localhost:13306' (61 Connection refused)
等待 5 秒后重试...
连接尝试 3/3...
连接失败: 2003: Can't connect to MySQL server on 'localhost:13306' (61 Connection refused)
达到最大重试次数，放弃连接
Traceback (most recent call last):
  File "/Users/yangsan/Library/Python/3.7/lib/python/site-packages/mysql/connector/network.py", line 600, in open_connection
    self.sock.connect(sockaddr)
ConnectionRefusedError: [Errno 61] Connection refused

The above exception was the direct cause of the following exception:

Traceback (most recent call last):
  File "mysql_to_txt.py", line 215, in <module>
    main()
  File "mysql_to_txt.py", line 178, in main
    connection = connect_to_mysql_with_retry()
  File "mysql_to_txt.py", line 32, in connect_to_mysql_with_retry
    connection = mysql.connector.connect(**DB_CONFIG)
  File "/Users/yangsan/Library/Python/3.7/lib/python/site-packages/mysql/connector/pooling.py", line 294, in connect
    return MySQLConnection(*args, **kwargs)
  File "/Users/yangsan/Library/Python/3.7/lib/python/site-packages/mysql/connector/connection.py", line 164, in __init__
    self.connect(**kwargs)
  File "/Users/yangsan/Library/Python/3.7/lib/python/site-packages/mysql/connector/abstracts.py", line 1181, in connect
    self._open_connection()
  File "/Users/yangsan/Library/Python/3.7/lib/python/site-packages/mysql/connector/connection.py", line 570, in _open_connection
    self._socket.open_connection()
  File "/Users/yangsan/Library/Python/3.7/lib/python/site-packages/mysql/connector/network.py", line 609, in open_connection
    ) from err
mysql.connector.errors.InterfaceError: 2003: Can't connect to MySQL server on 'localhost:13306' (61 Connection refused)
[2025-04-13 14:18:05] ✗ MySQL数据导出失败，错误代码: 1
[2025-04-13 14:18:05] 本次执行完成，将在5分钟后再次执行
[2025-04-13 14:18:05] --------------------------------------------
[2025-04-13 14:23:05] 开始新的迭代 - 2025-04-13 14:23:05
[2025-04-13 14:23:05] ================================================
[2025-04-13 14:23:05]       客服数据处理流程自动化脚本 v2.0 (后台定时版)
[2025-04-13 14:23:05] ================================================
[2025-04-13 14:23:05] 开始执行处理流程
[2025-04-13 14:23:05] === 步骤1: 从MySQL导出数据到TXT ===
[2025-04-13 14:23:05] 执行: python mysql_to_txt.py
开始从MySQL导出数据到文本文件...
连接尝试 1/3...
连接失败: 2003: Can't connect to MySQL server on 'localhost:13306' (61 Connection refused)
等待 5 秒后重试...
连接尝试 2/3...
连接失败: 2003: Can't connect to MySQL server on 'localhost:13306' (61 Connection refused)
等待 5 秒后重试...
连接尝试 3/3...
连接失败: 2003: Can't connect to MySQL server on 'localhost:13306' (61 Connection refused)
达到最大重试次数，放弃连接
Traceback (most recent call last):
  File "/Users/yangsan/Library/Python/3.7/lib/python/site-packages/mysql/connector/network.py", line 600, in open_connection
    self.sock.connect(sockaddr)
ConnectionRefusedError: [Errno 61] Connection refused

The above exception was the direct cause of the following exception:

Traceback (most recent call last):
  File "mysql_to_txt.py", line 215, in <module>
    main()
  File "mysql_to_txt.py", line 178, in main
    connection = connect_to_mysql_with_retry()
  File "mysql_to_txt.py", line 32, in connect_to_mysql_with_retry
    connection = mysql.connector.connect(**DB_CONFIG)
  File "/Users/yangsan/Library/Python/3.7/lib/python/site-packages/mysql/connector/pooling.py", line 294, in connect
    return MySQLConnection(*args, **kwargs)
  File "/Users/yangsan/Library/Python/3.7/lib/python/site-packages/mysql/connector/connection.py", line 164, in __init__
    self.connect(**kwargs)
  File "/Users/yangsan/Library/Python/3.7/lib/python/site-packages/mysql/connector/abstracts.py", line 1181, in connect
    self._open_connection()
  File "/Users/yangsan/Library/Python/3.7/lib/python/site-packages/mysql/connector/connection.py", line 570, in _open_connection
    self._socket.open_connection()
  File "/Users/yangsan/Library/Python/3.7/lib/python/site-packages/mysql/connector/network.py", line 609, in open_connection
    ) from err
mysql.connector.errors.InterfaceError: 2003: Can't connect to MySQL server on 'localhost:13306' (61 Connection refused)
[2025-04-13 14:23:15] ✗ MySQL数据导出失败，错误代码: 1
[2025-04-13 14:23:15] 本次执行完成，将在5分钟后再次执行
[2025-04-13 14:23:15] --------------------------------------------
[2025-04-13 14:58:20] 开始新的迭代 - 2025-04-13 14:58:20
[2025-04-13 14:58:20] ================================================
[2025-04-13 14:58:20]       客服数据处理流程自动化脚本 v2.0 (后台定时版)
[2025-04-13 14:58:20] ================================================
[2025-04-13 14:58:20] 开始执行处理流程
[2025-04-13 14:58:20] === 步骤1: 从MySQL导出数据到TXT ===
[2025-04-13 14:58:20] 执行: python mysql_to_txt.py
开始从MySQL导出数据到文本文件...
连接尝试 1/3...
连接失败: 2003: Can't connect to MySQL server on 'localhost:13306' (61 Connection refused)
等待 5 秒后重试...
连接尝试 2/3...
连接失败: 2003: Can't connect to MySQL server on 'localhost:13306' (61 Connection refused)
等待 5 秒后重试...
连接尝试 3/3...
连接失败: 2003: Can't connect to MySQL server on 'localhost:13306' (61 Connection refused)
达到最大重试次数，放弃连接
Traceback (most recent call last):
  File "/Users/yangsan/Library/Python/3.7/lib/python/site-packages/mysql/connector/network.py", line 600, in open_connection
    self.sock.connect(sockaddr)
ConnectionRefusedError: [Errno 61] Connection refused

The above exception was the direct cause of the following exception:

Traceback (most recent call last):
  File "mysql_to_txt.py", line 215, in <module>
    main()
  File "mysql_to_txt.py", line 178, in main
    connection = connect_to_mysql_with_retry()
  File "mysql_to_txt.py", line 32, in connect_to_mysql_with_retry
    connection = mysql.connector.connect(**DB_CONFIG)
  File "/Users/yangsan/Library/Python/3.7/lib/python/site-packages/mysql/connector/pooling.py", line 294, in connect
    return MySQLConnection(*args, **kwargs)
  File "/Users/yangsan/Library/Python/3.7/lib/python/site-packages/mysql/connector/connection.py", line 164, in __init__
    self.connect(**kwargs)
  File "/Users/yangsan/Library/Python/3.7/lib/python/site-packages/mysql/connector/abstracts.py", line 1181, in connect
    self._open_connection()
  File "/Users/yangsan/Library/Python/3.7/lib/python/site-packages/mysql/connector/connection.py", line 570, in _open_connection
    self._socket.open_connection()
  File "/Users/yangsan/Library/Python/3.7/lib/python/site-packages/mysql/connector/network.py", line 609, in open_connection
    ) from err
mysql.connector.errors.InterfaceError: 2003: Can't connect to MySQL server on 'localhost:13306' (61 Connection refused)
[2025-04-13 14:58:31] ✗ MySQL数据导出失败，错误代码: 1
[2025-04-13 14:58:31] 本次执行完成，将在5分钟后再次执行
[2025-04-13 14:58:31] --------------------------------------------
[2025-04-13 15:03:31] 开始新的迭代 - 2025-04-13 15:03:31
[2025-04-13 15:03:31] ================================================
[2025-04-13 15:03:31]       客服数据处理流程自动化脚本 v2.0 (后台定时版)
[2025-04-13 15:03:31] ================================================
[2025-04-13 15:03:31] 开始执行处理流程
[2025-04-13 15:03:31] === 步骤1: 从MySQL导出数据到TXT ===
[2025-04-13 15:03:31] 执行: python mysql_to_txt.py
开始从MySQL导出数据到文本文件...
连接尝试 1/3...
连接失败: 2003: Can't connect to MySQL server on 'localhost:13306' (61 Connection refused)
等待 5 秒后重试...
连接尝试 2/3...
连接失败: 2003: Can't connect to MySQL server on 'localhost:13306' (61 Connection refused)
等待 5 秒后重试...
连接尝试 3/3...
连接失败: 2003: Can't connect to MySQL server on 'localhost:13306' (61 Connection refused)
达到最大重试次数，放弃连接
Traceback (most recent call last):
  File "/Users/yangsan/Library/Python/3.7/lib/python/site-packages/mysql/connector/network.py", line 600, in open_connection
    self.sock.connect(sockaddr)
ConnectionRefusedError: [Errno 61] Connection refused

The above exception was the direct cause of the following exception:

Traceback (most recent call last):
  File "mysql_to_txt.py", line 215, in <module>
    main()
  File "mysql_to_txt.py", line 178, in main
    connection = connect_to_mysql_with_retry()
  File "mysql_to_txt.py", line 32, in connect_to_mysql_with_retry
    connection = mysql.connector.connect(**DB_CONFIG)
  File "/Users/yangsan/Library/Python/3.7/lib/python/site-packages/mysql/connector/pooling.py", line 294, in connect
    return MySQLConnection(*args, **kwargs)
  File "/Users/yangsan/Library/Python/3.7/lib/python/site-packages/mysql/connector/connection.py", line 164, in __init__
    self.connect(**kwargs)
  File "/Users/yangsan/Library/Python/3.7/lib/python/site-packages/mysql/connector/abstracts.py", line 1181, in connect
    self._open_connection()
  File "/Users/yangsan/Library/Python/3.7/lib/python/site-packages/mysql/connector/connection.py", line 570, in _open_connection
    self._socket.open_connection()
  File "/Users/yangsan/Library/Python/3.7/lib/python/site-packages/mysql/connector/network.py", line 609, in open_connection
    ) from err
mysql.connector.errors.InterfaceError: 2003: Can't connect to MySQL server on 'localhost:13306' (61 Connection refused)
[2025-04-13 15:03:41] ✗ MySQL数据导出失败，错误代码: 1
[2025-04-13 15:03:41] 本次执行完成，将在5分钟后再次执行
[2025-04-13 15:03:41] --------------------------------------------
[2025-04-13 15:08:41] 开始新的迭代 - 2025-04-13 15:08:41
[2025-04-13 15:08:41] ================================================
[2025-04-13 15:08:41]       客服数据处理流程自动化脚本 v2.0 (后台定时版)
[2025-04-13 15:08:41] ================================================
[2025-04-13 15:08:41] 开始执行处理流程
[2025-04-13 15:08:41] === 步骤1: 从MySQL导出数据到TXT ===
[2025-04-13 15:08:41] 执行: python mysql_to_txt.py
开始从MySQL导出数据到文本文件...
连接尝试 1/3...
连接失败: 2003: Can't connect to MySQL server on 'localhost:13306' (61 Connection refused)
等待 5 秒后重试...
连接尝试 2/3...
连接失败: 2003: Can't connect to MySQL server on 'localhost:13306' (61 Connection refused)
等待 5 秒后重试...
连接尝试 3/3...
连接失败: 2003: Can't connect to MySQL server on 'localhost:13306' (61 Connection refused)
达到最大重试次数，放弃连接
Traceback (most recent call last):
  File "/Users/yangsan/Library/Python/3.7/lib/python/site-packages/mysql/connector/network.py", line 600, in open_connection
    self.sock.connect(sockaddr)
ConnectionRefusedError: [Errno 61] Connection refused

The above exception was the direct cause of the following exception:

Traceback (most recent call last):
  File "mysql_to_txt.py", line 215, in <module>
    main()
  File "mysql_to_txt.py", line 178, in main
    connection = connect_to_mysql_with_retry()
  File "mysql_to_txt.py", line 32, in connect_to_mysql_with_retry
    connection = mysql.connector.connect(**DB_CONFIG)
  File "/Users/yangsan/Library/Python/3.7/lib/python/site-packages/mysql/connector/pooling.py", line 294, in connect
    return MySQLConnection(*args, **kwargs)
  File "/Users/yangsan/Library/Python/3.7/lib/python/site-packages/mysql/connector/connection.py", line 164, in __init__
    self.connect(**kwargs)
  File "/Users/yangsan/Library/Python/3.7/lib/python/site-packages/mysql/connector/abstracts.py", line 1181, in connect
    self._open_connection()
  File "/Users/yangsan/Library/Python/3.7/lib/python/site-packages/mysql/connector/connection.py", line 570, in _open_connection
    self._socket.open_connection()
  File "/Users/yangsan/Library/Python/3.7/lib/python/site-packages/mysql/connector/network.py", line 609, in open_connection
    ) from err
mysql.connector.errors.InterfaceError: 2003: Can't connect to MySQL server on 'localhost:13306' (61 Connection refused)
[2025-04-13 15:08:51] ✗ MySQL数据导出失败，错误代码: 1
[2025-04-13 15:08:51] 本次执行完成，将在5分钟后再次执行
[2025-04-13 15:08:51] --------------------------------------------
[2025-04-13 15:13:51] 开始新的迭代 - 2025-04-13 15:13:51
[2025-04-13 15:13:52] ================================================
[2025-04-13 15:13:52]       客服数据处理流程自动化脚本 v2.0 (后台定时版)
[2025-04-13 15:13:52] ================================================
[2025-04-13 15:13:52] 开始执行处理流程
[2025-04-13 15:13:52] === 步骤1: 从MySQL导出数据到TXT ===
[2025-04-13 15:13:52] 执行: python mysql_to_txt.py
开始从MySQL导出数据到文本文件...
连接尝试 1/3...
连接失败: 2003: Can't connect to MySQL server on 'localhost:13306' (61 Connection refused)
等待 5 秒后重试...
连接尝试 2/3...
连接失败: 2003: Can't connect to MySQL server on 'localhost:13306' (61 Connection refused)
等待 5 秒后重试...
连接尝试 3/3...
连接失败: 2003: Can't connect to MySQL server on 'localhost:13306' (61 Connection refused)
达到最大重试次数，放弃连接
Traceback (most recent call last):
  File "/Users/yangsan/Library/Python/3.7/lib/python/site-packages/mysql/connector/network.py", line 600, in open_connection
    self.sock.connect(sockaddr)
ConnectionRefusedError: [Errno 61] Connection refused

The above exception was the direct cause of the following exception:

Traceback (most recent call last):
  File "mysql_to_txt.py", line 215, in <module>
    main()
  File "mysql_to_txt.py", line 178, in main
    connection = connect_to_mysql_with_retry()
  File "mysql_to_txt.py", line 32, in connect_to_mysql_with_retry
    connection = mysql.connector.connect(**DB_CONFIG)
  File "/Users/yangsan/Library/Python/3.7/lib/python/site-packages/mysql/connector/pooling.py", line 294, in connect
    return MySQLConnection(*args, **kwargs)
  File "/Users/yangsan/Library/Python/3.7/lib/python/site-packages/mysql/connector/connection.py", line 164, in __init__
    self.connect(**kwargs)
  File "/Users/yangsan/Library/Python/3.7/lib/python/site-packages/mysql/connector/abstracts.py", line 1181, in connect
    self._open_connection()
  File "/Users/yangsan/Library/Python/3.7/lib/python/site-packages/mysql/connector/connection.py", line 570, in _open_connection
    self._socket.open_connection()
  File "/Users/yangsan/Library/Python/3.7/lib/python/site-packages/mysql/connector/network.py", line 609, in open_connection
    ) from err
mysql.connector.errors.InterfaceError: 2003: Can't connect to MySQL server on 'localhost:13306' (61 Connection refused)
[2025-04-13 15:14:02] ✗ MySQL数据导出失败，错误代码: 1
[2025-04-13 15:14:02] 本次执行完成，将在5分钟后再次执行
[2025-04-13 15:14:02] --------------------------------------------
[2025-04-13 15:19:02] 开始新的迭代 - 2025-04-13 15:19:02
[2025-04-13 15:19:02] ================================================
[2025-04-13 15:19:02]       客服数据处理流程自动化脚本 v2.0 (后台定时版)
[2025-04-13 15:19:02] ================================================
[2025-04-13 15:19:02] 开始执行处理流程
[2025-04-13 15:19:02] === 步骤1: 从MySQL导出数据到TXT ===
[2025-04-13 15:19:02] 执行: python mysql_to_txt.py
开始从MySQL导出数据到文本文件...
连接尝试 1/3...
连接失败: 2003: Can't connect to MySQL server on 'localhost:13306' (61 Connection refused)
等待 5 秒后重试...
连接尝试 2/3...
连接失败: 2003: Can't connect to MySQL server on 'localhost:13306' (61 Connection refused)
等待 5 秒后重试...
连接尝试 3/3...
连接失败: 2003: Can't connect to MySQL server on 'localhost:13306' (61 Connection refused)
达到最大重试次数，放弃连接
Traceback (most recent call last):
  File "/Users/yangsan/Library/Python/3.7/lib/python/site-packages/mysql/connector/network.py", line 600, in open_connection
    self.sock.connect(sockaddr)
ConnectionRefusedError: [Errno 61] Connection refused

The above exception was the direct cause of the following exception:

Traceback (most recent call last):
  File "mysql_to_txt.py", line 215, in <module>
    main()
  File "mysql_to_txt.py", line 178, in main
    connection = connect_to_mysql_with_retry()
  File "mysql_to_txt.py", line 32, in connect_to_mysql_with_retry
    connection = mysql.connector.connect(**DB_CONFIG)
  File "/Users/yangsan/Library/Python/3.7/lib/python/site-packages/mysql/connector/pooling.py", line 294, in connect
    return MySQLConnection(*args, **kwargs)
  File "/Users/yangsan/Library/Python/3.7/lib/python/site-packages/mysql/connector/connection.py", line 164, in __init__
    self.connect(**kwargs)
  File "/Users/yangsan/Library/Python/3.7/lib/python/site-packages/mysql/connector/abstracts.py", line 1181, in connect
    self._open_connection()
  File "/Users/yangsan/Library/Python/3.7/lib/python/site-packages/mysql/connector/connection.py", line 570, in _open_connection
    self._socket.open_connection()
  File "/Users/yangsan/Library/Python/3.7/lib/python/site-packages/mysql/connector/network.py", line 609, in open_connection
    ) from err
mysql.connector.errors.InterfaceError: 2003: Can't connect to MySQL server on 'localhost:13306' (61 Connection refused)
[2025-04-13 15:19:12] ✗ MySQL数据导出失败，错误代码: 1
[2025-04-13 15:19:12] 本次执行完成，将在5分钟后再次执行
[2025-04-13 15:19:12] --------------------------------------------
[2025-04-13 15:24:13] 开始新的迭代 - 2025-04-13 15:24:12
[2025-04-13 15:24:13] ================================================
[2025-04-13 15:24:13]       客服数据处理流程自动化脚本 v2.0 (后台定时版)
[2025-04-13 15:24:13] ================================================
[2025-04-13 15:24:13] 开始执行处理流程
[2025-04-13 15:24:13] === 步骤1: 从MySQL导出数据到TXT ===
[2025-04-13 15:24:13] 执行: python mysql_to_txt.py
开始从MySQL导出数据到文本文件...
连接尝试 1/3...
连接失败: 2003: Can't connect to MySQL server on 'localhost:3306' (61 Connection refused)
等待 5 秒后重试...
连接尝试 2/3...
连接失败: 2003: Can't connect to MySQL server on 'localhost:3306' (61 Connection refused)
等待 5 秒后重试...
连接尝试 3/3...
连接失败: 2003: Can't connect to MySQL server on 'localhost:3306' (61 Connection refused)
达到最大重试次数，放弃连接
Traceback (most recent call last):
  File "/Users/yangsan/Library/Python/3.7/lib/python/site-packages/mysql/connector/network.py", line 600, in open_connection
    self.sock.connect(sockaddr)
ConnectionRefusedError: [Errno 61] Connection refused

The above exception was the direct cause of the following exception:

Traceback (most recent call last):
  File "mysql_to_txt.py", line 185, in <module>
    main()
  File "mysql_to_txt.py", line 148, in main
    connection = connect_to_mysql_with_retry()
  File "mysql_to_txt.py", line 31, in connect_to_mysql_with_retry
    connection = mysql.connector.connect(**DB_CONFIG)
  File "/Users/yangsan/Library/Python/3.7/lib/python/site-packages/mysql/connector/pooling.py", line 294, in connect
    return MySQLConnection(*args, **kwargs)
  File "/Users/yangsan/Library/Python/3.7/lib/python/site-packages/mysql/connector/connection.py", line 164, in __init__
    self.connect(**kwargs)
  File "/Users/yangsan/Library/Python/3.7/lib/python/site-packages/mysql/connector/abstracts.py", line 1181, in connect
    self._open_connection()
  File "/Users/yangsan/Library/Python/3.7/lib/python/site-packages/mysql/connector/connection.py", line 570, in _open_connection
    self._socket.open_connection()
  File "/Users/yangsan/Library/Python/3.7/lib/python/site-packages/mysql/connector/network.py", line 609, in open_connection
    ) from err
mysql.connector.errors.InterfaceError: 2003: Can't connect to MySQL server on 'localhost:3306' (61 Connection refused)
[2025-04-13 15:24:23] ✗ MySQL数据导出失败，错误代码: 1
[2025-04-13 15:24:23] 本次执行完成，将在5分钟后再次执行
[2025-04-13 15:24:23] --------------------------------------------
[2025-04-13 15:29:23] 开始新的迭代 - 2025-04-13 15:29:23
[2025-04-13 15:29:23] ================================================
[2025-04-13 15:29:23]       客服数据处理流程自动化脚本 v2.0 (后台定时版)
[2025-04-13 15:29:23] ================================================
[2025-04-13 15:29:23] 开始执行处理流程
[2025-04-13 15:29:23] === 步骤1: 从MySQL导出数据到TXT ===
[2025-04-13 15:29:23] 执行: python mysql_to_txt.py
开始从MySQL导出数据到文本文件...
连接尝试 1/3...
连接成功!
数据库中的表: chat_records, messages
执行查询: SELECT * FROM chat_records ORDER BY id DESC
成功从 chat_records 获取 1 条记录
正在保存数据到文件: input.txt
数据已成功保存到 input.txt
文件大小: 137 字节
数据导出完成!
数据库连接已关闭
[2025-04-13 15:29:25] ✓ MySQL数据成功导出到input.txt
[2025-04-13 15:29:25] === 步骤2: 使用GPT处理TXT数据并生成JSON ===
[2025-04-13 15:29:25] 执行: python text_to_json.py
开始处理文件: input.txt
成功读取文件: input.txt
文件大小: 137 字节
文件包含 1 行数据
API URL: https://edgenesis-openai-sc-01.openai.azure.com/openai/deployments/gpt-4o/chat/completions?api-version=2024-08-01-preview
开始处理文本数据...
总共读取了 1 行数据
正在调用Azure OpenAI API处理文本...
API调用成功，正在解析JSON响应...
准备保存JSON数据到: output.json
生成的JSON记录数量: issues=1, sales=0, 总计=1
JSON数据已成功保存到: output.json
文件大小: 375 字节
验证成功: 输出文件 output.json 已创建并包含数据

==================================================
处理完成! 总共生成 1 条记录:
- 问题反馈: 1 条
- 销售数据: 0 条
==================================================

[2025-04-13 15:29:29] ✓ TXT数据成功处理并生成output.json
[2025-04-13 15:29:29] === 步骤3: 将JSON数据导入到SQLite ===
[2025-04-13 15:29:29] 执行: python json_to_sqlite.py
正在将JSON数据 (output.json) 导入到SQLite数据库 (customer_service.db)...
删除现有数据库文件: customer_service.db
成功导入 1 条问题反馈数据

数据库信息:
- 数据库文件: customer_service.db
- 文件大小: 16384 字节
- 问题反馈记录: 1 条
- 销售数据记录: 0 条
- 总记录数: 1 条

数据导入完成!
[2025-04-13 15:29:29] ✓ JSON数据成功导入到customer_service.db
[2025-04-13 15:29:29] === 步骤4: 将SQLite数据上传到飞书 ===
[2025-04-13 15:29:29] 执行: python sqlite_to_feishu.py
正在从SQLite数据库读取数据: customer_service.db
成功读取数据: 问题反馈 1 条, 销售数据 0 条
令牌已过期，使用token_manager.py刷新...
令牌状态: 已过期
上次更新: 2025-03-07 16:37:36
过期时间: 2025-03-07 18:10:14
开始更新飞书访问令牌 (配置文件: feishu_config.json)...
正在请求新的访问令牌...
访问令牌已更新!
新令牌: t-g1044dft...Q245XTHY7L
有效期: 7200 秒
更新时间: 2025-04-13 15:29:31
过期时间: 2025-04-13 17:28:31

令牌已刷新: t-g1044dft...Q245XTHY7L
已切换到应用访问令牌
✅ 权限验证成功! 可以访问多维表格: 未命名
正在删除问题反馈表中的现有记录...
找到 27 条记录需要删除
成功删除批次 1/1
删除完成: 成功 27/27 条
问题反馈数据共 1 条，将分 1 批上传
成功上传问题反馈数据批次 1/1
问题反馈数据上传完成: 成功 1/1 条

==================================================
上传统计:
- 问题反馈: 1/1 条
- 销售数据: 0/0 条
- 总记录数: 1/1 条
- 总耗时: 11.20 秒
==================================================

数据上传完成!
[2025-04-13 15:29:40] ✓ SQLite数据成功上传到飞书
[2025-04-13 15:29:40] ================================================
[2025-04-13 15:29:40]       数据处理流程全部完成!
[2025-04-13 15:29:40] ================================================
[2025-04-13 15:29:40] 数据流: MySQL -> input.txt -> output.json -> customer_service.db -> 飞书
[2025-04-13 15:29:40] 本次执行完成，将在5分钟后再次执行
[2025-04-13 15:29:40] --------------------------------------------
